// SPDX-License-Identifier: GPL-3.0-or-later
// Derived from giulioz/rdpiano and MAME; copyright is shared with their authors.
// See instruments/PicoFaceRD/README.md.

#include "rom_tables.h"

#if defined(TARGET_RP2350) || defined(PICO_PLATFORM)
#define EXP_BINARY_FLASH_DATA_ATTR __attribute__((aligned(4), section(".rodata")))
#else
#define EXP_BINARY_FLASH_DATA_ATTR
#endif

const uint8_t rd_program_rom[0x2000] EXP_BINARY_FLASH_DATA_ATTR = {
0xCE,0x00,0x20,0xCC,0x01,0x4D,0x6F,0x00,0x08,0x83,0x00,0x01,0x26,0xF8,0x39,0x0F,
0x8E,0x01,0xFF,0x4F,0x97,0x02,0x86,0xFF,0x97,0x00,0x86,0x0C,0x97,0x03,0x86,0x1C,
0x97,0x01,0x86,0x12,0x97,0x08,0xCE,0x10,0x00,0xCC,0x10,0x00,0x8D,0xD8,0x8D,0xD0,
0xCE,0x02,0x00,0xCC,0x03,0xC0,0x8D,0xCE,0xCE,0x02,0x00,0x86,0xFF,0xA7,0x00,0x18,
0xC3,0x00,0x06,0x18,0x8C,0x05,0xC0,0x25,0xF4,0x4F,0x97,0xBB,0x4F,0xB7,0xE0,0x00,
0xCE,0x40,0x00,0xE6,0x00,0xEE,0x01,0xF7,0xE0,0x00,0xA6,0x00,0x97,0xBA,0x84,0x04,
0x26,0x02,0x86,0x08,0xD6,0x03,0xC4,0xF3,0x1B,0x97,0x03,0x18,0xDD,0xA5,0xC3,0x01,
0x00,0xDD,0xA7,0xC3,0x08,0x1F,0xDD,0xA9,0xCE,0x10,0x00,0xCC,0x00,0x01,0xED,0x04,
0xDF,0xB1,0xED,0x06,0xDC,0xB1,0xED,0x00,0xCC,0x00,0x00,0xED,0x02,0x18,0xC3,0x00,
0x10,0x18,0x8C,0x20,0x00,0x25,0xE4,0xCE,0x10,0x00,0xCC,0xFF,0x01,0xED,0x06,0x18,
0x4C,0x18,0x8C,0x20,0x00,0x25,0xF6,0x4F,0x4A,0x26,0xFD,0xCE,0x10,0x00,0x5F,0xED,
0x04,0x18,0xC3,0x00,0x10,0x18,0x8C,0x20,0x00,0x25,0xF4,0x4F,0x97,0x00,0x0E,0x20,
0x00,0xBD,0xE3,0x72,0xDE,0xE3,0x9C,0xE5,0x27,0xF7,0xDF,0xE5,0x8D,0x02,0x20,0xF1,
0xCE,0x00,0x00,0xDF,0xE7,0xCE,0x02,0x00,0xDF,0xE9,0xCE,0x10,0x00,0xDF,0xEB,0xDE,
0xE7,0xA6,0x70,0x08,0xDF,0xE7,0x4D,0x26,0x10,0xDC,0xEB,0xC3,0x01,0x00,0xDD,0xEB,
0xDC,0xE9,0xC3,0x00,0x3C,0xDD,0xE9,0x20,0x21,0xDE,0xE9,0x0F,0xEC,0x04,0x18,0xC3,
0x00,0x06,0x18,0xDF,0xE9,0xD3,0xE5,0xDE,0xEB,0xED,0x00,0x0E,0x18,0xCB,0x10,0xDD,
0xEB,0xC1,0xA0,0x25,0xE4,0xC3,0x00,0x60,0xDD,0xEB,0x18,0x8C,0x20,0x00,0x25,0xBF,
0x39,0x4F,0x97,0x00,0x7B,0x01,0x03,0x26,0xFB,0x96,0x02,0x72,0x10,0x03,0x97,0xDC,
0x2A,0x02,0x8D,0x23,0xD6,0xDC,0xC4,0xF0,0x54,0x54,0x54,0xCE,0xE1,0x6E,0x3A,0xEE,
0x00,0xAD,0x00,0xC6,0xFF,0xD1,0x02,0x26,0xFA,0x96,0xA3,0x26,0x02,0xD7,0x00,0xD6,
0x08,0xDC,0x0D,0x71,0xEF,0x03,0x3B,0x7B,0x01,0x03,0x27,0xFB,0x96,0x02,0x71,0xEF,
0x03,0x7B,0x01,0x03,0x26,0xFB,0xD6,0x02,0x72,0x10,0x03,0xDD,0xE1,0x39,0xEB,0xB7,
0xE3,0x72,0x00,0x00,0xE1,0x9B,0xE3,0x4C,0xE4,0x4F,0xE3,0xFD,0xE3,0xF2,0xE7,0x7D,
0xE3,0x72,0xE7,0x77,0xE5,0x56,0xE5,0xA1,0xE5,0x9D,0xE1,0x8E,0xED,0xBD,0xDC,0xE1,
0x58,0x04,0x85,0x20,0x27,0x02,0x8A,0xC0,0xDD,0xE3,0x39,0x4F,0x97,0xA3,0x97,0x02,
0xBD,0xE2,0x6C,0xD6,0xDC,0xC4,0x07,0xD7,0xBB,0x4F,0xB7,0xE0,0x00,0xCE,0x40,0x00,
0x3A,0x3A,0x3A,0xA6,0x00,0xEE,0x01,0xB7,0xE0,0x00,0x18,0xDD,0xA5,0xC3,0x01,0x00,
0xDD,0xA7,0xC3,0x08,0x1F,0xDD,0xA9,0xDE,0xA5,0xC6,0xFF,0xD7,0xA4,0xE6,0x00,0xD7,
0xBA,0xC5,0x04,0x26,0x0C,0x71,0xFB,0x03,0x72,0x08,0x03,0x86,0x0A,0xC6,0x02,0x20,
0x0A,0x72,0x04,0x03,0x71,0xF7,0x03,0x86,0x10,0xC6,0x03,0x97,0x93,0xD7,0x8F,0xCE,
0xE2,0x54,0xD6,0xBB,0x3A,0x3A,0x3A,0xA6,0x00,0x97,0xBC,0xEC,0x01,0x7D,0x00,0xBD,
0x27,0x02,0x4F,0x5F,0x97,0xBE,0xD7,0xBF,0x4F,0x97,0xA2,0x97,0xA0,0x97,0xA1,0x86,
0x00,0x97,0x9E,0xCC,0x00,0x00,0xDD,0x94,0xDD,0x96,0xDD,0x98,0xDD,0x9A,0xDD,0x9C,
0x97,0x90,0x97,0x8C,0x97,0x8E,0x97,0x92,0x4F,0xCE,0x00,0xED,0xA7,0x00,0x08,0x8C,
0x01,0x6D,0x25,0xF8,0x86,0xFF,0x97,0x80,0x97,0x81,0x97,0x82,0x97,0x83,0x5F,0x86,
0xFF,0xDE,0x94,0xE7,0x20,0xE7,0x30,0x6F,0x50,0x6F,0x70,0xA7,0x60,0x5C,0x08,0xC1,
0x10,0x25,0xF0,0x39,0x03,0x5A,0x06,0x03,0x5A,0x08,0x03,0x5A,0x06,0x00,0x00,0x00,
0x00,0x00,0x00,0x00,0x00,0x00,0x00,0x00,0x00,0x00,0x00,0x00,0xD6,0x08,0xDC,0x0D,
0x4F,0x97,0x91,0xCC,0x02,0x00,0xDD,0xB5,0xCC,0x10,0x00,0xDD,0xB1,0xDE,0x90,0xA6,
0x70,0x27,0x07,0x86,0x0A,0xA7,0x70,0xBD,0xE3,0x2C,0x96,0x91,0x4C,0x81,0x10,0x24,
0x10,0x97,0x91,0x96,0xB1,0x4C,0x97,0xB1,0xDC,0xB5,0xC3,0x00,0x3C,0xDD,0xB5,0x20,
0xDC,0x0E,0xCE,0x00,0x00,0x86,0x1E,0x97,0xDB,0xA6,0x70,0xAA,0x71,0xAA,0x72,0xAA,
0x73,0xAA,0x74,0xAA,0x75,0xAA,0x76,0xAA,0x77,0xAA,0x78,0xAA,0x79,0xAA,0x7A,0xAA,
0x7B,0xAA,0x7C,0xAA,0x7D,0xAA,0x7E,0xAA,0x7F,0x27,0x5F,0x7A,0x00,0xDB,0x26,0xD9,
0x0F,0x4F,0x97,0x91,0xCC,0x10,0x00,0xDD,0xB1,0xDE,0x90,0xA6,0x70,0x27,0x0C,0x86,
0x0A,0xA7,0x70,0xCC,0x00,0xFF,0xDE,0xB1,0xBD,0xEC,0x84,0x96,0x91,0x4C,0x81,0x10,
0x24,0x09,0x97,0x91,0x96,0xB1,0x4C,0x97,0xB1,0x20,0xDE,0x0E,0xCE,0x00,0x00,0x86,
0x1E,0x97,0xDB,0xA6,0x70,0xAA,0x71,0xAA,0x72,0xAA,0x73,0xAA,0x74,0xAA,0x75,0xAA,
0x76,0xAA,0x77,0xAA,0x78,0xAA,0x79,0xAA,0x7A,0xAA,0x7B,0xAA,0x7C,0xAA,0x7D,0xAA,
0x7E,0xAA,0x7F,0x27,0x05,0x7A,0x00,0xDB,0x26,0xD9,0x0F,0x39,0xDE,0xB5,0x4F,0x5F,
0xED,0x02,0xED,0x08,0xED,0x0E,0xED,0x14,0xED,0x1A,0xED,0x20,0xED,0x26,0xED,0x2C,
0xED,0x32,0xED,0x38,0xCC,0x00,0xFC,0xDE,0xB1,0x7E,0xEC,0x84,0x86,0x01,0x97,0xA3,
0xBD,0xE1,0xA0,0x7B,0x01,0x03,0x27,0xFB,0x96,0x93,0x97,0x02,0x86,0xFF,0x97,0x00,
0xD6,0x08,0xDC,0x0D,0x71,0xEF,0x03,0x7B,0x01,0x03,0x26,0xFB,0x4F,0x97,0x00,0x31,
0x31,0x3B,0xD6,0xA3,0x26,0x18,0xCE,0x00,0x00,0x0F,0xA6,0x50,0x85,0x01,0x27,0x06,
0xE6,0x70,0x26,0x04,0x20,0x09,0x6F,0x70,0x0E,0x08,0x9C,0x92,0x25,0xEB,0x39,0x7A,
0x00,0x02,0xDF,0x90,0x84,0xFE,0x27,0x1E,0x2B,0x06,0xE6,0x60,0x2A,0x10,0x20,0x13,
0xE6,0x30,0x86,0x00,0x18,0x61,0xC0,0xED,0xDE,0x90,0xE6,0x60,0x2B,0x02,0x8D,0x14,
0xBD,0xE5,0x35,0xBD,0xE5,0x40,0x96,0x91,0xBD,0xE5,0x06,0xBD,0xE5,0x4B,0xDE,0x90,
0x6F,0x50,0x20,0xC4,0xD7,0x8D,0xC6,0xFF,0xE7,0x60,0xDE,0x8C,0x9C,0x8E,0x24,0x17,
0xA6,0x81,0xA7,0x80,0x2B,0x18,0xA6,0x89,0xA7,0x88,0xE6,0x85,0xE7,0x84,0x86,0x00,
0x18,0x6A,0x60,0x18,0x08,0x20,0xE5,0xCC,0xFF,0xFF,0xA7,0x80,0xE7,0x84,0xBD,0xE5,
0x2A,0x39,0x96,0xDC,0x84,0x0F,0x27,0x02,0x86,0x80,0x97,0xA1,0x39,0x96,0xDC,0x84,
0x0F,0x26,0x3B,0xCE,0x00,0x00,0xDF,0x90,0xE6,0x50,0xC5,0x40,0x27,0x08,0xC5,0xA0,
0x27,0x0A,0xC4,0xBF,0xE7,0x50,0x08,0x9C,0x92,0x25,0xEB,0x39,0xC4,0xBF,0xE7,0x50,
0xE6,0x70,0x27,0x05,0xBD,0xEB,0xBF,0xDE,0x90,0xE6,0x60,0x2B,0x05,0x8D,0x95,0xBD,
0xE5,0x35,0x96,0x91,0xBD,0xE5,0x02,0xBD,0xE5,0x40,0xDE,0x90,0x20,0xD8,0xCE,0x00,
0x00,0xE6,0x50,0x2A,0x04,0xCA,0x40,0xE7,0x50,0x08,0x9C,0x92,0x25,0xF3,0x39,0x96,
0xDC,0x84,0x0F,0x26,0x5A,0x97,0xA0,0xCE,0x00,0x00,0xDF,0x90,0xE6,0x50,0xC5,0xC0,
0x26,0x04,0xC5,0x20,0x26,0x0A,0xC4,0xCF,0xE7,0x50,0x08,0x9C,0x92,0x25,0xEB,0x39,
0xC4,0xCF,0xE7,0x50,0xE6,0x70,0x27,0x22,0xBD,0xEB,0x3F,0xDE,0x90,0xA6,0x30,0x91,
0xBE,0x22,0x17,0xE6,0x60,0x2B,0x0E,0x86,0x00,0x18,0xE6,0x88,0xC0,0x28,0x24,0x01,
0x5F,0xE7,0x88,0xDE,0x90,0x62,0x10,0x50,0x20,0xD0,0xE6,0x60,0x2B,0x06,0xBD,0xE3,
0xC4,0xBD,0xE5,0x35,0x96,0x91,0x8D,0x5A,0xBD,0xE5,0x40,0xDE,0x90,0x20,0xBB,0x86,
0x20,0x97,0xA0,0xCE,0x00,0x00,0xE6,0x50,0xC5,0xC0,0x26,0x30,0xC5,0x10,0x27,0x30,
0x6D,0x70,0x27,0x0F,0xC4,0xEF,0xCA,0x20,0xE7,0x50,0xDF,0x90,0xBD,0xE6,0xD1,0xDE,
0x90,0x20,0x1D,0xC4,0xEF,0xE7,0x50,0xDF,0x90,0xE6,0x60,0x2B,0x05,0xBD,0xE3,0xC4,
0x8D,0x53,0x96,0x91,0x8D,0x1C,0x8D,0x58,0xDE,0x90,0x20,0x04,0xCA,0x20,0xE7,0x50,
0x08,0x9C,0x92,0x25,0xC1,0x39,0xDE,0x94,0x20,0x0E,0xDE,0x96,0x20,0x0A,0xDE,0x98,
0x20,0x06,0xDE,0x9A,0x20,0x02,0xDE,0x9C,0x16,0xA6,0x20,0xE7,0x20,0x91,0x91,0x27,
0xE4,0x08,0x9C,0x92,0x25,0xF2,0xCE,0x00,0x00,0x20,0xED,0xDE,0x94,0xE6,0x20,0x08,
0x9C,0x92,0x25,0x03,0xCE,0x00,0x00,0xDF,0x94,0x39,0xD6,0x97,0x5C,0xD1,0x93,0x25,
0x01,0x5F,0xD7,0x97,0x39,0xD6,0x99,0x5C,0xD1,0x93,0x25,0x01,0x5F,0xD7,0x99,0x39,
0xD6,0x9B,0x5C,0xD1,0x93,0x25,0x01,0x5F,0xD7,0x9B,0x39,0xD6,0x9D,0x5C,0xD1,0x93,
0x25,0x01,0x5F,0xD7,0x9D,0x39,0x96,0xE1,0x97,0x9F,0xDE,0x9E,0xA6,0xED,0x2A,0x3C,
0x84,0x7F,0x61,0x40,0xED,0x85,0x20,0x27,0x33,0x84,0x0F,0x97,0x91,0xDE,0x90,0xE6,
0x50,0xC4,0x7F,0xE7,0x50,0xC5,0x60,0x27,0x0A,0x6D,0x60,0x2A,0x1F,0xBD,0xE4,0xFE,
0x8D,0xB3,0x39,0xE6,0x60,0x2B,0x05,0xBD,0xE3,0xC4,0x96,0x91,0xBD,0xE5,0x02,0x8D,
0xAF,0x8D,0xA2,0xDE,0x90,0x6D,0x70,0x27,0x03,0x7E,0xEB,0xBF,0x39,0x86,0x40,0x20,
0x01,0x4F,0x97,0xA2,0x86,0xFF,0x91,0x02,0x26,0xFC,0x97,0x00,0x96,0xA1,0x27,0x0E,
0xD6,0xE2,0x86,0xF7,0x3D,0x16,0x96,0xE1,0xDE,0xA5,0xCB,0x80,0x20,0x04,0xDC,0xE1,
0xDE,0xA5,0x3A,0xE6,0x00,0xD7,0xC0,0x97,0x9F,0xBD,0xE5,0x1B,0xD7,0x91,0xDE,0x9E,
0xCA,0xA0,0xE7,0xED,0xDE,0x90,0xD6,0xC0,0xE7,0x40,0x7C,0x00,0x02,0xE6,0x50,0x27,
0x1E,0x2B,0x06,0xC5,0x70,0x26,0x0D,0x20,0x0E,0xE6,0x30,0x86,0x00,0x18,0x61,0x40,
0xED,0xBD,0xE5,0x35,0xBD,0xE5,0x40,0xBD,0xE5,0x4B,0x7A,0x00,0x02,0xDE,0x90,0x96,
0xA2,0x9A,0xA0,0x8A,0x81,0xA7,0x50,0x96,0x9F,0xA7,0x30,0xD6,0x91,0x8D,0x47,0x96,
0x9F,0x80,0x0F,0x24,0x04,0x8B,0x0C,0x24,0xFC,0x81,0x62,0x23,0x04,0x80,0x0C,0x20,
0xF8,0xBD,0xE7,0x9B,0x31,0x31,0x7E,0xE1,0x4F,0xA6,0x88,0x80,0x0A,0x25,0x04,0x91,
0xC0,0x24,0x35,0xE6,0x84,0x37,0x86,0x00,0x18,0x62,0xFF,0x60,0x18,0xDC,0x90,0xE7,
0x84,0x18,0xE7,0x60,0x33,0x3C,0xD7,0x91,0x17,0xBD,0xE4,0xFE,0xBD,0xE5,0x2A,0xBD,
0xE5,0x35,0x38,0xDF,0x90,0x39,0x81,0x48,0x22,0x0E,0xCE,0x00,0x00,0xA1,0x80,0x27,
0xC8,0x25,0x0D,0x08,0x9C,0x8E,0x23,0xF5,0x17,0xBD,0xE4,0xFA,0xBD,0xE5,0x2A,0x39,
0x6D,0x80,0x2A,0x0E,0xA7,0x80,0xE7,0x84,0x96,0xC0,0xA7,0x88,0x86,0x00,0x18,0xE7,
0x60,0x39,0xDF,0x8C,0xDE,0x8E,0x6D,0x80,0x2B,0x24,0xA6,0x84,0xD6,0x91,0x37,0x97,
0x91,0xC6,0xFF,0xDE,0x90,0xE7,0x60,0x6D,0x50,0x2A,0x05,0xBD,0xE4,0xFA,0x20,0x06,
0xBD,0xE4,0xFE,0xBD,0xE5,0x35,0xBD,0xE5,0x2A,0x33,0xD7,0x91,0xDE,0x8E,0x9C,0x8C,
0x23,0x19,0x09,0xA6,0x80,0x2B,0x10,0xA7,0x81,0xA6,0x88,0xA7,0x89,0xE6,0x84,0xE7,
0x85,0x86,0x00,0x18,0x6C,0x60,0x18,0x9C,0x8C,0x22,0xE7,0x96,0x9F,0xD6,0x91,0x20,
0xA3,0x86,0x0A,0xA7,0x70,0x96,0x91,0xC6,0x3C,0x3D,0xC3,0x02,0x00,0xDD,0xB5,0x86,
0x40,0x97,0xC6,0x5F,0x96,0x91,0x8B,0x10,0x18,0x9F,0xB3,0x35,0x4F,0xDE,0xB5,0xE6,
0x00,0xC4,0x7F,0x54,0xCB,0x00,0xCA,0x80,0x30,0xED,0x04,0xDE,0xB5,0xE6,0x06,0xC4,
0x7F,0x54,0xCB,0x00,0xCA,0x80,0x30,0xED,0x14,0xDE,0xB5,0xE6,0x0C,0xC4,0x7F,0x54,
0xCB,0x01,0xCA,0x80,0x30,0xED,0x24,0xDE,0xB5,0xE6,0x12,0xC4,0x7F,0x54,0xCB,0x02,
0xCA,0x80,0x30,0xED,0x34,0xDE,0xB5,0xE6,0x18,0xC4,0x7F,0x54,0xCB,0x03,0xCA,0x80,
0x30,0xED,0x44,0xDE,0xB5,0xE6,0x1E,0xC4,0x7F,0x54,0xCB,0x04,0xCA,0x80,0x30,0xED,
0x54,0xDE,0xB5,0xE6,0x24,0xC4,0x7F,0x54,0xCB,0x05,0xCA,0x80,0x30,0xED,0x64,0xDE,
0xB5,0xE6,0x2A,0xC4,0x7F,0x54,0xCB,0x06,0xCA,0x80,0x30,0xED,0x74,0xDE,0xB5,0xE6,
0x30,0x30,0xED,0x84,0xDE,0xB5,0xE6,0x36,0x30,0xED,0x94,0x9E,0xB3,0x39,0xD7,0xA4,
0xC6,0xFF,0x4F,0x97,0xE1,0x20,0x16,0xDC,0xE1,0xCB,0x80,0x20,0x02,0xDC,0xE1,0x7B,
0x02,0xA3,0x26,0xEA,0x80,0x0F,0x97,0xE1,0xDE,0xA5,0x3A,0xE6,0x00,0xDE,0x90,0xD7,
0xC0,0xE7,0x40,0x96,0xDC,0x84,0x0F,0x97,0x91,0x96,0xE1,0xC6,0x15,0x3D,0xD3,0xA7,
0x18,0xE6,0x00,0x08,0xDF,0xAD,0x86,0x46,0x3D,0xD3,0xA9,0xDD,0xAF,0x96,0x91,0x8B,
0x10,0x5F,0xDD,0xB1,0x84,0x0F,0xC6,0x3C,0x3D,0xC3,0x02,0x00,0xDD,0xB5,0xCE,0x00,
0x00,0xD6,0xC0,0x2A,0x02,0x08,0x08,0xDF,0xC4,0x58,0xD7,0xC2,0x54,0x54,0xD7,0xC1,
0xDE,0x90,0xA6,0x70,0x27,0x03,0xBD,0xEC,0xAB,0xC6,0x0A,0xE7,0x70,0x9F,0xB3,0xDE,
0xB1,0x4F,0xD6,0xA4,0xED,0x06,0x20,0x00,0xED,0x16,0x20,0x00,0xED,0x26,0x20,0x00,
0xED,0x36,0x20,0x00,0xED,0x46,0x20,0x00,0xED,0x56,0x20,0x00,0xED,0x66,0x20,0x00,
0xED,0x76,0x20,0x00,0xED,0x86,0x20,0x00,0xED,0x96,0x35,0xDE,0xAD,0xEC,0x00,0xDE,
0xB5,0xED,0x04,0xD3,0xE5,0x30,0xED,0x00,0xDE,0xAD,0xEC,0x02,0xDE,0xB5,0xED,0x0A,
0xD3,0xE5,0x30,0xED,0x10,0xDE,0xAD,0xEC,0x04,0xDE,0xB5,0xED,0x10,0xD3,0xE5,0x30,
0xED,0x20,0xDE,0xAD,0xEC,0x06,0xDE,0xB5,0xED,0x16,0xD3,0xE5,0x30,0xED,0x30,0xDE,
0xAD,0xEC,0x08,0xDE,0xB5,0xED,0x1C,0xD3,0xE5,0x30,0xED,0x40,0xDE,0xAD,0xEC,0x0A,
0xDE,0xB5,0xED,0x22,0xD3,0xE5,0x30,0xED,0x50,0xDE,0xAD,0xEC,0x0C,0xDE,0xB5,0xED,
0x28,0xD3,0xE5,0x30,0xED,0x60,0xDE,0xAD,0xEC,0x0E,0xDE,0xB5,0xED,0x2E,0xD3,0xE5,
0x30,0xED,0x70,0xDE,0xAD,0xEC,0x10,0xDE,0xB5,0xED,0x34,0xD3,0xE5,0x30,0xED,0x80,
0xDE,0xAD,0xEC,0x12,0xDE,0xB5,0xED,0x3A,0xD3,0xE5,0x30,0xED,0x90,0xDE,0xAF,0xEC,
0x00,0xDB,0xB9,0x30,0xED,0x02,0xDE,0xAF,0xEC,0x07,0x30,0xED,0x12,0xDE,0xAF,0xEC,
0x0E,0x30,0xED,0x22,0xDE,0xAF,0xEC,0x15,0x30,0xED,0x32,0xDE,0xAF,0xEC,0x1C,0x30,
0xED,0x42,0xDE,0xAF,0xEC,0x23,0x30,0xED,0x52,0xDE,0xAF,0xEC,0x2A,0x30,0xED,0x62,
0xDE,0xAF,0xEC,0x31,0x30,0xED,0x72,0xDE,0xAF,0xEC,0x38,0x30,0xED,0x82,0xDE,0xAF,
0xEC,0x3F,0x30,0xED,0x92,0xDE,0xB5,0x35,0xDE,0xAF,0xE6,0x06,0x30,0xE7,0x00,0xDE,
0xAF,0xE6,0x0D,0x30,0xE7,0x06,0xDE,0xAF,0xE6,0x14,0x30,0xE7,0x0C,0xDE,0xAF,0xE6,
0x1B,0x30,0xE7,0x12,0xDE,0xAF,0xE6,0x22,0x30,0xE7,0x18,0xDE,0xAF,0xE6,0x29,0x30,
0xE7,0x1E,0xDE,0xAF,0xE6,0x30,0x30,0xE7,0x24,0xDE,0xAF,0xE6,0x37,0x30,0xE7,0x2A,
0xDE,0xAF,0xE6,0x3E,0x30,0xE7,0x30,0xDE,0xAF,0xE6,0x45,0x30,0xE7,0x36,0x9E,0xB3,
0xDE,0xAF,0x96,0xC0,0x2B,0x01,0x08,0xDF,0xAB,0xDE,0xAB,0xE6,0x04,0xCE,0xED,0x9D,
0x3A,0xEE,0x00,0xD6,0xC1,0x3A,0xE6,0x00,0xDE,0xB5,0xE7,0x01,0xD7,0xC3,0xDE,0xAF,
0xEC,0x02,0x26,0x07,0xDE,0xB5,0xED,0x02,0x5C,0x20,0x0A,0xDE,0xB5,0xD3,0xC4,0xED,
0x02,0x18,0xBD,0xEB,0x16,0xDE,0xB1,0xED,0x04,0xDE,0xAB,0xE6,0x0B,0xCE,0xED,0x9D,
0x3A,0xEE,0x00,0xD6,0xC1,0x3A,0xE6,0x00,0xDE,0xB5,0xE7,0x07,0xD7,0xC3,0xBD,0xEB,
0x16,0xDE,0xAF,0xEC,0x09,0x26,0x07,0xDE,0xB5,0xED,0x08,0x5C,0x20,0x0A,0xDE,0xB5,
0xD3,0xC4,0xED,0x08,0x18,0xBD,0xEB,0x16,0xDE,0xB1,0xED,0x14,0xDE,0xAB,0xE6,0x12,
0xCE,0xED,0x9D,0x3A,0xEE,0x00,0xD6,0xC1,0x3A,0xE6,0x00,0xDE,0xB5,0xE7,0x0D,0xD7,
0xC3,0xDE,0xAF,0xEC,0x10,0x26,0x07,0xDE,0xB5,0xED,0x0E,0x5C,0x20,0x0A,0xDE,0xB5,
0xD3,0xC4,0xED,0x0E,0x18,0xBD,0xEB,0x16,0xDE,0xB1,0xED,0x24,0xDE,0xAB,0xE6,0x19,
0xCE,0xED,0x9D,0x3A,0xEE,0x00,0xD6,0xC1,0x3A,0xE6,0x00,0xDE,0xB5,0xE7,0x13,0xD7,
0xC3,0xDE,0xAF,0xEC,0x17,0x26,0x07,0xDE,0xB5,0xED,0x14,0x5C,0x20,0x0A,0xDE,0xB5,
0xD3,0xC4,0xED,0x14,0x18,0xBD,0xEB,0x16,0xDE,0xB1,0xED,0x34,0xDE,0xAB,0xE6,0x20,
0xCE,0xED,0x9D,0x3A,0xEE,0x00,0xD6,0xC1,0x3A,0xE6,0x00,0xDE,0xB5,0xE7,0x19,0xD7,
0xC3,0xDE,0xAF,0xEC,0x1E,0x26,0x07,0xDE,0xB5,0xED,0x1A,0x5C,0x20,0x0A,0xDE,0xB5,
0xD3,0xC4,0xED,0x1A,0x18,0xBD,0xEB,0x16,0xDE,0xB1,0xED,0x44,0xDE,0xAB,0xE6,0x27,
0xCE,0xED,0x9D,0x3A,0xEE,0x00,0xD6,0xC1,0x3A,0xE6,0x00,0xDE,0xB5,0xE7,0x1F,0xD7,
0xC3,0xDE,0xAF,0xEC,0x25,0x26,0x07,0xDE,0xB5,0xED,0x20,0x5C,0x20,0x0A,0xDE,0xB5,
0xD3,0xC4,0xED,0x20,0x18,0xBD,0xEB,0x16,0xDE,0xB1,0xED,0x54,0xDE,0xAB,0xE6,0x2E,
0xCE,0xED,0x9D,0x3A,0xEE,0x00,0xD6,0xC1,0x3A,0xE6,0x00,0xDE,0xB5,0xE7,0x25,0xD7,
0xC3,0xDE,0xAF,0xEC,0x2C,0x26,0x07,0xDE,0xB5,0xED,0x26,0x5C,0x20,0x0A,0xDE,0xB5,
0xD3,0xC4,0xED,0x26,0x18,0xBD,0xEB,0x16,0xDE,0xB1,0xED,0x64,0xDE,0xAB,0xE6,0x35,
0xCE,0xED,0x9D,0x3A,0xEE,0x00,0xD6,0xC1,0x3A,0xE6,0x00,0xDE,0xB5,0xE7,0x2B,0xD7,
0xC3,0xDE,0xAF,0xEC,0x33,0x26,0x07,0xDE,0xB5,0xED,0x2C,0x5C,0x20,0x09,0xDE,0xB5,
0xD3,0xC4,0xED,0x2C,0x18,0x8D,0x6F,0xDE,0xB1,0xED,0x74,0xDE,0xAB,0xE6,0x3C,0xCE,
0xED,0x9D,0x3A,0xEE,0x00,0xD6,0xC1,0x3A,0xE6,0x00,0xDE,0xB5,0xE7,0x31,0xD7,0xC3,
0xDE,0xAF,0xEC,0x3A,0x26,0x07,0xDE,0xB5,0xED,0x32,0x5C,0x20,0x09,0xDE,0xB5,0xD3,
0xC4,0xED,0x32,0x18,0x8D,0x40,0xDE,0xB1,0xED,0x84,0xDE,0xAB,0xE6,0x43,0xCE,0xED,
0x9D,0x3A,0xEE,0x00,0xD6,0xC1,0x3A,0xE6,0x00,0xDE,0xB5,0xE7,0x37,0xD7,0xC3,0xDE,
0xAF,0xEC,0x41,0x26,0x07,0xDE,0xB5,0xED,0x38,0x5C,0x20,0x09,0xDE,0xB5,0xD3,0xC4,
0xED,0x38,0x18,0x8D,0x11,0xDE,0xB1,0xED,0x94,0xDE,0xB1,0xD6,0xA4,0x86,0xFF,0xED,
0x96,0x39,0xA6,0x01,0x20,0x11,0x96,0xC2,0x27,0xF8,0xE6,0x03,0x3D,0xDD,0xB7,0x4F,
0x90,0xC2,0xE6,0x01,0x3D,0xD3,0xB7,0x36,0x96,0xC3,0x27,0x0F,0xE6,0x02,0x3D,0xDD,
0xB7,0x4F,0x90,0xC3,0xE6,0x00,0x3D,0xD3,0xB7,0x33,0x39,0xA6,0x00,0x33,0x39,0xE6,
0x30,0xD1,0xBE,0x23,0x05,0x20,0x78,0x4F,0x20,0x7D,0xC0,0x15,0x25,0xF9,0x86,0x76,
0x3D,0x05,0x05,0xD6,0xBF,0x3D,0x05,0x97,0xC6,0xE6,0x30,0xC0,0x15,0xC1,0x1B,0x24,
0x2F,0x86,0x97,0x3D,0x05,0x05,0x05,0xC6,0x6D,0x3D,0x04,0x04,0x04,0x04,0x04,0x04,
0xDD,0xCE,0x9B,0xC6,0x97,0xC7,0xD3,0xCE,0x97,0xC8,0xD3,0xCE,0x97,0xC9,0xD3,0xCE,
0x97,0xCA,0xD3,0xCE,0x97,0xCB,0xD3,0xCE,0x97,0xCC,0xD3,0xCE,0x97,0xCD,0x20,0x40,
0xCC,0x00,0xDB,0x9B,0xC6,0x97,0xC7,0xC3,0x00,0xDB,0x97,0xC8,0xC3,0x00,0xDB,0x97,
0xC9,0xC3,0x00,0xDB,0x97,0xCA,0xC3,0x00,0xDB,0x97,0xCB,0xC3,0x00,0xDB,0x97,0xCC,
0xC3,0x00,0xDB,0x97,0xCD,0x20,0x19,0xD6,0xDC,0xC4,0x0F,0xD7,0x91,0xDE,0x90,0xA6,
0x40,0x49,0x49,0x49,0x43,0x94,0xBC,0x16,0xDD,0xC6,0xDD,0xC8,0xDD,0xCA,0xDD,0xCC,
0x86,0x0A,0xA7,0x70,0x96,0x91,0xC6,0x3C,0x3D,0xC3,0x02,0x00,0xDD,0xB5,0x18,0x4F,
0x5F,0xED,0x02,0xED,0x08,0xED,0x0E,0xED,0x14,0xED,0x1A,0xED,0x20,0xED,0x26,0xED,
0x2C,0xED,0x32,0xED,0x38,0x5F,0x96,0x91,0x8B,0x10,0x18,0x9F,0xB3,0x35,0x4F,0xDE,
0xB5,0xD6,0xC6,0xEB,0x00,0x24,0x02,0xC6,0xFF,0x30,0xED,0x04,0xDE,0xB5,0xD6,0xC7,
0xEB,0x06,0x24,0x02,0xC6,0xFF,0x30,0xED,0x14,0xDE,0xB5,0xD6,0xC8,0xEB,0x0C,0x24,
0x02,0xC6,0xFF,0x30,0xED,0x24,0xDE,0xB5,0xD6,0xC9,0xEB,0x12,0x24,0x02,0xC6,0xFF,
0x30,0xED,0x34,0xDE,0xB5,0xD6,0xCA,0xEB,0x18,0x24,0x02,0xC6,0xFF,0x30,0xED,0x44,
0xDE,0xB5,0xD6,0xCB,0xEB,0x1E,0x24,0x02,0xC6,0xFF,0x30,0xED,0x54,0xDE,0xB5,0xD6,
0xCC,0xEB,0x24,0x24,0x02,0xC6,0xFF,0x30,0xED,0x64,0xDE,0xB5,0xD6,0xCD,0xEB,0x2A,
0x24,0x02,0xC6,0xFF,0x30,0xED,0x74,0xDE,0xB5,0xD6,0xC6,0xEB,0x30,0x24,0x02,0xC6,
0xFF,0x30,0xED,0x84,0xDE,0xB5,0xD6,0xC6,0xEB,0x36,0x24,0x02,0xC6,0xFF,0x30,0xED,
0x94,0x9E,0xB3,0x39,0xED,0x04,0x20,0x00,0xED,0x14,0x20,0x00,0xED,0x24,0x20,0x00,
0xED,0x34,0x20,0x00,0xED,0x44,0x20,0x00,0xED,0x54,0x20,0x00,0xED,0x64,0x20,0x00,
0xED,0x74,0x20,0x00,0xED,0x84,0x20,0x00,0xED,0x94,0x39,0xD6,0x08,0xDC,0x0D,0xDE,
0xB5,0x4F,0x5F,0xED,0x02,0xED,0x08,0xED,0x0E,0xED,0x14,0xED,0x1A,0xED,0x20,0xED,
0x26,0xED,0x2C,0xED,0x32,0xED,0x38,0xCC,0x1F,0xFC,0xDE,0xB1,0x8D,0xB6,0xDE,0x90,
0x86,0x0A,0xA7,0x70,0x0E,0x86,0x32,0x97,0xDB,0xA6,0x70,0x27,0x21,0x7A,0x00,0xDB,
0x26,0xF7,0x0F,0xCC,0x1F,0xFF,0xDE,0xB1,0x8D,0x9A,0xDE,0x90,0x86,0x0A,0xA7,0x70,
0x0E,0x86,0x32,0x97,0xDB,0xA6,0x70,0x27,0x05,0x7A,0x00,0xDB,0x26,0xF7,0x0F,0x39,
0xD6,0xD0,0x4F,0x05,0x05,0x05,0x05,0x8B,0x10,0x18,0xCC,0x00,0x00,0xED,0x04,0x18,
0x84,0x0F,0x16,0xCE,0x00,0x00,0x3A,0x6A,0x70,0x3B,0x4F,0xF6,0x10,0x00,0xD7,0xD0,
0xC4,0xF0,0x86,0xA0,0x3D,0xD6,0xD0,0xC4,0x0F,0x1B,0xC6,0x06,0x3D,0xC3,0x02,0x00,
0x18,0xDF,0xD3,0xE6,0x01,0xD7,0xD2,0xEE,0x02,0x27,0xC5,0xDF,0xD5,0xD6,0xD0,0x54,
0x54,0x54,0x54,0xCE,0x00,0x00,0x3A,0xE6,0x40,0x58,0xD7,0xD1,0xDE,0xD5,0x18,0xC3,
0x00,0x06,0xDE,0xD3,0xED,0x02,0x18,0xD6,0xD0,0x86,0x01,0x05,0x05,0x05,0x05,0xDD,
0xD7,0x96,0xD1,0x27,0x2E,0xE6,0x03,0x3D,0xDD,0xB7,0x4F,0x90,0xD1,0xE6,0x01,0x3D,
0xD3,0xB7,0x36,0x96,0xD2,0x27,0x21,0xE6,0x02,0x3D,0xDD,0xB7,0x4F,0x90,0xD2,0xE6,
0x00,0x3D,0xD3,0xB7,0x33,0xDE,0xD7,0xED,0x04,0x4D,0x27,0x01,0x3B,0xDE,0xD3,0x5F,
0xED,0x02,0x3B,0xA6,0x01,0x36,0x20,0xDB,0xA6,0x00,0x20,0xE8,0x39,0xF0,0x49,0xF0,
0x89,0xF0,0xC9,0xF1,0x09,0xF1,0x49,0xF1,0x89,0xF1,0xC9,0xF2,0x09,0xF2,0x49,0xF2,
0x89,0xF2,0xC9,0xF3,0x09,0xF3,0x49,0xF3,0x89,0xF3,0xC9,0xF4,0x09,0xCE,0xED,0xCB,
0xD6,0xE1,0x3A,0x3A,0xEE,0x00,0xD6,0xE2,0xAD,0x00,0x39,0xED,0xDA,0xED,0xE4,0xED,
0xFF,0xED,0xF4,0xED,0xF7,0xED,0xD7,0xD7,0xBD,0x39,0x86,0x01,0x5D,0x27,0x02,0x8A,
0x02,0x97,0xA3,0x39,0x27,0x07,0x71,0xFB,0x03,0x72,0x08,0x03,0x39,0x72,0x04,0x03,
0x71,0xF7,0x03,0x39,0xD7,0xB9,0x39,0x27,0x02,0xC6,0x04,0xF7,0xE0,0x00,0x39,0xCE,
0xEE,0x0F,0x3A,0x3A,0xEE,0x00,0xEC,0x00,0xDD,0xA7,0xEC,0x02,0xDD,0xA9,0x39,0xEE,
0x17,0xEE,0x1B,0xEE,0x1F,0xEE,0x23,0xEE,0x27,0xEE,0x51,0xEE,0x27,0xEE,0x97,0xEE,
0x27,0xEE,0xDD,0xEE,0x3C,0xEE,0x51,0x00,0x8A,0xD9,0x9A,0xD9,0xA4,0x35,0xAA,0xD9,
0xAF,0xFF,0xB4,0x35,0xB7,0xC4,0xBA,0xD9,0xBD,0x91,0xBF,0xFF,0x00,0xA0,0x00,0xA0,
0x00,0xA0,0x00,0xA0,0x00,0xA0,0x00,0xA0,0x00,0xA0,0x00,0xA0,0x00,0xA0,0x00,0xA0,
0x00,0x10,0x00,0xEF,0x23,0x00,0x00,0xFF,0x10,0x00,0x00,0x00,0x00,0x00,0xFF,0x10,
0x00,0x00,0x00,0x00,0x00,0xFF,0x10,0x00,0x00,0x00,0x00,0x00,0xFF,0x10,0x00,0x00,
0x00,0x00,0x00,0xFF,0x10,0x00,0x00,0x00,0x00,0x00,0xFF,0x10,0x00,0x00,0x00,0x00,
0x00,0xFF,0x10,0x00,0x00,0x00,0x00,0x00,0xFF,0x10,0x00,0x00,0x00,0x00,0x00,0xFF,
0x10,0x00,0x00,0x00,0x00,0x00,0xFF,0x10,0x00,0xEF,0x23,0x00,0x00,0xFF,0x10,0x00,
0xEF,0x23,0x00,0x00,0xFF,0x10,0x00,0xEF,0x23,0x00,0x00,0xFF,0x10,0x00,0xEF,0x23,
0x00,0x00,0xFF,0x10,0x00,0xEF,0x23,0x00,0x00,0xFF,0x10,0x00,0xEF,0x23,0x00,0x00,
0xFF,0x10,0x00,0xEF,0x23,0x00,0x00,0xFF,0x10,0x00,0xEF,0x23,0x00,0x00,0xFF,0x10,
0x00,0xEF,0x23,0x00,0x00,0xFF,0x10,0x00,0xEF,0x23,0x00,0x00,0xFF,0x10,0x00,0xEF,
0x2F,0x00,0x00,0xFF,0x10,0x00,0x00,0x00,0x00,0x00,0xFF,0x10,0x00,0x00,0x00,0x00,
0x00,0xFF,0x10,0x00,0x00,0x00,0x00,0x00,0xFF,0x10,0x00,0x00,0x00,0x00,0x00,0xFF,
0x10,0x00,0x00,0x00,0x00,0x00,0xFF,0x10,0x00,0x00,0x00,0x00,0x00,0xFF,0x10,0x00,
0x00,0x00,0x00,0x00,0xFF,0x10,0x00,0x00,0x00,0x00,0x00,0xFF,0x10,0x00,0x00,0x00,
0x00,0x00,0xFF,0xFF,0xFF,0xFF,0xFF,0xFF,0xFF,0x00,0x00,0x00,0x00,0x00,0x00,0xFF,
0x7F,0xFF,0x7F,0xFF,0x7F,0x20,0xFE,0x20,0xFE,0x20,0xFE,0xFF,0x7D,0xFF,0x7D,0xFF,
0x7D,0x20,0xFC,0x20,0xFC,0x20,0xFC,0xFF,0x7B,0xFF,0x7B,0xFF,0x7B,0x20,0xFA,0x20,
0xFA,0x20,0xFA,0xFF,0x79,0xFF,0x79,0xFF,0x79,0x20,0xF8,0x20,0xF8,0x20,0xF8,0xFF,
0x77,0xFF,0x77,0xFF,0x77,0x20,0xF6,0x20,0xF6,0x20,0xF6,0xFF,0x75,0xFF,0x75,0xFF,
0x75,0x20,0xF4,0x20,0xF4,0x20,0xF4,0xFF,0x73,0xFF,0x73,0xFF,0x73,0x20,0xF2,0x20,
0xF2,0x20,0xF2,0xFF,0x71,0xFF,0x71,0xFF,0x71,0x20,0xF0,0x20,0xF0,0x20,0xF0,0xFF,
0x6F,0xFF,0x6F,0xFF,0x6F,0x20,0xEE,0x20,0xEE,0x20,0xEE,0xFF,0x6D,0xFF,0x6D,0xFF,
0x6D,0x20,0xEC,0x20,0xEC,0x20,0xEC,0xFF,0x6B,0xFF,0x6B,0xFF,0x6B,0x20,0xEA,0x20,
0xEA,0x20,0xEA,0xFF,0x69,0xFF,0x69,0xFF,0x69,0x20,0xE8,0x20,0xE8,0x20,0xE8,0xFF,
0x67,0xFF,0x67,0xFF,0x67,0x20,0xE6,0x20,0xE6,0x20,0xE6,0xFF,0x65,0xFF,0x65,0xFF,
0x65,0x20,0xE4,0x20,0xE4,0x20,0xE4,0xFF,0x63,0xFF,0x63,0xFF,0x63,0x20,0xE2,0x20,
0xE2,0x20,0xE2,0xFF,0x61,0xFF,0x61,0xFF,0x61,0x20,0xE0,0x20,0xE0,0x20,0xE0,0xFF,
0x5F,0xFF,0x5F,0xFF,0x5F,0x20,0xDE,0x20,0xDE,0x20,0xDE,0xFF,0x5D,0xFF,0x5D,0xFF,
0x5D,0x20,0xDC,0x20,0xDC,0x20,0xDC,0xFF,0x5B,0xFF,0x5B,0xFF,0x5B,0x20,0xDA,0x20,
0xDA,0x20,0xDA,0xFF,0x59,0xFF,0x59,0xFF,0x59,0x20,0xD8,0x20,0xD8,0x20,0xD8,0xFF,
0x57,0xFF,0x57,0xFF,0x57,0x20,0xD6,0x20,0xD6,0x20,0xD6,0xFF,0x55,0xFF,0x55,0xFF,
0x55,0x20,0xD4,0x20,0xD4,0x20,0xD4,0xFF,0x53,0xFF,0x53,0xFF,0x53,0x20,0xD2,0x20,
0xD2,0x20,0xD2,0x00,0xFF,0x00,0xFF,0x00,0xFF,0x00,0x04,0x08,0x0C,0x10,0x14,0x18,
0x1C,0x20,0x24,0x28,0x2C,0x30,0x34,0x38,0x3C,0x40,0x44,0x48,0x4C,0x50,0x54,0x58,
0x5C,0x60,0x64,0x68,0x6C,0x70,0x74,0x78,0x7C,0x80,0x84,0x88,0x8C,0x90,0x94,0x98,
0x9C,0xA0,0xA4,0xA8,0xAC,0xB0,0xB4,0xB8,0xBC,0xC0,0xC4,0xC8,0xCC,0xD0,0xD4,0xD8,
0xDC,0xE0,0xE4,0xE8,0xEC,0xF0,0xF4,0xF8,0xFC,0x00,0x04,0x07,0x0A,0x0D,0x10,0x13,
0x17,0x1A,0x1D,0x20,0x24,0x27,0x2B,0x2F,0x32,0x36,0x39,0x3D,0x41,0x44,0x47,0x4B,
0x4F,0x53,0x57,0x5B,0x5E,0x62,0x66,0x6A,0x6E,0x72,0x76,0x7A,0x7E,0x82,0x86,0x8A,
0x8E,0x92,0x97,0x9B,0xA0,0xA4,0xA8,0xAD,0xB1,0xB6,0xBA,0xBF,0xC3,0xC8,0xCC,0xD1,
0xD5,0xDA,0xDF,0xE4,0xE8,0xED,0xF2,0xF7,0xFC,0x00,0x03,0x06,0x08,0x0B,0x0E,0x10,
0x12,0x15,0x18,0x1B,0x1E,0x21,0x24,0x27,0x2B,0x2E,0x31,0x34,0x37,0x3B,0x3E,0x41,
0x44,0x48,0x4B,0x4F,0x52,0x56,0x59,0x5D,0x61,0x65,0x69,0x6D,0x71,0x75,0x79,0x7D,
0x82,0x86,0x8B,0x8F,0x94,0x99,0x9D,0xA2,0xA7,0xAC,0xB1,0xB5,0xBA,0xBE,0xC4,0xC9,
0xCE,0xD3,0xD9,0xDF,0xE4,0xEA,0xF0,0xF6,0xFB,0x00,0x02,0x04,0x06,0x08,0x0B,0x0D,
0x0F,0x11,0x14,0x16,0x19,0x1C,0x1E,0x21,0x24,0x27,0x2A,0x2C,0x2F,0x32,0x35,0x37,
0x3A,0x3D,0x40,0x43,0x46,0x49,0x4D,0x51,0x56,0x59,0x5D,0x60,0x64,0x68,0x6C,0x70,
0x75,0x79,0x7D,0x83,0x88,0x8D,0x92,0x97,0x9C,0xA1,0xA6,0xAC,0xB1,0xB6,0xBB,0xC1,
0xC6,0xCC,0xD3,0xDA,0xE0,0xE7,0xED,0xF4,0xFA,0x00,0x02,0x03,0x05,0x06,0x08,0x0A,
0x0B,0x0D,0x0F,0x11,0x13,0x16,0x18,0x1A,0x1D,0x1F,0x21,0x24,0x26,0x29,0x2B,0x2E,
0x30,0x33,0x36,0x39,0x3C,0x3F,0x42,0x46,0x49,0x4C,0x50,0x54,0x58,0x5C,0x61,0x65,
0x69,0x6E,0x72,0x77,0x7C,0x81,0x86,0x8B,0x90,0x96,0x9B,0xA1,0xA7,0xAD,0xB2,0xB9,
0xBE,0xC5,0xCC,0xD4,0xDB,0xE3,0xEA,0xF1,0xF9,0x00,0x01,0x02,0x03,0x04,0x05,0x07,
0x08,0x0A,0x0C,0x0D,0x0F,0x11,0x13,0x15,0x17,0x19,0x1B,0x1D,0x1F,0x21,0x23,0x25,
0x28,0x2A,0x2C,0x2F,0x32,0x35,0x37,0x3A,0x3D,0x40,0x44,0x48,0x4C,0x50,0x54,0x58,
0x5C,0x61,0x66,0x6B,0x70,0x75,0x7A,0x80,0x85,0x8B,0x91,0x97,0x9D,0xA3,0xA9,0xB0,
0xB6,0xBD,0xC6,0xCE,0xD6,0xDF,0xE7,0xEE,0xF8,0x00,0x01,0x01,0x02,0x03,0x04,0x05,
0x06,0x07,0x08,0x0A,0x0B,0x0C,0x0E,0x10,0x11,0x13,0x14,0x16,0x17,0x19,0x1B,0x1D,
0x1F,0x21,0x23,0x25,0x27,0x2A,0x2D,0x30,0x33,0x36,0x39,0x3C,0x40,0x44,0x48,0x4C,
0x51,0x55,0x59,0x5E,0x63,0x69,0x6E,0x74,0x7A,0x80,0x86,0x8C,0x93,0x99,0x9F,0xA6,
0xAD,0xB5,0xBE,0xC8,0xD1,0xDA,0xE3,0xEC,0xF7,0x00,0x00,0x00,0x01,0x01,0x02,0x03,
0x03,0x04,0x05,0x06,0x07,0x08,0x09,0x0B,0x0C,0x0D,0x0E,0x10,0x11,0x13,0x14,0x16,
0x17,0x19,0x1B,0x1D,0x1F,0x22,0x24,0x27,0x29,0x2C,0x2F,0x32,0x35,0x39,0x3C,0x40,
0x44,0x49,0x4E,0x53,0x58,0x5D,0x62,0x68,0x6D,0x74,0x7A,0x81,0x87,0x8E,0x95,0x9C,
0xA3,0xAC,0xB5,0xBF,0xCA,0xD4,0xDF,0xEA,0xF5,0x00,0x00,0x00,0x00,0x01,0x01,0x01,
0x02,0x03,0x03,0x04,0x05,0x05,0x06,0x07,0x08,0x09,0x0A,0x0B,0x0C,0x0D,0x0F,0x10,
0x11,0x13,0x14,0x16,0x18,0x1A,0x1C,0x1E,0x20,0x23,0x25,0x28,0x2B,0x2E,0x31,0x35,
0x39,0x3D,0x41,0x46,0x4C,0x51,0x57,0x5C,0x62,0x67,0x6D,0x74,0x7B,0x83,0x8A,0x91,
0x99,0xA2,0xAC,0xB6,0xC2,0xCC,0xDA,0xE8,0xF4,0x00,0x00,0x00,0x00,0x01,0x01,0x01,
0x02,0x02,0x02,0x03,0x03,0x03,0x04,0x05,0x05,0x06,0x07,0x08,0x09,0x0A,0x0B,0x0C,
0x0D,0x0E,0x0F,0x10,0x12,0x13,0x15,0x16,0x18,0x1A,0x1C,0x1E,0x21,0x23,0x26,0x29,
0x2D,0x31,0x35,0x3A,0x3E,0x43,0x49,0x4F,0x55,0x5B,0x61,0x68,0x6F,0x77,0x7E,0x85,
0x8E,0x98,0xA2,0xAD,0xB9,0xC5,0xD5,0xE4,0xF2,0x00,0x04,0x07,0x0A,0x0D,0x10,0x13,
0x17,0x1A,0x1D,0x20,0x24,0x28,0x2C,0x30,0x34,0x38,0x3C,0x40,0x45,0x49,0x4D,0x51,
0x55,0x59,0x5E,0x63,0x68,0x6D,0x72,0x77,0x7C,0x80,0x85,0x8A,0x8F,0x94,0x99,0x9E,
0xA3,0xA8,0xAC,0xB0,0xB5,0xB9,0xBD,0xC1,0xC5,0xC9,0xCD,0xD1,0xD5,0xD9,0xDC,0xE0,
0xE3,0xE6,0xEA,0xED,0xF0,0xF3,0xF7,0xFA,0xFD,0x00,0x04,0x08,0x0C,0x11,0x15,0x19,
0x1D,0x22,0x26,0x2A,0x2F,0x33,0x37,0x3B,0x40,0x44,0x48,0x4C,0x51,0x56,0x5B,0x60,
0x65,0x6A,0x6F,0x74,0x79,0x7E,0x82,0x87,0x8C,0x91,0x96,0x9B,0x9F,0xA4,0xA8,0xAC,
0xB0,0xB5,0xB9,0xBD,0xC1,0xC5,0xC9,0xCD,0xD1,0xD4,0xD8,0xDC,0xDF,0xE2,0xE5,0xE8,
0xEB,0xEE,0xF1,0xF4,0xF6,0xF8,0xFA,0xFC,0xFE,0x00,0x09,0x11,0x19,0x22,0x2A,0x32,
0x3A,0x42,0x4A,0x52,0x5A,0x61,0x68,0x6F,0x75,0x7C,0x84,0x8A,0x90,0x96,0x9C,0xA1,
0xA6,0xAB,0xB0,0xB4,0xB8,0xBD,0xC1,0xC4,0xC8,0xCB,0xCE,0xD1,0xD4,0xD7,0xD9,0xDC,
0xDE,0xE0,0xE2,0xE4,0xE6,0xE7,0xE9,0xEA,0xEC,0xED,0xEF,0xF0,0xF1,0xF3,0xF4,0xF5,
0xF6,0xF7,0xF8,0xFA,0xFB,0xFC,0xFD,0xFE,0xFF,0x00,0x08,0x0F,0x16,0x1C,0x23,0x29,
0x30,0x36,0x3E,0x44,0x4B,0x51,0x57,0x5D,0x63,0x68,0x6E,0x73,0x79,0x7E,0x84,0x89,
0x8E,0x93,0x98,0x9D,0xA1,0xA6,0xAA,0xAE,0xB2,0xB6,0xBA,0xBD,0xC0,0xC4,0xC7,0xCA,
0xCD,0xD0,0xD2,0xD5,0xD7,0xDA,0xDC,0xDE,0xE0,0xE2,0xE4,0xE6,0xE8,0xEA,0xEC,0xEE,
0xF0,0xF2,0xF3,0xF5,0xF7,0xF9,0xFB,0xFD,0xFE,0x00,0x06,0x0C,0x12,0x18,0x1D,0x23,
0x28,0x2D,0x33,0x39,0x3F,0x44,0x4A,0x4E,0x53,0x58,0x5D,0x62,0x67,0x6C,0x71,0x76,
0x7B,0x7F,0x83,0x88,0x8D,0x91,0x95,0x99,0x9D,0xA1,0xA5,0xA9,0xAD,0xB1,0xB5,0xB8,
0xBC,0xBF,0xC2,0xC5,0xC8,0xCB,0xCE,0xD1,0xD4,0xD7,0xD9,0xDC,0xDE,0xE1,0xE4,0xE7,
0xE9,0xEC,0xEE,0xF1,0xF3,0xF6,0xF9,0xFB,0xFE,0x00,0x05,0x0A,0x0F,0x14,0x19,0x1D,
0x22,0x26,0x2B,0x30,0x34,0x39,0x3D,0x42,0x47,0x4B,0x50,0x54,0x59,0x5D,0x62,0x66,
0x6B,0x6F,0x73,0x77,0x7B,0x7F,0x83,0x87,0x8B,0x8F,0x93,0x97,0x9B,0x9F,0xA2,0xA6,
0xAA,0xAE,0xB2,0xB6,0xBA,0xBD,0xC1,0xC4,0xC8,0xCB,0xCF,0xD2,0xD6,0xD9,0xDC,0xE0,
0xE3,0xE6,0xEA,0xED,0xF0,0xF3,0xF7,0xFA,0xFD,0xFF,0xFF,0xFF,0xFF,0xFF,0xFF,0xFF,
0xFF,0xFF,0xFF,0xFF,0xFF,0xFF,0xFF,0xFF,0xFF,0xFF,0xFF,0xFF,0xFF,0xFF,0xFF,0xFF,
0xFF,0xFF,0xFF,0xFF,0xFF,0xFF,0xFF,0xFF,0xFF,0xFF,0xFF,0xFF,0xFF,0xFF,0xFF,0xFF,
0xFF,0xFF,0xFF,0xFF,0xFF,0xFF,0xFF,0xFF,0xFF,0xFF,0xFF,0xFF,0xFF,0xFF,0xFF,0xFF,
0xFF,0xFF,0xFF,0xFF,0xFF,0xFF,0xFF,0xFF,0xFF,0xFF,0xFF,0xFF,0xFF,0xFF,0xFF,0xFF,
0xFF,0xFF,0xFF,0xFF,0xFF,0xFF,0xFF,0xFF,0xFF,0xFF,0xFF,0xFF,0xFF,0xFF,0xFF,0xFF,
0xFF,0xFF,0xFF,0xFF,0xFF,0xFF,0xFF,0xFF,0xFF,0xFF,0xFF,0xFF,0xFF,0xFF,0xFF,0xFF,
0xFF,0xFF,0xFF,0xFF,0xFF,0xFF,0xFF,0xFF,0xFF,0xFF,0xFF,0xFF,0xFF,0xFF,0xFF,0xFF,
0xFF,0xFF,0xFF,0xFF,0xFF,0xFF,0xFF,0xFF,0xFF,0xFF,0xFF,0xFF,0xFF,0xFF,0xFF,0xFF,
0xFF,0xFF,0xFF,0xFF,0xFF,0xFF,0xFF,0xFF,0xFF,0xFF,0xFF,0xFF,0xFF,0xFF,0xFF,0xFF,
0xFF,0xFF,0xFF,0xFF,0xFF,0xFF,0xFF,0xFF,0xFF,0xFF,0xFF,0xFF,0xFF,0xFF,0xFF,0xFF,
0xFF,0xFF,0xFF,0xFF,0xFF,0xFF,0xFF,0xFF,0xFF,0xFF,0xFF,0xFF,0xFF,0xFF,0xFF,0xFF,
0xFF,0xFF,0xFF,0xFF,0xFF,0xFF,0xFF,0xFF,0xFF,0xFF,0xFF,0xFF,0xFF,0xFF,0xFF,0xFF,
0xFF,0xFF,0xFF,0xFF,0xFF,0xFF,0xFF,0xFF,0xFF,0xFF,0xFF,0xFF,0xFF,0xFF,0xFF,0xFF,
0xFF,0xFF,0xFF,0xFF,0xFF,0xFF,0xFF,0xFF,0xFF,0xFF,0xFF,0xFF,0xFF,0xFF,0xFF,0xFF,
0xFF,0xFF,0xFF,0xFF,0xFF,0xFF,0xFF,0xFF,0xFF,0xFF,0xFF,0xFF,0xFF,0xFF,0xFF,0xFF,
0xFF,0xFF,0xFF,0xFF,0xFF,0xFF,0xFF,0xFF,0xFF,0xFF,0xFF,0xFF,0xFF,0xFF,0xFF,0xFF,
0xFF,0xFF,0xFF,0xFF,0xFF,0xFF,0xFF,0xFF,0xFF,0xFF,0xFF,0xFF,0xFF,0xFF,0xFF,0xFF,
0xFF,0xFF,0xFF,0xFF,0xFF,0xFF,0xFF,0xFF,0xFF,0xFF,0xFF,0xFF,0xFF,0xFF,0xFF,0xFF,
0xFF,0xFF,0xFF,0xFF,0xFF,0xFF,0xFF,0xFF,0xFF,0xFF,0xFF,0xFF,0xFF,0xFF,0xFF,0xFF,
0xFF,0xFF,0xFF,0xFF,0xFF,0xFF,0xFF,0xFF,0xFF,0xFF,0xFF,0xFF,0xFF,0xFF,0xFF,0xFF,
0xFF,0xFF,0xFF,0xFF,0xFF,0xFF,0xFF,0xFF,0xFF,0xFF,0xFF,0xFF,0xFF,0xFF,0xFF,0xFF,
0xFF,0xFF,0xFF,0xFF,0xFF,0xFF,0xFF,0xFF,0xFF,0xFF,0xFF,0xFF,0xFF,0xFF,0xFF,0xFF,
0xFF,0xFF,0xFF,0xFF,0xFF,0xFF,0xFF,0xFF,0xFF,0xFF,0xFF,0xFF,0xFF,0xFF,0xFF,0xFF,
0xFF,0xFF,0xFF,0xFF,0xFF,0xFF,0xFF,0xFF,0xFF,0xFF,0xFF,0xFF,0xFF,0xFF,0xFF,0xFF,
0xFF,0xFF,0xFF,0xFF,0xFF,0xFF,0xFF,0xFF,0xFF,0xFF,0xFF,0xFF,0xFF,0xFF,0xFF,0xFF,
0xFF,0xFF,0xFF,0xFF,0xFF,0xFF,0xFF,0xFF,0xFF,0xFF,0xFF,0xFF,0xFF,0xFF,0xFF,0xFF,
0xFF,0xFF,0xFF,0xFF,0xFF,0xFF,0xFF,0xFF,0xFF,0xFF,0xFF,0xFF,0xFF,0xFF,0xFF,0xFF,
0xFF,0xFF,0xFF,0xFF,0xFF,0xFF,0xFF,0xFF,0xFF,0xFF,0xFF,0xFF,0xFF,0xFF,0xFF,0xFF,
0xFF,0xFF,0xFF,0xFF,0xFF,0xFF,0xFF,0xFF,0xFF,0xFF,0xFF,0xFF,0xFF,0xFF,0xFF,0xFF,
0xFF,0xFF,0xFF,0xFF,0xFF,0xFF,0xFF,0xFF,0xFF,0xFF,0xFF,0xFF,0xFF,0xFF,0xFF,0xFF,
0xFF,0xFF,0xFF,0xFF,0xFF,0xFF,0xFF,0xFF,0xFF,0xFF,0xFF,0xFF,0xFF,0xFF,0xFF,0xFF,
0xFF,0xFF,0xFF,0xFF,0xFF,0xFF,0xFF,0xFF,0xFF,0xFF,0xFF,0xFF,0xFF,0xFF,0xFF,0xFF,
0xFF,0xFF,0xFF,0xFF,0xFF,0xFF,0xFF,0xFF,0xFF,0xFF,0xFF,0xFF,0xFF,0xFF,0xFF,0xFF,
0xFF,0xFF,0xFF,0xFF,0xFF,0xFF,0xFF,0xFF,0xFF,0xFF,0xFF,0xFF,0xFF,0xFF,0xFF,0xFF,
0xFF,0xFF,0xFF,0xFF,0xFF,0xFF,0xFF,0xFF,0xFF,0xFF,0xFF,0xFF,0xFF,0xFF,0xFF,0xFF,
0xFF,0xFF,0xFF,0xFF,0xFF,0xFF,0xFF,0xFF,0xFF,0xFF,0xFF,0xFF,0xFF,0xFF,0xFF,0xFF,
0xFF,0xFF,0xFF,0xFF,0xFF,0xFF,0xFF,0xFF,0xFF,0xFF,0xFF,0xFF,0xFF,0xFF,0xFF,0xFF,
0xFF,0xFF,0xFF,0xFF,0xFF,0xFF,0xFF,0xFF,0xFF,0xFF,0xFF,0xFF,0xFF,0xFF,0xFF,0xFF,
0xFF,0xFF,0xFF,0xFF,0xFF,0xFF,0xFF,0xFF,0xFF,0xFF,0xFF,0xFF,0xFF,0xFF,0xFF,0xFF,
0xFF,0xFF,0xFF,0xFF,0xFF,0xFF,0xFF,0xFF,0xFF,0xFF,0xFF,0xFF,0xFF,0xFF,0xFF,0xFF,
0xFF,0xFF,0xFF,0xFF,0xFF,0xFF,0xFF,0xFF,0xFF,0xFF,0xFF,0xFF,0xFF,0xFF,0xFF,0xFF,
0xFF,0xFF,0xFF,0xFF,0xFF,0xFF,0xFF,0xFF,0xFF,0xFF,0xFF,0xFF,0xFF,0xFF,0xFF,0xFF,
0xFF,0xFF,0xFF,0xFF,0xFF,0xFF,0xFF,0xFF,0xFF,0xFF,0xFF,0xFF,0xFF,0xFF,0xFF,0xFF,
0xFF,0xFF,0xFF,0xFF,0xFF,0xFF,0xFF,0xFF,0xFF,0xFF,0xFF,0xFF,0xFF,0xFF,0xFF,0xFF,
0xFF,0xFF,0xFF,0xFF,0xFF,0xFF,0xFF,0xFF,0xFF,0xFF,0xFF,0xFF,0xFF,0xFF,0xFF,0xFF,
0xFF,0xFF,0xFF,0xFF,0xFF,0xFF,0xFF,0xFF,0xFF,0xFF,0xFF,0xFF,0xFF,0xFF,0xFF,0xFF,
0xFF,0xFF,0xFF,0xFF,0xFF,0xFF,0xFF,0xFF,0xFF,0xFF,0xFF,0xFF,0xFF,0xFF,0xFF,0xFF,
0xFF,0xFF,0xFF,0xFF,0xFF,0xFF,0xFF,0xFF,0xFF,0xFF,0xFF,0xFF,0xFF,0xFF,0xFF,0xFF,
0xFF,0xFF,0xFF,0xFF,0xFF,0xFF,0xFF,0xFF,0xFF,0xFF,0xFF,0xFF,0xFF,0xFF,0xFF,0xFF,
0xFF,0xFF,0xFF,0xFF,0xFF,0xFF,0xFF,0xFF,0xFF,0xFF,0xFF,0xFF,0xFF,0xFF,0xFF,0xFF,
0xFF,0xFF,0xFF,0xFF,0xFF,0xFF,0xFF,0xFF,0xFF,0xFF,0xFF,0xFF,0xFF,0xFF,0xFF,0xFF,
0xFF,0xFF,0xFF,0xFF,0xFF,0xFF,0xFF,0xFF,0xFF,0xFF,0xFF,0xFF,0xFF,0xFF,0xFF,0xFF,
0xFF,0xFF,0xFF,0xFF,0xFF,0xFF,0xFF,0xFF,0xFF,0xFF,0xFF,0xFF,0xFF,0xFF,0xFF,0xFF,
0xFF,0xFF,0xFF,0xFF,0xFF,0xFF,0xFF,0xFF,0xFF,0xFF,0xFF,0xFF,0xFF,0xFF,0xFF,0xFF,
0xFF,0xFF,0xFF,0xFF,0xFF,0xFF,0xFF,0xFF,0xFF,0xFF,0xFF,0xFF,0xFF,0xFF,0xFF,0xFF,
0xFF,0xFF,0xFF,0xFF,0xFF,0xFF,0xFF,0xFF,0xFF,0xFF,0xFF,0xFF,0xFF,0xFF,0xFF,0xFF,
0xFF,0xFF,0xFF,0xFF,0xFF,0xFF,0xFF,0xFF,0xFF,0xFF,0xFF,0xFF,0xFF,0xFF,0xFF,0xFF,
0xFF,0xFF,0xFF,0xFF,0xFF,0xFF,0xFF,0xFF,0xFF,0xFF,0xFF,0xFF,0xFF,0xFF,0xFF,0xFF,
0xFF,0xFF,0xFF,0xFF,0xFF,0xFF,0xFF,0xFF,0xFF,0xFF,0xFF,0xFF,0xFF,0xFF,0xFF,0xFF,
0xFF,0xFF,0xFF,0xFF,0xFF,0xFF,0xFF,0xFF,0xFF,0xFF,0xFF,0xFF,0xFF,0xFF,0xFF,0xFF,
0xFF,0xFF,0xFF,0xFF,0xFF,0xFF,0xFF,0xFF,0xFF,0xFF,0xFF,0xFF,0xFF,0xFF,0xFF,0xFF,
0xFF,0xFF,0xFF,0xFF,0xFF,0xFF,0xFF,0xFF,0xFF,0xFF,0xFF,0xFF,0xFF,0xFF,0xFF,0xFF,
0xFF,0xFF,0xFF,0xFF,0xFF,0xFF,0xFF,0xFF,0xFF,0xFF,0xFF,0xFF,0xFF,0xFF,0xFF,0xFF,
0xFF,0xFF,0xFF,0xFF,0xFF,0xFF,0xFF,0xFF,0xFF,0xFF,0xFF,0xFF,0xFF,0xFF,0xFF,0xFF,
0xFF,0xFF,0xFF,0xFF,0xFF,0xFF,0xFF,0xFF,0xFF,0xFF,0xFF,0xFF,0xFF,0xFF,0xFF,0xFF,
0xFF,0xFF,0xFF,0xFF,0xFF,0xFF,0xFF,0xFF,0xFF,0xFF,0xFF,0xFF,0xFF,0xFF,0xFF,0xFF,
0xFF,0xFF,0xFF,0xFF,0xFF,0xFF,0xFF,0xFF,0xFF,0xFF,0xFF,0xFF,0xFF,0xFF,0xFF,0xFF,
0xFF,0xFF,0xFF,0xFF,0xFF,0xFF,0xFF,0xFF,0xFF,0xFF,0xFF,0xFF,0xFF,0xFF,0xFF,0xFF,
0xFF,0xFF,0xFF,0xFF,0xFF,0xFF,0xFF,0xFF,0xFF,0xFF,0xFF,0xFF,0xFF,0xFF,0xFF,0xFF,
0xFF,0xFF,0xFF,0xFF,0xFF,0xFF,0xFF,0xFF,0xFF,0xFF,0xFF,0xFF,0xFF,0xFF,0xFF,0xFF,
0xFF,0xFF,0xFF,0xFF,0xFF,0xFF,0xFF,0xFF,0xFF,0xFF,0xFF,0xFF,0xFF,0xFF,0xFF,0xFF,
0xFF,0xFF,0xFF,0xFF,0xFF,0xFF,0xFF,0xFF,0xFF,0xFF,0xFF,0xFF,0xFF,0xFF,0xFF,0xFF,
0xFF,0xFF,0xFF,0xFF,0xFF,0xFF,0xFF,0xFF,0xFF,0xFF,0xFF,0xFF,0xFF,0xFF,0xFF,0xFF,
0xFF,0xFF,0xFF,0xFF,0xFF,0xFF,0xFF,0xFF,0xFF,0xFF,0xFF,0xFF,0xFF,0xFF,0xFF,0xFF,
0xFF,0xFF,0xFF,0xFF,0xFF,0xFF,0xFF,0xFF,0xFF,0xFF,0xFF,0xFF,0xFF,0xFF,0xFF,0xFF,
0xFF,0xFF,0xFF,0xFF,0xFF,0xFF,0xFF,0xFF,0xFF,0xFF,0xFF,0xFF,0xFF,0xFF,0xFF,0xFF,
0xFF,0xFF,0xFF,0xFF,0xFF,0xFF,0xFF,0xFF,0xFF,0xFF,0xFF,0xFF,0xFF,0xFF,0xFF,0xFF,
0xFF,0xFF,0xFF,0xFF,0xFF,0xFF,0xFF,0xFF,0xFF,0xFF,0xFF,0xFF,0xFF,0xFF,0xFF,0xFF,
0xFF,0xFF,0xFF,0xFF,0xFF,0xFF,0xFF,0xFF,0xFF,0xFF,0xFF,0xFF,0xFF,0xFF,0xFF,0xFF,
0xFF,0xFF,0xFF,0xFF,0xFF,0xFF,0xFF,0xFF,0xFF,0xFF,0xFF,0xFF,0xFF,0xFF,0xFF,0xFF,
0xFF,0xFF,0xFF,0xFF,0xFF,0xFF,0xFF,0xFF,0xFF,0xFF,0xFF,0xFF,0xFF,0xFF,0xFF,0xFF,
0xFF,0xFF,0xFF,0xFF,0xFF,0xFF,0xFF,0xFF,0xFF,0xFF,0xFF,0xFF,0xFF,0xFF,0xFF,0xFF,
0xFF,0xFF,0xFF,0xFF,0xFF,0xFF,0xFF,0xFF,0xFF,0xFF,0xFF,0xFF,0xFF,0xFF,0xFF,0xFF,
0xFF,0xFF,0xFF,0xFF,0xFF,0xFF,0xFF,0xFF,0xFF,0xFF,0xFF,0xFF,0xFF,0xFF,0xFF,0xFF,
0xFF,0xFF,0xFF,0xFF,0xFF,0xFF,0xFF,0xFF,0xFF,0xFF,0xFF,0xFF,0xFF,0xFF,0xFF,0xFF,
0xFF,0xFF,0xFF,0xFF,0xFF,0xFF,0xFF,0xFF,0xFF,0xFF,0xFF,0xFF,0xFF,0xFF,0xFF,0xFF,
0xFF,0xFF,0xFF,0xFF,0xFF,0xFF,0xFF,0xFF,0xFF,0xFF,0xFF,0xFF,0xFF,0xFF,0xFF,0xFF,
0xFF,0xFF,0xFF,0xFF,0xFF,0xFF,0xFF,0xFF,0xFF,0xFF,0xFF,0xFF,0xFF,0xFF,0xFF,0xFF,
0xFF,0xFF,0xFF,0xFF,0xFF,0xFF,0xFF,0xFF,0xFF,0xFF,0xFF,0xFF,0xFF,0xFF,0xFF,0xFF,
0xFF,0xFF,0xFF,0xFF,0xFF,0xFF,0xFF,0xFF,0xFF,0xFF,0xFF,0xFF,0xFF,0xFF,0xFF,0xFF,
0xFF,0xFF,0xFF,0xFF,0xFF,0xFF,0xFF,0xFF,0xFF,0xFF,0xFF,0xFF,0xFF,0xFF,0xFF,0xFF,
0xFF,0xFF,0xFF,0xFF,0xFF,0xFF,0xFF,0xFF,0xFF,0xFF,0xFF,0xFF,0xFF,0xFF,0xFF,0xFF,
0xFF,0xFF,0xFF,0xFF,0xFF,0xFF,0xFF,0xFF,0xFF,0xFF,0xFF,0xFF,0xFF,0xFF,0xFF,0xFF,
0xFF,0xFF,0xFF,0xFF,0xFF,0xFF,0xFF,0xFF,0xFF,0xFF,0xFF,0xFF,0xFF,0xFF,0xFF,0xFF,
0xFF,0xFF,0xFF,0xFF,0xFF,0xFF,0xFF,0xFF,0xFF,0xFF,0xFF,0xFF,0xFF,0xFF,0xFF,0xFF,
0xFF,0xFF,0xFF,0xFF,0xFF,0xFF,0xFF,0xFF,0xFF,0xFF,0xFF,0xFF,0xFF,0xFF,0xFF,0xFF,
0xFF,0xFF,0xFF,0xFF,0xFF,0xFF,0xFF,0xFF,0xFF,0xFF,0xFF,0xFF,0xFF,0xFF,0xFF,0xFF,
0xFF,0xFF,0xFF,0xFF,0xFF,0xFF,0xFF,0xFF,0xFF,0xFF,0xFF,0xFF,0xFF,0xFF,0xFF,0xFF,
0xFF,0xFF,0xFF,0xFF,0xFF,0xFF,0xFF,0xFF,0xFF,0xFF,0xFF,0xFF,0xFF,0xFF,0xFF,0xFF,
0xFF,0xFF,0xFF,0xFF,0xFF,0xFF,0xFF,0xFF,0xFF,0xFF,0xFF,0xFF,0xFF,0xFF,0xFF,0xFF,
0xFF,0xFF,0xFF,0xFF,0xFF,0xFF,0xFF,0xFF,0xFF,0xFF,0xFF,0xFF,0xFF,0xFF,0xFF,0xFF,
0xFF,0xFF,0xFF,0xFF,0xFF,0xFF,0xFF,0xFF,0xFF,0xFF,0xFF,0xFF,0xFF,0xFF,0xFF,0xFF,
0xFF,0xFF,0xFF,0xFF,0xFF,0xFF,0xFF,0xFF,0xFF,0xFF,0xFF,0xFF,0xFF,0xFF,0xFF,0xFF,
0xFF,0xFF,0xFF,0xFF,0xFF,0xFF,0xFF,0xFF,0xFF,0xFF,0xFF,0xFF,0xFF,0xFF,0xFF,0xFF,
0xFF,0xFF,0xFF,0xFF,0xFF,0xFF,0xFF,0xFF,0xFF,0xFF,0xFF,0xFF,0xFF,0xFF,0xFF,0xFF,
0xFF,0xFF,0xFF,0xFF,0xFF,0xFF,0xFF,0xFF,0xFF,0xFF,0xFF,0xFF,0xFF,0xFF,0xFF,0xFF,
0xFF,0xFF,0xFF,0xFF,0xFF,0xFF,0xFF,0xFF,0xFF,0xFF,0xFF,0xFF,0xFF,0xFF,0xFF,0xFF,
0xFF,0xFF,0xFF,0xFF,0xFF,0xFF,0xFF,0xFF,0xFF,0xFF,0xFF,0xFF,0xFF,0xFF,0xFF,0xFF,
0xFF,0xFF,0xFF,0xFF,0xFF,0xFF,0xFF,0xFF,0xFF,0xFF,0xFF,0xFF,0xFF,0xFF,0xFF,0xFF,
0xFF,0xFF,0xFF,0xFF,0xFF,0xFF,0xFF,0xFF,0xFF,0xFF,0xFF,0xFF,0xFF,0xFF,0xFF,0xFF,
0xFF,0xFF,0xFF,0xFF,0xFF,0xFF,0xFF,0xFF,0xFF,0xFF,0xFF,0xFF,0xFF,0xFF,0xFF,0xFF,
0xFF,0xFF,0xFF,0xFF,0xFF,0xFF,0xFF,0xFF,0xFF,0xFF,0xFF,0xFF,0xFF,0xFF,0xFF,0xFF,
0xFF,0xFF,0xFF,0xFF,0xFF,0xFF,0xFF,0xFF,0xFF,0xFF,0xFF,0xFF,0xFF,0xFF,0xFF,0xFF,
0xFF,0xFF,0xFF,0xFF,0xFF,0xFF,0xFF,0xFF,0xFF,0xFF,0xFF,0xFF,0xFF,0xFF,0xFF,0xFF,
0xFF,0xFF,0xFF,0xFF,0xFF,0xFF,0xFF,0xFF,0xFF,0xFF,0xFF,0xFF,0xFF,0xFF,0xFF,0xFF,
0xFF,0xFF,0xFF,0xFF,0xFF,0xFF,0xFF,0xFF,0xFF,0xFF,0xFF,0xFF,0xFF,0xFF,0xFF,0xFF,
0xFF,0xFF,0xFF,0xFF,0xFF,0xFF,0xFF,0xFF,0xFF,0xFF,0xFF,0xFF,0xFF,0xFF,0xFF,0xFF,
0xFF,0xFF,0xFF,0xFF,0xFF,0xFF,0xFF,0xFF,0xFF,0xFF,0xFF,0xFF,0xFF,0xFF,0xFF,0xFF,
0xFF,0xFF,0xFF,0xFF,0xFF,0xFF,0xFF,0xFF,0xFF,0xFF,0xFF,0xFF,0xFF,0xFF,0xFF,0xFF,
0xFF,0xFF,0xFF,0xFF,0xFF,0xFF,0xFF,0xFF,0xFF,0xFF,0xFF,0xFF,0xFF,0xFF,0xFF,0xFF,
0xFF,0xFF,0xFF,0xFF,0xFF,0xFF,0xFF,0xFF,0xFF,0xFF,0xFF,0xFF,0xFF,0xFF,0xFF,0xFF,
0xFF,0xFF,0xFF,0xFF,0xFF,0xFF,0xFF,0xFF,0xFF,0xFF,0xFF,0xFF,0xFF,0xFF,0xFF,0xFF,
0xFF,0xFF,0xFF,0xFF,0xFF,0xFF,0xFF,0xFF,0xFF,0xFF,0xFF,0xFF,0xFF,0xFF,0xFF,0xFF,
0xFF,0xFF,0xFF,0xFF,0xFF,0xFF,0xFF,0xFF,0xFF,0xFF,0xFF,0xFF,0xFF,0xFF,0xFF,0xFF,
0xFF,0xFF,0xFF,0xFF,0xFF,0xFF,0xFF,0xFF,0xFF,0xFF,0xFF,0xFF,0xFF,0xFF,0xFF,0xFF,
0xFF,0xFF,0xFF,0xFF,0xFF,0xFF,0xFF,0xFF,0xFF,0xFF,0xFF,0xFF,0xFF,0xFF,0xFF,0xFF,
0xFF,0xFF,0xFF,0xFF,0xFF,0xFF,0xFF,0xFF,0xFF,0xFF,0xFF,0xFF,0xFF,0xFF,0xFF,0xFF,
0xFF,0xFF,0xFF,0xFF,0xFF,0xFF,0xFF,0xFF,0xFF,0xFF,0xFF,0xFF,0xFF,0xFF,0xFF,0xFF,
0xFF,0xFF,0xFF,0xFF,0xFF,0xFF,0xFF,0xFF,0xFF,0xFF,0xFF,0xFF,0xFF,0xFF,0xFF,0xFF,
0xFF,0xFF,0xFF,0xFF,0xFF,0xFF,0xFF,0xFF,0xFF,0xFF,0xFF,0xFF,0xFF,0xFF,0xFF,0xFF,
0xFF,0xFF,0xFF,0xFF,0xFF,0xFF,0xFF,0xFF,0xFF,0xFF,0xFF,0xFF,0xFF,0xFF,0xFF,0xFF,
0xFF,0xFF,0xFF,0xFF,0xFF,0xFF,0xFF,0xFF,0xFF,0xFF,0xFF,0xFF,0xFF,0xFF,0xFF,0xFF,
0xFF,0xFF,0xFF,0xFF,0xFF,0xFF,0xFF,0xFF,0xFF,0xFF,0xFF,0xFF,0xFF,0xFF,0xFF,0xFF,
0xFF,0xFF,0xFF,0xFF,0xFF,0xFF,0xFF,0xFF,0xFF,0xFF,0xFF,0xFF,0xFF,0xFF,0xFF,0xFF,
0xFF,0xFF,0xFF,0xFF,0xFF,0xFF,0xFF,0xFF,0xFF,0xFF,0xFF,0xFF,0xFF,0xFF,0xFF,0xFF,
0xFF,0xFF,0xFF,0xFF,0xFF,0xFF,0xFF,0xFF,0xFF,0xFF,0xFF,0xFF,0xFF,0xFF,0xFF,0xFF,
0xFF,0xFF,0xFF,0xFF,0xFF,0xFF,0xFF,0xFF,0xFF,0xFF,0xFF,0xFF,0xFF,0xFF,0xFF,0xFF,
0xFF,0xFF,0xFF,0xFF,0xFF,0xFF,0xFF,0xFF,0xFF,0xFF,0xFF,0xFF,0xFF,0xFF,0xFF,0xFF,
0xFF,0xFF,0xFF,0xFF,0xFF,0xFF,0xFF,0xFF,0xFF,0xFF,0xFF,0xFF,0xFF,0xFF,0xFF,0xFF,
0xFF,0xFF,0xFF,0xFF,0xFF,0xFF,0xFF,0xFF,0xFF,0xFF,0xFF,0xFF,0xFF,0xFF,0xFF,0xFF,
0xFF,0xFF,0xFF,0xFF,0xFF,0xFF,0xFF,0xFF,0xFF,0xFF,0xFF,0xFF,0xFF,0xFF,0xFF,0xFF,
0xFF,0xFF,0xFF,0xFF,0xFF,0xFF,0xFF,0xFF,0xFF,0xFF,0xFF,0xFF,0xFF,0xFF,0xFF,0xFF,
0xFF,0xFF,0xFF,0xFF,0xFF,0xFF,0xFF,0xFF,0xFF,0xFF,0xFF,0xFF,0xFF,0xFF,0xFF,0xFF,
0xFF,0xFF,0xFF,0xFF,0xFF,0xFF,0xFF,0xFF,0xFF,0xFF,0xFF,0xFF,0xFF,0xFF,0xFF,0xFF,
0xFF,0xFF,0xFF,0xFF,0xFF,0xFF,0xFF,0xFF,0xFF,0xFF,0xFF,0xFF,0xFF,0xFF,0xFF,0xFF,
0xFF,0xFF,0xFF,0xFF,0xFF,0xFF,0xFF,0xFF,0xFF,0xFF,0xFF,0xFF,0xFF,0xFF,0xFF,0xFF,
0xFF,0xFF,0xFF,0xFF,0xFF,0xFF,0xFF,0xFF,0xFF,0xFF,0xFF,0xFF,0xFF,0xFF,0xFF,0xFF,
0xFF,0xFF,0xFF,0xFF,0xFF,0xFF,0xFF,0xFF,0xFF,0xFF,0xFF,0xFF,0xFF,0xFF,0xFF,0xFF,
0xFF,0xFF,0xFF,0xFF,0xFF,0xFF,0xFF,0xFF,0xFF,0xFF,0xFF,0xFF,0xFF,0xFF,0xFF,0xFF,
0xFF,0xFF,0xFF,0xFF,0xFF,0xFF,0xFF,0xFF,0xFF,0xFF,0xFF,0xFF,0xFF,0xFF,0xFF,0xFF,
0xFF,0xFF,0xFF,0xFF,0xFF,0xFF,0xFF,0xFF,0xFF,0xFF,0xFF,0xFF,0xFF,0xFF,0xFF,0xFF,
0xFF,0xFF,0xFF,0xFF,0xFF,0xFF,0xFF,0xFF,0xFF,0xFF,0xFF,0xFF,0xFF,0xFF,0xFF,0xFF,
0xFF,0xFF,0xFF,0xFF,0xFF,0xFF,0xFF,0xFF,0xFF,0xFF,0xFF,0xFF,0xFF,0xFF,0xFF,0xFF,
0xFF,0xFF,0xFF,0xFF,0xFF,0xFF,0xFF,0xFF,0xFF,0xFF,0xFF,0xFF,0xFF,0xFF,0xFF,0xFF,
0xFF,0xFF,0xFF,0xFF,0xFF,0xFF,0xFF,0xFF,0xFF,0xFF,0xFF,0xFF,0xFF,0xFF,0xFF,0xFF,
0xFF,0xFF,0xFF,0xFF,0xFF,0xFF,0xFF,0xFF,0xFF,0xFF,0xFF,0xFF,0xFF,0xFF,0xFF,0xFF,
0xFF,0xFF,0xFF,0xFF,0xFF,0xFF,0xFF,0xFF,0xFF,0xFF,0xFF,0xFF,0xFF,0xFF,0xFF,0xFF,
0xFF,0xFF,0xFF,0xFF,0xFF,0xFF,0xFF,0xFF,0xFF,0xFF,0xFF,0xFF,0xFF,0xFF,0xFF,0xFF,
0xFF,0xFF,0xFF,0xFF,0xFF,0xFF,0xFF,0xFF,0xFF,0xFF,0xFF,0xFF,0xFF,0xFF,0xFF,0xFF,
0xFF,0xFF,0xFF,0xFF,0xFF,0xFF,0xFF,0xFF,0xFF,0xFF,0xFF,0xFF,0xFF,0xFF,0xFF,0xFF,
0xFF,0xFF,0xFF,0xFF,0xFF,0xFF,0xFF,0xFF,0xFF,0xFF,0xFF,0xFF,0xFF,0xFF,0xFF,0xFF,
0xFF,0xFF,0xFF,0xFF,0xFF,0xFF,0xFF,0xFF,0xFF,0xFF,0xFF,0xFF,0xFF,0xFF,0xFF,0xFF,
0xFF,0xFF,0xFF,0xFF,0xFF,0xFF,0xFF,0xFF,0xFF,0xFF,0xFF,0xFF,0xFF,0xFF,0xFF,0xFF,
0xFF,0xFF,0xFF,0xFF,0xFF,0xFF,0xFF,0xFF,0xFF,0xFF,0xFF,0xFF,0xFF,0xFF,0xFF,0xFF,
0xFF,0xFF,0xFF,0xFF,0xFF,0xFF,0xFF,0xFF,0xFF,0xFF,0xFF,0xFF,0xFF,0xFF,0xFF,0xFF,
0xFF,0xFF,0xFF,0xFF,0xFF,0xFF,0xFF,0xFF,0xFF,0xFF,0xFF,0xFF,0xFF,0xFF,0xFF,0xFF,
0xFF,0xFF,0xFF,0xFF,0xFF,0xFF,0xFF,0xFF,0xFF,0xFF,0xFF,0xFF,0xFF,0xFF,0xFF,0xFF,
0xFF,0xFF,0xFF,0xFF,0xFF,0xFF,0xFF,0xFF,0xFF,0xFF,0xFF,0xFF,0xFF,0xFF,0xFF,0xFF,
0xFF,0xFF,0xFF,0xFF,0xFF,0xFF,0xFF,0xFF,0xFF,0xFF,0xFF,0xFF,0xFF,0xFF,0xFF,0xFF,
0xFF,0xFF,0xFF,0xFF,0xFF,0xFF,0xFF,0xFF,0xFF,0xFF,0xFF,0xFF,0xFF,0xFF,0xFF,0xFF,
0xFF,0xFF,0xFF,0xFF,0xFF,0xFF,0xFF,0xFF,0xFF,0xFF,0xFF,0xFF,0xFF,0xFF,0xFF,0xFF,
0xFF,0xFF,0xFF,0xFF,0xFF,0xFF,0xFF,0xFF,0xFF,0xFF,0xFF,0xFF,0xFF,0xFF,0xFF,0xFF,
0xFF,0xFF,0xFF,0xFF,0xFF,0xFF,0xFF,0xFF,0xFF,0xFF,0xFF,0xFF,0xFF,0xFF,0xFF,0xFF,
0xFF,0xFF,0xFF,0xFF,0xFF,0xFF,0xFF,0xFF,0xFF,0xFF,0xFF,0xFF,0xFF,0xFF,0xFF,0xFF,
0xFF,0xFF,0xFF,0xFF,0xFF,0xFF,0xFF,0xFF,0xFF,0xFF,0xFF,0xFF,0xFF,0xFF,0xFF,0xFF,
0xFF,0xFF,0xFF,0xFF,0xFF,0xFF,0xFF,0xFF,0xFF,0xFF,0xFF,0xFF,0xFF,0xFF,0xFF,0xFF,
0xFF,0xFF,0xFF,0xFF,0xFF,0xFF,0xFF,0xFF,0xFF,0xFF,0xFF,0xFF,0xFF,0xFF,0xFF,0xFF,
0xFF,0xFF,0xFF,0xFF,0xFF,0xFF,0xFF,0xFF,0xFF,0xFF,0xFF,0xFF,0xFF,0xFF,0xFF,0xFF,
0xFF,0xFF,0xFF,0xFF,0xFF,0xFF,0xFF,0xFF,0xFF,0xFF,0xFF,0xFF,0xFF,0xFF,0xFF,0xFF,
0xFF,0xFF,0xFF,0xFF,0xFF,0xFF,0xFF,0xFF,0xFF,0xFF,0xFF,0xFF,0xFF,0xFF,0xFF,0xFF,
0xFF,0xFF,0xFF,0xFF,0xFF,0xFF,0xFF,0xFF,0xFF,0xFF,0xFF,0xFF,0xFF,0xFF,0xFF,0xFF,
0xFF,0xFF,0xFF,0xFF,0xFF,0xFF,0xFF,0xFF,0xFF,0xFF,0xFF,0xFF,0xFF,0xFF,0xFF,0xFF,
0xFF,0xFF,0xFF,0xFF,0xFF,0xFF,0xFF,0xFF,0xFF,0xFF,0xFF,0xFF,0xFF,0xFF,0xFF,0xFF,
0xFF,0xFF,0xFF,0xFF,0xFF,0xFF,0xFF,0xFF,0xFF,0xFF,0xFF,0xFF,0xFF,0xFF,0xFF,0xFF,
0xFF,0xFF,0xFF,0xFF,0xFF,0xFF,0xFF,0xFF,0xFF,0xFF,0xFF,0xFF,0xFF,0xFF,0xFF,0xFF,
0xFF,0xFF,0xFF,0xFF,0xFF,0xFF,0xFF,0xFF,0xFF,0xFF,0xFF,0xFF,0xFF,0xFF,0xE0,0x0F,
0xE0,0x0F,0xE0,0x0F,0xE0,0x0F,0xE1,0x21,0xED,0x1A,0xE0,0x0F,0xE0,0x0F,0xE0,0x0F,
};

const uint32_t rd_phase_exp_table[0x10000] EXP_BINARY_FLASH_DATA_ATTR = {
0x000080,0x000080,0x000080,0x000080,0x000080,0x000080,0x000080,0x000080,
0x000080,0x000080,0x000080,0x000080,0x000080,0x000080,0x000080,0x000080,
0x000080,0x000080,0x000080,0x000080,0x000080,0x000080,0x000080,0x000080,
0x000080,0x000080,0x000080,0x000080,0x000080,0x000080,0x000080,0x000080,
0x000080,0x000080,0x000080,0x000080,0x000080,0x000080,0x000080,0x000080,
0x000080,0x000080,0x000080,0x000080,0x000080,0x000080,0x000081,0x000081,
0x000081,0x000081,0x000081,0x000081,0x000081,0x000081,0x000081,0x000081,
0x000081,0x000081,0x000081,0x000081,0x000081,0x000081,0x000081,0x000081,
0x000081,0x000081,0x000081,0x000081,0x000081,0x000081,0x000081,0x000081,
0x000081,0x000081,0x000081,0x000081,0x000081,0x000081,0x000081,0x000081,
0x000081,0x000081,0x000081,0x000081,0x000081,0x000081,0x000081,0x000081,
0x000081,0x000081,0x000081,0x000081,0x000082,0x000082,0x000082,0x000082,
0x000082,0x000082,0x000082,0x000082,0x000082,0x000082,0x000082,0x000082,
0x000082,0x000082,0x000082,0x000082,0x000082,0x000082,0x000082,0x000082,
0x000082,0x000082,0x000082,0x000082,0x000082,0x000082,0x000082,0x000082,
0x000082,0x000082,0x000082,0x000082,0x000082,0x000082,0x000082,0x000082,
0x000082,0x000082,0x000082,0x000082,0x000082,0x000082,0x000082,0x000082,
0x000082,0x000083,0x000083,0x000083,0x000083,0x000083,0x000083,0x000083,
0x000083,0x000083,0x000083,0x000083,0x000083,0x000083,0x000083,0x000083,
0x000083,0x000083,0x000083,0x000083,0x000083,0x000083,0x000083,0x000083,
0x000083,0x000083,0x000083,0x000083,0x000083,0x000083,0x000083,0x000083,
0x000083,0x000083,0x000083,0x000083,0x000083,0x000083,0x000083,0x000083,
0x000083,0x000083,0x000083,0x000083,0x000083,0x000083,0x000084,0x000084,
0x000084,0x000084,0x000084,0x000084,0x000084,0x000084,0x000084,0x000084,
0x000084,0x000084,0x000084,0x000084,0x000084,0x000084,0x000084,0x000084,
0x000084,0x000084,0x000084,0x000084,0x000084,0x000084,0x000084,0x000084,
0x000084,0x000084,0x000084,0x000084,0x000084,0x000084,0x000084,0x000084,
0x000084,0x000084,0x000084,0x000084,0x000084,0x000084,0x000084,0x000084,
0x000084,0x000084,0x000084,0x000085,0x000085,0x000085,0x000085,0x000085,
0x000085,0x000085,0x000085,0x000085,0x000085,0x000085,0x000085,0x000085,
0x000085,0x000085,0x000085,0x000085,0x000085,0x000085,0x000085,0x000085,
0x000085,0x000085,0x000085,0x000085,0x000085,0x000085,0x000085,0x000085,
0x000085,0x000085,0x000085,0x000085,0x000085,0x000085,0x000085,0x000085,
0x000085,0x000085,0x000085,0x000085,0x000085,0x000085,0x000085,0x000086,
0x000086,0x000086,0x000086,0x000086,0x000086,0x000086,0x000086,0x000086,
0x000086,0x000086,0x000086,0x000086,0x000086,0x000086,0x000086,0x000086,
0x000086,0x000086,0x000086,0x000086,0x000086,0x000086,0x000086,0x000086,
0x000086,0x000086,0x000086,0x000086,0x000086,0x000086,0x000086,0x000086,
0x000086,0x000086,0x000086,0x000086,0x000086,0x000086,0x000086,0x000086,
0x000086,0x000086,0x000086,0x000087,0x000087,0x000087,0x000087,0x000087,
0x000087,0x000087,0x000087,0x000087,0x000087,0x000087,0x000087,0x000087,
0x000087,0x000087,0x000087,0x000087,0x000087,0x000087,0x000087,0x000087,
0x000087,0x000087,0x000087,0x000087,0x000087,0x000087,0x000087,0x000087,
0x000087,0x000087,0x000087,0x000087,0x000087,0x000087,0x000087,0x000087,
0x000087,0x000087,0x000087,0x000087,0x000087,0x000087,0x000088,0x000088,
0x000088,0x000088,0x000088,0x000088,0x000088,0x000088,0x000088,0x000088,
0x000088,0x000088,0x000088,0x000088,0x000088,0x000088,0x000088,0x000088,
0x000088,0x000088,0x000088,0x000088,0x000088,0x000088,0x000088,0x000088,
0x000088,0x000088,0x000088,0x000088,0x000088,0x000088,0x000088,0x000088,
0x000088,0x000088,0x000088,0x000088,0x000088,0x000088,0x000088,0x000088,
0x000088,0x000088,0x000089,0x000089,0x000089,0x000089,0x000089,0x000089,
0x000089,0x000089,0x000089,0x000089,0x000089,0x000089,0x000089,0x000089,
0x000089,0x000089,0x000089,0x000089,0x000089,0x000089,0x000089,0x000089,
0x000089,0x000089,0x000089,0x000089,0x000089,0x000089,0x000089,0x000089,
0x000089,0x000089,0x000089,0x000089,0x000089,0x000089,0x000089,0x000089,
0x000089,0x000089,0x000089,0x000089,0x000089,0x00008A,0x00008A,0x00008A,
0x00008A,0x00008A,0x00008A,0x00008A,0x00008A,0x00008A,0x00008A,0x00008A,
0x00008A,0x00008A,0x00008A,0x00008A,0x00008A,0x00008A,0x00008A,0x00008A,
0x00008A,0x00008A,0x00008A,0x00008A,0x00008A,0x00008A,0x00008A,0x00008A,
0x00008A,0x00008A,0x00008A,0x00008A,0x00008A,0x00008A,0x00008A,0x00008A,
0x00008A,0x00008A,0x00008A,0x00008A,0x00008A,0x00008A,0x00008A,0x00008B,
0x00008B,0x00008B,0x00008B,0x00008B,0x00008B,0x00008B,0x00008B,0x00008B,
0x00008B,0x00008B,0x00008B,0x00008B,0x00008B,0x00008B,0x00008B,0x00008B,
0x00008B,0x00008B,0x00008B,0x00008B,0x00008B,0x00008B,0x00008B,0x00008B,
0x00008B,0x00008B,0x00008B,0x00008B,0x00008B,0x00008B,0x00008B,0x00008B,
0x00008B,0x00008B,0x00008B,0x00008B,0x00008B,0x00008B,0x00008B,0x00008B,
0x00008B,0x00008B,0x00008C,0x00008C,0x00008C,0x00008C,0x00008C,0x00008C,
0x00008C,0x00008C,0x00008C,0x00008C,0x00008C,0x00008C,0x00008C,0x00008C,
0x00008C,0x00008C,0x00008C,0x00008C,0x00008C,0x00008C,0x00008C,0x00008C,
0x00008C,0x00008C,0x00008C,0x00008C,0x00008C,0x00008C,0x00008C,0x00008C,
0x00008C,0x00008C,0x00008C,0x00008C,0x00008C,0x00008C,0x00008C,0x00008C,
0x00008C,0x00008C,0x00008C,0x00008C,0x00008D,0x00008D,0x00008D,0x00008D,
0x00008D,0x00008D,0x00008D,0x00008D,0x00008D,0x00008D,0x00008D,0x00008D,
0x00008D,0x00008D,0x00008D,0x00008D,0x00008D,0x00008D,0x00008D,0x00008D,
0x00008D,0x00008D,0x00008D,0x00008D,0x00008D,0x00008D,0x00008D,0x00008D,
0x00008D,0x00008D,0x00008D,0x00008D,0x00008D,0x00008D,0x00008D,0x00008D,
0x00008D,0x00008D,0x00008D,0x00008D,0x00008D,0x00008D,0x00008E,0x00008E,
0x00008E,0x00008E,0x00008E,0x00008E,0x00008E,0x00008E,0x00008E,0x00008E,
0x00008E,0x00008E,0x00008E,0x00008E,0x00008E,0x00008E,0x00008E,0x00008E,
0x00008E,0x00008E,0x00008E,0x00008E,0x00008E,0x00008E,0x00008E,0x00008E,
0x00008E,0x00008E,0x00008E,0x00008E,0x00008E,0x00008E,0x00008E,0x00008E,
0x00008E,0x00008E,0x00008E,0x00008E,0x00008E,0x00008E,0x00008E,0x00008F,
0x00008F,0x00008F,0x00008F,0x00008F,0x00008F,0x00008F,0x00008F,0x00008F,
0x00008F,0x00008F,0x00008F,0x00008F,0x00008F,0x00008F,0x00008F,0x00008F,
0x00008F,0x00008F,0x00008F,0x00008F,0x00008F,0x00008F,0x00008F,0x00008F,
0x00008F,0x00008F,0x00008F,0x00008F,0x00008F,0x00008F,0x00008F,0x00008F,
0x00008F,0x00008F,0x00008F,0x00008F,0x00008F,0x00008F,0x00008F,0x00008F,
0x000090,0x000090,0x000090,0x000090,0x000090,0x000090,0x000090,0x000090,
0x000090,0x000090,0x000090,0x000090,0x000090,0x000090,0x000090,0x000090,
0x000090,0x000090,0x000090,0x000090,0x000090,0x000090,0x000090,0x000090,
0x000090,0x000090,0x000090,0x000090,0x000090,0x000090,0x000090,0x000090,
0x000090,0x000090,0x000090,0x000090,0x000090,0x000090,0x000090,0x000090,
0x000090,0x000091,0x000091,0x000091,0x000091,0x000091,0x000091,0x000091,
0x000091,0x000091,0x000091,0x000091,0x000091,0x000091,0x000091,0x000091,
0x000091,0x000091,0x000091,0x000091,0x000091,0x000091,0x000091,0x000091,
0x000091,0x000091,0x000091,0x000091,0x000091,0x000091,0x000091,0x000091,
0x000091,0x000091,0x000091,0x000091,0x000091,0x000091,0x000091,0x000091,
0x000091,0x000091,0x000092,0x000092,0x000092,0x000092,0x000092,0x000092,
0x000092,0x000092,0x000092,0x000092,0x000092,0x000092,0x000092,0x000092,
0x000092,0x000092,0x000092,0x000092,0x000092,0x000092,0x000092,0x000092,
0x000092,0x000092,0x000092,0x000092,0x000092,0x000092,0x000092,0x000092,
0x000092,0x000092,0x000092,0x000092,0x000092,0x000092,0x000092,0x000092,
0x000092,0x000092,0x000093,0x000093,0x000093,0x000093,0x000093,0x000093,
0x000093,0x000093,0x000093,0x000093,0x000093,0x000093,0x000093,0x000093,
0x000093,0x000093,0x000093,0x000093,0x000093,0x000093,0x000093,0x000093,
0x000093,0x000093,0x000093,0x000093,0x000093,0x000093,0x000093,0x000093,
0x000093,0x000093,0x000093,0x000093,0x000093,0x000093,0x000093,0x000093,
0x000093,0x000093,0x000094,0x000094,0x000094,0x000094,0x000094,0x000094,
0x000094,0x000094,0x000094,0x000094,0x000094,0x000094,0x000094,0x000094,
0x000094,0x000094,0x000094,0x000094,0x000094,0x000094,0x000094,0x000094,
0x000094,0x000094,0x000094,0x000094,0x000094,0x000094,0x000094,0x000094,
0x000094,0x000094,0x000094,0x000094,0x000094,0x000094,0x000094,0x000094,
0x000094,0x000094,0x000095,0x000095,0x000095,0x000095,0x000095,0x000095,
0x000095,0x000095,0x000095,0x000095,0x000095,0x000095,0x000095,0x000095,
0x000095,0x000095,0x000095,0x000095,0x000095,0x000095,0x000095,0x000095,
0x000095,0x000095,0x000095,0x000095,0x000095,0x000095,0x000095,0x000095,
0x000095,0x000095,0x000095,0x000095,0x000095,0x000095,0x000095,0x000095,
0x000095,0x000096,0x000096,0x000096,0x000096,0x000096,0x000096,0x000096,
0x000096,0x000096,0x000096,0x000096,0x000096,0x000096,0x000096,0x000096,
0x000096,0x000096,0x000096,0x000096,0x000096,0x000096,0x000096,0x000096,
0x000096,0x000096,0x000096,0x000096,0x000096,0x000096,0x000096,0x000096,
0x000096,0x000096,0x000096,0x000096,0x000096,0x000096,0x000096,0x000096,
0x000096,0x000097,0x000097,0x000097,0x000097,0x000097,0x000097,0x000097,
0x000097,0x000097,0x000097,0x000097,0x000097,0x000097,0x000097,0x000097,
0x000097,0x000097,0x000097,0x000097,0x000097,0x000097,0x000097,0x000097,
0x000097,0x000097,0x000097,0x000097,0x000097,0x000097,0x000097,0x000097,
0x000097,0x000097,0x000097,0x000097,0x000097,0x000097,0x000097,0x000097,
0x000098,0x000098,0x000098,0x000098,0x000098,0x000098,0x000098,0x000098,
0x000098,0x000098,0x000098,0x000098,0x000098,0x000098,0x000098,0x000098,
0x000098,0x000098,0x000098,0x000098,0x000098,0x000098,0x000098,0x000098,
0x000098,0x000098,0x000098,0x000098,0x000098,0x000098,0x000098,0x000098,
0x000098,0x000098,0x000098,0x000098,0x000098,0x000098,0x000099,0x000099,
0x000099,0x000099,0x000099,0x000099,0x000099,0x000099,0x000099,0x000099,
0x000099,0x000099,0x000099,0x000099,0x000099,0x000099,0x000099,0x000099,
0x000099,0x000099,0x000099,0x000099,0x000099,0x000099,0x000099,0x000099,
0x000099,0x000099,0x000099,0x000099,0x000099,0x000099,0x000099,0x000099,
0x000099,0x000099,0x000099,0x000099,0x000099,0x00009A,0x00009A,0x00009A,
0x00009A,0x00009A,0x00009A,0x00009A,0x00009A,0x00009A,0x00009A,0x00009A,
0x00009A,0x00009A,0x00009A,0x00009A,0x00009A,0x00009A,0x00009A,0x00009A,
0x00009A,0x00009A,0x00009A,0x00009A,0x00009A,0x00009A,0x00009A,0x00009A,
0x00009A,0x00009A,0x00009A,0x00009A,0x00009A,0x00009A,0x00009A,0x00009A,
0x00009A,0x00009A,0x00009A,0x00009B,0x00009B,0x00009B,0x00009B,0x00009B,
0x00009B,0x00009B,0x00009B,0x00009B,0x00009B,0x00009B,0x00009B,0x00009B,
0x00009B,0x00009B,0x00009B,0x00009B,0x00009B,0x00009B,0x00009B,0x00009B,
0x00009B,0x00009B,0x00009B,0x00009B,0x00009B,0x00009B,0x00009B,0x00009B,
0x00009B,0x00009B,0x00009B,0x00009B,0x00009B,0x00009B,0x00009B,0x00009B,
0x00009B,0x00009C,0x00009C,0x00009C,0x00009C,0x00009C,0x00009C,0x00009C,
0x00009C,0x00009C,0x00009C,0x00009C,0x00009C,0x00009C,0x00009C,0x00009C,
0x00009C,0x00009C,0x00009C,0x00009C,0x00009C,0x00009C,0x00009C,0x00009C,
0x00009C,0x00009C,0x00009C,0x00009C,0x00009C,0x00009C,0x00009C,0x00009C,
0x00009C,0x00009C,0x00009C,0x00009C,0x00009C,0x00009C,0x00009C,0x00009D,
0x00009D,0x00009D,0x00009D,0x00009D,0x00009D,0x00009D,0x00009D,0x00009D,
0x00009D,0x00009D,0x00009D,0x00009D,0x00009D,0x00009D,0x00009D,0x00009D,
0x00009D,0x00009D,0x00009D,0x00009D,0x00009D,0x00009D,0x00009D,0x00009D,
0x00009D,0x00009D,0x00009D,0x00009D,0x00009D,0x00009D,0x00009D,0x00009D,
0x00009D,0x00009D,0x00009D,0x00009D,0x00009E,0x00009E,0x00009E,0x00009E,
0x00009E,0x00009E,0x00009E,0x00009E,0x00009E,0x00009E,0x00009E,0x00009E,
0x00009E,0x00009E,0x00009E,0x00009E,0x00009E,0x00009E,0x00009E,0x00009E,
0x00009E,0x00009E,0x00009E,0x00009E,0x00009E,0x00009E,0x00009E,0x00009E,
0x00009E,0x00009E,0x00009E,0x00009E,0x00009E,0x00009E,0x00009E,0x00009E,
0x00009E,0x00009E,0x00009F,0x00009F,0x00009F,0x00009F,0x00009F,0x00009F,
0x00009F,0x00009F,0x00009F,0x00009F,0x00009F,0x00009F,0x00009F,0x00009F,
0x00009F,0x00009F,0x00009F,0x00009F,0x00009F,0x00009F,0x00009F,0x00009F,
0x00009F,0x00009F,0x00009F,0x00009F,0x00009F,0x00009F,0x00009F,0x00009F,
0x00009F,0x00009F,0x00009F,0x00009F,0x00009F,0x00009F,0x00009F,0x0000A0,
0x0000A0,0x0000A0,0x0000A0,0x0000A0,0x0000A0,0x0000A0,0x0000A0,0x0000A0,
0x0000A0,0x0000A0,0x0000A0,0x0000A0,0x0000A0,0x0000A0,0x0000A0,0x0000A0,
0x0000A0,0x0000A0,0x0000A0,0x0000A0,0x0000A0,0x0000A0,0x0000A0,0x0000A0,
0x0000A0,0x0000A0,0x0000A0,0x0000A0,0x0000A0,0x0000A0,0x0000A0,0x0000A0,
0x0000A0,0x0000A0,0x0000A0,0x0000A0,0x0000A1,0x0000A1,0x0000A1,0x0000A1,
0x0000A1,0x0000A1,0x0000A1,0x0000A1,0x0000A1,0x0000A1,0x0000A1,0x0000A1,
0x0000A1,0x0000A1,0x0000A1,0x0000A1,0x0000A1,0x0000A1,0x0000A1,0x0000A1,
0x0000A1,0x0000A1,0x0000A1,0x0000A1,0x0000A1,0x0000A1,0x0000A1,0x0000A1,
0x0000A1,0x0000A1,0x0000A1,0x0000A1,0x0000A1,0x0000A1,0x0000A1,0x0000A1,
0x0000A2,0x0000A2,0x0000A2,0x0000A2,0x0000A2,0x0000A2,0x0000A2,0x0000A2,
0x0000A2,0x0000A2,0x0000A2,0x0000A2,0x0000A2,0x0000A2,0x0000A2,0x0000A2,
0x0000A2,0x0000A2,0x0000A2,0x0000A2,0x0000A2,0x0000A2,0x0000A2,0x0000A2,
0x0000A2,0x0000A2,0x0000A2,0x0000A2,0x0000A2,0x0000A2,0x0000A2,0x0000A2,
0x0000A2,0x0000A2,0x0000A2,0x0000A2,0x0000A2,0x0000A3,0x0000A3,0x0000A3,
0x0000A3,0x0000A3,0x0000A3,0x0000A3,0x0000A3,0x0000A3,0x0000A3,0x0000A3,
0x0000A3,0x0000A3,0x0000A3,0x0000A3,0x0000A3,0x0000A3,0x0000A3,0x0000A3,
0x0000A3,0x0000A3,0x0000A3,0x0000A3,0x0000A3,0x0000A3,0x0000A3,0x0000A3,
0x0000A3,0x0000A3,0x0000A3,0x0000A3,0x0000A3,0x0000A3,0x0000A3,0x0000A3,
0x0000A3,0x0000A4,0x0000A4,0x0000A4,0x0000A4,0x0000A4,0x0000A4,0x0000A4,
0x0000A4,0x0000A4,0x0000A4,0x0000A4,0x0000A4,0x0000A4,0x0000A4,0x0000A4,
0x0000A4,0x0000A4,0x0000A4,0x0000A4,0x0000A4,0x0000A4,0x0000A4,0x0000A4,
0x0000A4,0x0000A4,0x0000A4,0x0000A4,0x0000A4,0x0000A4,0x0000A4,0x0000A4,
0x0000A4,0x0000A4,0x0000A4,0x0000A4,0x0000A4,0x0000A5,0x0000A5,0x0000A5,
0x0000A5,0x0000A5,0x0000A5,0x0000A5,0x0000A5,0x0000A5,0x0000A5,0x0000A5,
0x0000A5,0x0000A5,0x0000A5,0x0000A5,0x0000A5,0x0000A5,0x0000A5,0x0000A5,
0x0000A5,0x0000A5,0x0000A5,0x0000A5,0x0000A5,0x0000A5,0x0000A5,0x0000A5,
0x0000A5,0x0000A5,0x0000A5,0x0000A5,0x0000A5,0x0000A5,0x0000A5,0x0000A5,
0x0000A6,0x0000A6,0x0000A6,0x0000A6,0x0000A6,0x0000A6,0x0000A6,0x0000A6,
0x0000A6,0x0000A6,0x0000A6,0x0000A6,0x0000A6,0x0000A6,0x0000A6,0x0000A6,
0x0000A6,0x0000A6,0x0000A6,0x0000A6,0x0000A6,0x0000A6,0x0000A6,0x0000A6,
0x0000A6,0x0000A6,0x0000A6,0x0000A6,0x0000A6,0x0000A6,0x0000A6,0x0000A6,
0x0000A6,0x0000A6,0x0000A6,0x0000A6,0x0000A7,0x0000A7,0x0000A7,0x0000A7,
0x0000A7,0x0000A7,0x0000A7,0x0000A7,0x0000A7,0x0000A7,0x0000A7,0x0000A7,
0x0000A7,0x0000A7,0x0000A7,0x0000A7,0x0000A7,0x0000A7,0x0000A7,0x0000A7,
0x0000A7,0x0000A7,0x0000A7,0x0000A7,0x0000A7,0x0000A7,0x0000A7,0x0000A7,
0x0000A7,0x0000A7,0x0000A7,0x0000A7,0x0000A7,0x0000A7,0x0000A7,0x0000A8,
0x0000A8,0x0000A8,0x0000A8,0x0000A8,0x0000A8,0x0000A8,0x0000A8,0x0000A8,
0x0000A8,0x0000A8,0x0000A8,0x0000A8,0x0000A8,0x0000A8,0x0000A8,0x0000A8,
0x0000A8,0x0000A8,0x0000A8,0x0000A8,0x0000A8,0x0000A8,0x0000A8,0x0000A8,
0x0000A8,0x0000A8,0x0000A8,0x0000A8,0x0000A8,0x0000A8,0x0000A8,0x0000A8,
0x0000A8,0x0000A8,0x0000A9,0x0000A9,0x0000A9,0x0000A9,0x0000A9,0x0000A9,
0x0000A9,0x0000A9,0x0000A9,0x0000A9,0x0000A9,0x0000A9,0x0000A9,0x0000A9,
0x0000A9,0x0000A9,0x0000A9,0x0000A9,0x0000A9,0x0000A9,0x0000A9,0x0000A9,
0x0000A9,0x0000A9,0x0000A9,0x0000A9,0x0000A9,0x0000A9,0x0000A9,0x0000A9,
0x0000A9,0x0000A9,0x0000A9,0x0000A9,0x0000A9,0x0000AA,0x0000AA,0x0000AA,
0x0000AA,0x0000AA,0x0000AA,0x0000AA,0x0000AA,0x0000AA,0x0000AA,0x0000AA,
0x0000AA,0x0000AA,0x0000AA,0x0000AA,0x0000AA,0x0000AA,0x0000AA,0x0000AA,
0x0000AA,0x0000AA,0x0000AA,0x0000AA,0x0000AA,0x0000AA,0x0000AA,0x0000AA,
0x0000AA,0x0000AA,0x0000AA,0x0000AA,0x0000AA,0x0000AA,0x0000AA,0x0000AA,
0x0000AB,0x0000AB,0x0000AB,0x0000AB,0x0000AB,0x0000AB,0x0000AB,0x0000AB,
0x0000AB,0x0000AB,0x0000AB,0x0000AB,0x0000AB,0x0000AB,0x0000AB,0x0000AB,
0x0000AB,0x0000AB,0x0000AB,0x0000AB,0x0000AB,0x0000AB,0x0000AB,0x0000AB,
0x0000AB,0x0000AB,0x0000AB,0x0000AB,0x0000AB,0x0000AB,0x0000AB,0x0000AB,
0x0000AB,0x0000AB,0x0000AC,0x0000AC,0x0000AC,0x0000AC,0x0000AC,0x0000AC,
0x0000AC,0x0000AC,0x0000AC,0x0000AC,0x0000AC,0x0000AC,0x0000AC,0x0000AC,
0x0000AC,0x0000AC,0x0000AC,0x0000AC,0x0000AC,0x0000AC,0x0000AC,0x0000AC,
0x0000AC,0x0000AC,0x0000AC,0x0000AC,0x0000AC,0x0000AC,0x0000AC,0x0000AC,
0x0000AC,0x0000AC,0x0000AC,0x0000AC,0x0000AD,0x0000AD,0x0000AD,0x0000AD,
0x0000AD,0x0000AD,0x0000AD,0x0000AD,0x0000AD,0x0000AD,0x0000AD,0x0000AD,
0x0000AD,0x0000AD,0x0000AD,0x0000AD,0x0000AD,0x0000AD,0x0000AD,0x0000AD,
0x0000AD,0x0000AD,0x0000AD,0x0000AD,0x0000AD,0x0000AD,0x0000AD,0x0000AD,
0x0000AD,0x0000AD,0x0000AD,0x0000AD,0x0000AD,0x0000AD,0x0000AD,0x0000AE,
0x0000AE,0x0000AE,0x0000AE,0x0000AE,0x0000AE,0x0000AE,0x0000AE,0x0000AE,
0x0000AE,0x0000AE,0x0000AE,0x0000AE,0x0000AE,0x0000AE,0x0000AE,0x0000AE,
0x0000AE,0x0000AE,0x0000AE,0x0000AE,0x0000AE,0x0000AE,0x0000AE,0x0000AE,
0x0000AE,0x0000AE,0x0000AE,0x0000AE,0x0000AE,0x0000AE,0x0000AE,0x0000AE,
0x0000AF,0x0000AF,0x0000AF,0x0000AF,0x0000AF,0x0000AF,0x0000AF,0x0000AF,
0x0000AF,0x0000AF,0x0000AF,0x0000AF,0x0000AF,0x0000AF,0x0000AF,0x0000AF,
0x0000AF,0x0000AF,0x0000AF,0x0000AF,0x0000AF,0x0000AF,0x0000AF,0x0000AF,
0x0000AF,0x0000AF,0x0000AF,0x0000AF,0x0000AF,0x0000AF,0x0000AF,0x0000AF,
0x0000AF,0x0000AF,0x0000B0,0x0000B0,0x0000B0,0x0000B0,0x0000B0,0x0000B0,
0x0000B0,0x0000B0,0x0000B0,0x0000B0,0x0000B0,0x0000B0,0x0000B0,0x0000B0,
0x0000B0,0x0000B0,0x0000B0,0x0000B0,0x0000B0,0x0000B0,0x0000B0,0x0000B0,
0x0000B0,0x0000B0,0x0000B0,0x0000B0,0x0000B0,0x0000B0,0x0000B0,0x0000B0,
0x0000B0,0x0000B0,0x0000B0,0x0000B0,0x0000B1,0x0000B1,0x0000B1,0x0000B1,
0x0000B1,0x0000B1,0x0000B1,0x0000B1,0x0000B1,0x0000B1,0x0000B1,0x0000B1,
0x0000B1,0x0000B1,0x0000B1,0x0000B1,0x0000B1,0x0000B1,0x0000B1,0x0000B1,
0x0000B1,0x0000B1,0x0000B1,0x0000B1,0x0000B1,0x0000B1,0x0000B1,0x0000B1,
0x0000B1,0x0000B1,0x0000B1,0x0000B1,0x0000B1,0x0000B2,0x0000B2,0x0000B2,
0x0000B2,0x0000B2,0x0000B2,0x0000B2,0x0000B2,0x0000B2,0x0000B2,0x0000B2,
0x0000B2,0x0000B2,0x0000B2,0x0000B2,0x0000B2,0x0000B2,0x0000B2,0x0000B2,
0x0000B2,0x0000B2,0x0000B2,0x0000B2,0x0000B2,0x0000B2,0x0000B2,0x0000B2,
0x0000B2,0x0000B2,0x0000B2,0x0000B2,0x0000B2,0x0000B2,0x0000B3,0x0000B3,
0x0000B3,0x0000B3,0x0000B3,0x0000B3,0x0000B3,0x0000B3,0x0000B3,0x0000B3,
0x0000B3,0x0000B3,0x0000B3,0x0000B3,0x0000B3,0x0000B3,0x0000B3,0x0000B3,
0x0000B3,0x0000B3,0x0000B3,0x0000B3,0x0000B3,0x0000B3,0x0000B3,0x0000B3,
0x0000B3,0x0000B3,0x0000B3,0x0000B3,0x0000B3,0x0000B3,0x0000B3,0x0000B4,
0x0000B4,0x0000B4,0x0000B4,0x0000B4,0x0000B4,0x0000B4,0x0000B4,0x0000B4,
0x0000B4,0x0000B4,0x0000B4,0x0000B4,0x0000B4,0x0000B4,0x0000B4,0x0000B4,
0x0000B4,0x0000B4,0x0000B4,0x0000B4,0x0000B4,0x0000B4,0x0000B4,0x0000B4,
0x0000B4,0x0000B4,0x0000B4,0x0000B4,0x0000B4,0x0000B4,0x0000B4,0x0000B4,
0x0000B5,0x0000B5,0x0000B5,0x0000B5,0x0000B5,0x0000B5,0x0000B5,0x0000B5,
0x0000B5,0x0000B5,0x0000B5,0x0000B5,0x0000B5,0x0000B5,0x0000B5,0x0000B5,
0x0000B5,0x0000B5,0x0000B5,0x0000B5,0x0000B5,0x0000B5,0x0000B5,0x0000B5,
0x0000B5,0x0000B5,0x0000B5,0x0000B5,0x0000B5,0x0000B5,0x0000B5,0x0000B5,
0x0000B6,0x0000B6,0x0000B6,0x0000B6,0x0000B6,0x0000B6,0x0000B6,0x0000B6,
0x0000B6,0x0000B6,0x0000B6,0x0000B6,0x0000B6,0x0000B6,0x0000B6,0x0000B6,
0x0000B6,0x0000B6,0x0000B6,0x0000B6,0x0000B6,0x0000B6,0x0000B6,0x0000B6,
0x0000B6,0x0000B6,0x0000B6,0x0000B6,0x0000B6,0x0000B6,0x0000B6,0x0000B6,
0x0000B6,0x0000B7,0x0000B7,0x0000B7,0x0000B7,0x0000B7,0x0000B7,0x0000B7,
0x0000B7,0x0000B7,0x0000B7,0x0000B7,0x0000B7,0x0000B7,0x0000B7,0x0000B7,
0x0000B7,0x0000B7,0x0000B7,0x0000B7,0x0000B7,0x0000B7,0x0000B7,0x0000B7,
0x0000B7,0x0000B7,0x0000B7,0x0000B7,0x0000B7,0x0000B7,0x0000B7,0x0000B7,
0x0000B7,0x0000B8,0x0000B8,0x0000B8,0x0000B8,0x0000B8,0x0000B8,0x0000B8,
0x0000B8,0x0000B8,0x0000B8,0x0000B8,0x0000B8,0x0000B8,0x0000B8,0x0000B8,
0x0000B8,0x0000B8,0x0000B8,0x0000B8,0x0000B8,0x0000B8,0x0000B8,0x0000B8,
0x0000B8,0x0000B8,0x0000B8,0x0000B8,0x0000B8,0x0000B8,0x0000B8,0x0000B8,
0x0000B8,0x0000B9,0x0000B9,0x0000B9,0x0000B9,0x0000B9,0x0000B9,0x0000B9,
0x0000B9,0x0000B9,0x0000B9,0x0000B9,0x0000B9,0x0000B9,0x0000B9,0x0000B9,
0x0000B9,0x0000B9,0x0000B9,0x0000B9,0x0000B9,0x0000B9,0x0000B9,0x0000B9,
0x0000B9,0x0000B9,0x0000B9,0x0000B9,0x0000B9,0x0000B9,0x0000B9,0x0000B9,
0x0000B9,0x0000BA,0x0000BA,0x0000BA,0x0000BA,0x0000BA,0x0000BA,0x0000BA,
0x0000BA,0x0000BA,0x0000BA,0x0000BA,0x0000BA,0x0000BA,0x0000BA,0x0000BA,
0x0000BA,0x0000BA,0x0000BA,0x0000BA,0x0000BA,0x0000BA,0x0000BA,0x0000BA,
0x0000BA,0x0000BA,0x0000BA,0x0000BA,0x0000BA,0x0000BA,0x0000BA,0x0000BA,
0x0000BB,0x0000BB,0x0000BB,0x0000BB,0x0000BB,0x0000BB,0x0000BB,0x0000BB,
0x0000BB,0x0000BB,0x0000BB,0x0000BB,0x0000BB,0x0000BB,0x0000BB,0x0000BB,
0x0000BB,0x0000BB,0x0000BB,0x0000BB,0x0000BB,0x0000BB,0x0000BB,0x0000BB,
0x0000BB,0x0000BB,0x0000BB,0x0000BB,0x0000BB,0x0000BB,0x0000BB,0x0000BB,
0x0000BC,0x0000BC,0x0000BC,0x0000BC,0x0000BC,0x0000BC,0x0000BC,0x0000BC,
0x0000BC,0x0000BC,0x0000BC,0x0000BC,0x0000BC,0x0000BC,0x0000BC,0x0000BC,
0x0000BC,0x0000BC,0x0000BC,0x0000BC,0x0000BC,0x0000BC,0x0000BC,0x0000BC,
0x0000BC,0x0000BC,0x0000BC,0x0000BC,0x0000BC,0x0000BC,0x0000BC,0x0000BD,
0x0000BD,0x0000BD,0x0000BD,0x0000BD,0x0000BD,0x0000BD,0x0000BD,0x0000BD,
0x0000BD,0x0000BD,0x0000BD,0x0000BD,0x0000BD,0x0000BD,0x0000BD,0x0000BD,
0x0000BD,0x0000BD,0x0000BD,0x0000BD,0x0000BD,0x0000BD,0x0000BD,0x0000BD,
0x0000BD,0x0000BD,0x0000BD,0x0000BD,0x0000BD,0x0000BD,0x0000BE,0x0000BE,
0x0000BE,0x0000BE,0x0000BE,0x0000BE,0x0000BE,0x0000BE,0x0000BE,0x0000BE,
0x0000BE,0x0000BE,0x0000BE,0x0000BE,0x0000BE,0x0000BE,0x0000BE,0x0000BE,
0x0000BE,0x0000BE,0x0000BE,0x0000BE,0x0000BE,0x0000BE,0x0000BE,0x0000BE,
0x0000BE,0x0000BE,0x0000BE,0x0000BE,0x0000BE,0x0000BF,0x0000BF,0x0000BF,
0x0000BF,0x0000BF,0x0000BF,0x0000BF,0x0000BF,0x0000BF,0x0000BF,0x0000BF,
0x0000BF,0x0000BF,0x0000BF,0x0000BF,0x0000BF,0x0000BF,0x0000BF,0x0000BF,
0x0000BF,0x0000BF,0x0000BF,0x0000BF,0x0000BF,0x0000BF,0x0000BF,0x0000BF,
0x0000BF,0x0000BF,0x0000BF,0x0000BF,0x0000C0,0x0000C0,0x0000C0,0x0000C0,
0x0000C0,0x0000C0,0x0000C0,0x0000C0,0x0000C0,0x0000C0,0x0000C0,0x0000C0,
0x0000C0,0x0000C0,0x0000C0,0x0000C0,0x0000C0,0x0000C0,0x0000C0,0x0000C0,
0x0000C0,0x0000C0,0x0000C0,0x0000C0,0x0000C0,0x0000C0,0x0000C0,0x0000C0,
0x0000C0,0x0000C0,0x0000C0,0x0000C1,0x0000C1,0x0000C1,0x0000C1,0x0000C1,
0x0000C1,0x0000C1,0x0000C1,0x0000C1,0x0000C1,0x0000C1,0x0000C1,0x0000C1,
0x0000C1,0x0000C1,0x0000C1,0x0000C1,0x0000C1,0x0000C1,0x0000C1,0x0000C1,
0x0000C1,0x0000C1,0x0000C1,0x0000C1,0x0000C1,0x0000C1,0x0000C1,0x0000C1,
0x0000C1,0x0000C1,0x0000C2,0x0000C2,0x0000C2,0x0000C2,0x0000C2,0x0000C2,
0x0000C2,0x0000C2,0x0000C2,0x0000C2,0x0000C2,0x0000C2,0x0000C2,0x0000C2,
0x0000C2,0x0000C2,0x0000C2,0x0000C2,0x0000C2,0x0000C2,0x0000C2,0x0000C2,
0x0000C2,0x0000C2,0x0000C2,0x0000C2,0x0000C2,0x0000C2,0x0000C2,0x0000C2,
0x0000C3,0x0000C3,0x0000C3,0x0000C3,0x0000C3,0x0000C3,0x0000C3,0x0000C3,
0x0000C3,0x0000C3,0x0000C3,0x0000C3,0x0000C3,0x0000C3,0x0000C3,0x0000C3,
0x0000C3,0x0000C3,0x0000C3,0x0000C3,0x0000C3,0x0000C3,0x0000C3,0x0000C3,
0x0000C3,0x0000C3,0x0000C3,0x0000C3,0x0000C3,0x0000C3,0x0000C4,0x0000C4,
0x0000C4,0x0000C4,0x0000C4,0x0000C4,0x0000C4,0x0000C4,0x0000C4,0x0000C4,
0x0000C4,0x0000C4,0x0000C4,0x0000C4,0x0000C4,0x0000C4,0x0000C4,0x0000C4,
0x0000C4,0x0000C4,0x0000C4,0x0000C4,0x0000C4,0x0000C4,0x0000C4,0x0000C4,
0x0000C4,0x0000C4,0x0000C4,0x0000C4,0x0000C5,0x0000C5,0x0000C5,0x0000C5,
0x0000C5,0x0000C5,0x0000C5,0x0000C5,0x0000C5,0x0000C5,0x0000C5,0x0000C5,
0x0000C5,0x0000C5,0x0000C5,0x0000C5,0x0000C5,0x0000C5,0x0000C5,0x0000C5,
0x0000C5,0x0000C5,0x0000C5,0x0000C5,0x0000C5,0x0000C5,0x0000C5,0x0000C5,
0x0000C5,0x0000C5,0x0000C6,0x0000C6,0x0000C6,0x0000C6,0x0000C6,0x0000C6,
0x0000C6,0x0000C6,0x0000C6,0x0000C6,0x0000C6,0x0000C6,0x0000C6,0x0000C6,
0x0000C6,0x0000C6,0x0000C6,0x0000C6,0x0000C6,0x0000C6,0x0000C6,0x0000C6,
0x0000C6,0x0000C6,0x0000C6,0x0000C6,0x0000C6,0x0000C6,0x0000C6,0x0000C6,
0x0000C7,0x0000C7,0x0000C7,0x0000C7,0x0000C7,0x0000C7,0x0000C7,0x0000C7,
0x0000C7,0x0000C7,0x0000C7,0x0000C7,0x0000C7,0x0000C7,0x0000C7,0x0000C7,
0x0000C7,0x0000C7,0x0000C7,0x0000C7,0x0000C7,0x0000C7,0x0000C7,0x0000C7,
0x0000C7,0x0000C7,0x0000C7,0x0000C7,0x0000C7,0x0000C7,0x0000C8,0x0000C8,
0x0000C8,0x0000C8,0x0000C8,0x0000C8,0x0000C8,0x0000C8,0x0000C8,0x0000C8,
0x0000C8,0x0000C8,0x0000C8,0x0000C8,0x0000C8,0x0000C8,0x0000C8,0x0000C8,
0x0000C8,0x0000C8,0x0000C8,0x0000C8,0x0000C8,0x0000C8,0x0000C8,0x0000C8,
0x0000C8,0x0000C8,0x0000C8,0x0000C9,0x0000C9,0x0000C9,0x0000C9,0x0000C9,
0x0000C9,0x0000C9,0x0000C9,0x0000C9,0x0000C9,0x0000C9,0x0000C9,0x0000C9,
0x0000C9,0x0000C9,0x0000C9,0x0000C9,0x0000C9,0x0000C9,0x0000C9,0x0000C9,
0x0000C9,0x0000C9,0x0000C9,0x0000C9,0x0000C9,0x0000C9,0x0000C9,0x0000C9,
0x0000CA,0x0000CA,0x0000CA,0x0000CA,0x0000CA,0x0000CA,0x0000CA,0x0000CA,
0x0000CA,0x0000CA,0x0000CA,0x0000CA,0x0000CA,0x0000CA,0x0000CA,0x0000CA,
0x0000CA,0x0000CA,0x0000CA,0x0000CA,0x0000CA,0x0000CA,0x0000CA,0x0000CA,
0x0000CA,0x0000CA,0x0000CA,0x0000CA,0x0000CA,0x0000CB,0x0000CB,0x0000CB,
0x0000CB,0x0000CB,0x0000CB,0x0000CB,0x0000CB,0x0000CB,0x0000CB,0x0000CB,
0x0000CB,0x0000CB,0x0000CB,0x0000CB,0x0000CB,0x0000CB,0x0000CB,0x0000CB,
0x0000CB,0x0000CB,0x0000CB,0x0000CB,0x0000CB,0x0000CB,0x0000CB,0x0000CB,
0x0000CB,0x0000CB,0x0000CB,0x0000CC,0x0000CC,0x0000CC,0x0000CC,0x0000CC,
0x0000CC,0x0000CC,0x0000CC,0x0000CC,0x0000CC,0x0000CC,0x0000CC,0x0000CC,
0x0000CC,0x0000CC,0x0000CC,0x0000CC,0x0000CC,0x0000CC,0x0000CC,0x0000CC,
0x0000CC,0x0000CC,0x0000CC,0x0000CC,0x0000CC,0x0000CC,0x0000CC,0x0000CD,
0x0000CD,0x0000CD,0x0000CD,0x0000CD,0x0000CD,0x0000CD,0x0000CD,0x0000CD,
0x0000CD,0x0000CD,0x0000CD,0x0000CD,0x0000CD,0x0000CD,0x0000CD,0x0000CD,
0x0000CD,0x0000CD,0x0000CD,0x0000CD,0x0000CD,0x0000CD,0x0000CD,0x0000CD,
0x0000CD,0x0000CD,0x0000CD,0x0000CD,0x0000CE,0x0000CE,0x0000CE,0x0000CE,
0x0000CE,0x0000CE,0x0000CE,0x0000CE,0x0000CE,0x0000CE,0x0000CE,0x0000CE,
0x0000CE,0x0000CE,0x0000CE,0x0000CE,0x0000CE,0x0000CE,0x0000CE,0x0000CE,
0x0000CE,0x0000CE,0x0000CE,0x0000CE,0x0000CE,0x0000CE,0x0000CE,0x0000CE,
0x0000CE,0x0000CF,0x0000CF,0x0000CF,0x0000CF,0x0000CF,0x0000CF,0x0000CF,
0x0000CF,0x0000CF,0x0000CF,0x0000CF,0x0000CF,0x0000CF,0x0000CF,0x0000CF,
0x0000CF,0x0000CF,0x0000CF,0x0000CF,0x0000CF,0x0000CF,0x0000CF,0x0000CF,
0x0000CF,0x0000CF,0x0000CF,0x0000CF,0x0000CF,0x0000D0,0x0000D0,0x0000D0,
0x0000D0,0x0000D0,0x0000D0,0x0000D0,0x0000D0,0x0000D0,0x0000D0,0x0000D0,
0x0000D0,0x0000D0,0x0000D0,0x0000D0,0x0000D0,0x0000D0,0x0000D0,0x0000D0,
0x0000D0,0x0000D0,0x0000D0,0x0000D0,0x0000D0,0x0000D0,0x0000D0,0x0000D0,
0x0000D0,0x0000D0,0x0000D1,0x0000D1,0x0000D1,0x0000D1,0x0000D1,0x0000D1,
0x0000D1,0x0000D1,0x0000D1,0x0000D1,0x0000D1,0x0000D1,0x0000D1,0x0000D1,
0x0000D1,0x0000D1,0x0000D1,0x0000D1,0x0000D1,0x0000D1,0x0000D1,0x0000D1,
0x0000D1,0x0000D1,0x0000D1,0x0000D1,0x0000D1,0x0000D1,0x0000D2,0x0000D2,
0x0000D2,0x0000D2,0x0000D2,0x0000D2,0x0000D2,0x0000D2,0x0000D2,0x0000D2,
0x0000D2,0x0000D2,0x0000D2,0x0000D2,0x0000D2,0x0000D2,0x0000D2,0x0000D2,
0x0000D2,0x0000D2,0x0000D2,0x0000D2,0x0000D2,0x0000D2,0x0000D2,0x0000D2,
0x0000D2,0x0000D2,0x0000D3,0x0000D3,0x0000D3,0x0000D3,0x0000D3,0x0000D3,
0x0000D3,0x0000D3,0x0000D3,0x0000D3,0x0000D3,0x0000D3,0x0000D3,0x0000D3,
0x0000D3,0x0000D3,0x0000D3,0x0000D3,0x0000D3,0x0000D3,0x0000D3,0x0000D3,
0x0000D3,0x0000D3,0x0000D3,0x0000D3,0x0000D3,0x0000D3,0x0000D4,0x0000D4,
0x0000D4,0x0000D4,0x0000D4,0x0000D4,0x0000D4,0x0000D4,0x0000D4,0x0000D4,
0x0000D4,0x0000D4,0x0000D4,0x0000D4,0x0000D4,0x0000D4,0x0000D4,0x0000D4,
0x0000D4,0x0000D4,0x0000D4,0x0000D4,0x0000D4,0x0000D4,0x0000D4,0x0000D4,
0x0000D4,0x0000D4,0x0000D5,0x0000D5,0x0000D5,0x0000D5,0x0000D5,0x0000D5,
0x0000D5,0x0000D5,0x0000D5,0x0000D5,0x0000D5,0x0000D5,0x0000D5,0x0000D5,
0x0000D5,0x0000D5,0x0000D5,0x0000D5,0x0000D5,0x0000D5,0x0000D5,0x0000D5,
0x0000D5,0x0000D5,0x0000D5,0x0000D5,0x0000D5,0x0000D6,0x0000D6,0x0000D6,
0x0000D6,0x0000D6,0x0000D6,0x0000D6,0x0000D6,0x0000D6,0x0000D6,0x0000D6,
0x0000D6,0x0000D6,0x0000D6,0x0000D6,0x0000D6,0x0000D6,0x0000D6,0x0000D6,
0x0000D6,0x0000D6,0x0000D6,0x0000D6,0x0000D6,0x0000D6,0x0000D6,0x0000D6,
0x0000D6,0x0000D7,0x0000D7,0x0000D7,0x0000D7,0x0000D7,0x0000D7,0x0000D7,
0x0000D7,0x0000D7,0x0000D7,0x0000D7,0x0000D7,0x0000D7,0x0000D7,0x0000D7,
0x0000D7,0x0000D7,0x0000D7,0x0000D7,0x0000D7,0x0000D7,0x0000D7,0x0000D7,
0x0000D7,0x0000D7,0x0000D7,0x0000D7,0x0000D8,0x0000D8,0x0000D8,0x0000D8,
0x0000D8,0x0000D8,0x0000D8,0x0000D8,0x0000D8,0x0000D8,0x0000D8,0x0000D8,
0x0000D8,0x0000D8,0x0000D8,0x0000D8,0x0000D8,0x0000D8,0x0000D8,0x0000D8,
0x0000D8,0x0000D8,0x0000D8,0x0000D8,0x0000D8,0x0000D8,0x0000D8,0x0000D8,
0x0000D9,0x0000D9,0x0000D9,0x0000D9,0x0000D9,0x0000D9,0x0000D9,0x0000D9,
0x0000D9,0x0000D9,0x0000D9,0x0000D9,0x0000D9,0x0000D9,0x0000D9,0x0000D9,
0x0000D9,0x0000D9,0x0000D9,0x0000D9,0x0000D9,0x0000D9,0x0000D9,0x0000D9,
0x0000D9,0x0000D9,0x0000D9,0x0000DA,0x0000DA,0x0000DA,0x0000DA,0x0000DA,
0x0000DA,0x0000DA,0x0000DA,0x0000DA,0x0000DA,0x0000DA,0x0000DA,0x0000DA,
0x0000DA,0x0000DA,0x0000DA,0x0000DA,0x0000DA,0x0000DA,0x0000DA,0x0000DA,
0x0000DA,0x0000DA,0x0000DA,0x0000DA,0x0000DA,0x0000DA,0x0000DB,0x0000DB,
0x0000DB,0x0000DB,0x0000DB,0x0000DB,0x0000DB,0x0000DB,0x0000DB,0x0000DB,
0x0000DB,0x0000DB,0x0000DB,0x0000DB,0x0000DB,0x0000DB,0x0000DB,0x0000DB,
0x0000DB,0x0000DB,0x0000DB,0x0000DB,0x0000DB,0x0000DB,0x0000DB,0x0000DB,
0x0000DB,0x0000DC,0x0000DC,0x0000DC,0x0000DC,0x0000DC,0x0000DC,0x0000DC,
0x0000DC,0x0000DC,0x0000DC,0x0000DC,0x0000DC,0x0000DC,0x0000DC,0x0000DC,
0x0000DC,0x0000DC,0x0000DC,0x0000DC,0x0000DC,0x0000DC,0x0000DC,0x0000DC,
0x0000DC,0x0000DC,0x0000DC,0x0000DC,0x0000DD,0x0000DD,0x0000DD,0x0000DD,
0x0000DD,0x0000DD,0x0000DD,0x0000DD,0x0000DD,0x0000DD,0x0000DD,0x0000DD,
0x0000DD,0x0000DD,0x0000DD,0x0000DD,0x0000DD,0x0000DD,0x0000DD,0x0000DD,
0x0000DD,0x0000DD,0x0000DD,0x0000DD,0x0000DD,0x0000DD,0x0000DE,0x0000DE,
0x0000DE,0x0000DE,0x0000DE,0x0000DE,0x0000DE,0x0000DE,0x0000DE,0x0000DE,
0x0000DE,0x0000DE,0x0000DE,0x0000DE,0x0000DE,0x0000DE,0x0000DE,0x0000DE,
0x0000DE,0x0000DE,0x0000DE,0x0000DE,0x0000DE,0x0000DE,0x0000DE,0x0000DE,
0x0000DE,0x0000DF,0x0000DF,0x0000DF,0x0000DF,0x0000DF,0x0000DF,0x0000DF,
0x0000DF,0x0000DF,0x0000DF,0x0000DF,0x0000DF,0x0000DF,0x0000DF,0x0000DF,
0x0000DF,0x0000DF,0x0000DF,0x0000DF,0x0000DF,0x0000DF,0x0000DF,0x0000DF,
0x0000DF,0x0000DF,0x0000DF,0x0000E0,0x0000E0,0x0000E0,0x0000E0,0x0000E0,
0x0000E0,0x0000E0,0x0000E0,0x0000E0,0x0000E0,0x0000E0,0x0000E0,0x0000E0,
0x0000E0,0x0000E0,0x0000E0,0x0000E0,0x0000E0,0x0000E0,0x0000E0,0x0000E0,
0x0000E0,0x0000E0,0x0000E0,0x0000E0,0x0000E0,0x0000E0,0x0000E1,0x0000E1,
0x0000E1,0x0000E1,0x0000E1,0x0000E1,0x0000E1,0x0000E1,0x0000E1,0x0000E1,
0x0000E1,0x0000E1,0x0000E1,0x0000E1,0x0000E1,0x0000E1,0x0000E1,0x0000E1,
0x0000E1,0x0000E1,0x0000E1,0x0000E1,0x0000E1,0x0000E1,0x0000E1,0x0000E1,
0x0000E2,0x0000E2,0x0000E2,0x0000E2,0x0000E2,0x0000E2,0x0000E2,0x0000E2,
0x0000E2,0x0000E2,0x0000E2,0x0000E2,0x0000E2,0x0000E2,0x0000E2,0x0000E2,
0x0000E2,0x0000E2,0x0000E2,0x0000E2,0x0000E2,0x0000E2,0x0000E2,0x0000E2,
0x0000E2,0x0000E2,0x0000E3,0x0000E3,0x0000E3,0x0000E3,0x0000E3,0x0000E3,
0x0000E3,0x0000E3,0x0000E3,0x0000E3,0x0000E3,0x0000E3,0x0000E3,0x0000E3,
0x0000E3,0x0000E3,0x0000E3,0x0000E3,0x0000E3,0x0000E3,0x0000E3,0x0000E3,
0x0000E3,0x0000E3,0x0000E3,0x0000E3,0x0000E4,0x0000E4,0x0000E4,0x0000E4,
0x0000E4,0x0000E4,0x0000E4,0x0000E4,0x0000E4,0x0000E4,0x0000E4,0x0000E4,
0x0000E4,0x0000E4,0x0000E4,0x0000E4,0x0000E4,0x0000E4,0x0000E4,0x0000E4,
0x0000E4,0x0000E4,0x0000E4,0x0000E4,0x0000E4,0x0000E4,0x0000E5,0x0000E5,
0x0000E5,0x0000E5,0x0000E5,0x0000E5,0x0000E5,0x0000E5,0x0000E5,0x0000E5,
0x0000E5,0x0000E5,0x0000E5,0x0000E5,0x0000E5,0x0000E5,0x0000E5,0x0000E5,
0x0000E5,0x0000E5,0x0000E5,0x0000E5,0x0000E5,0x0000E5,0x0000E5,0x0000E6,
0x0000E6,0x0000E6,0x0000E6,0x0000E6,0x0000E6,0x0000E6,0x0000E6,0x0000E6,
0x0000E6,0x0000E6,0x0000E6,0x0000E6,0x0000E6,0x0000E6,0x0000E6,0x0000E6,
0x0000E6,0x0000E6,0x0000E6,0x0000E6,0x0000E6,0x0000E6,0x0000E6,0x0000E6,
0x0000E6,0x0000E7,0x0000E7,0x0000E7,0x0000E7,0x0000E7,0x0000E7,0x0000E7,
0x0000E7,0x0000E7,0x0000E7,0x0000E7,0x0000E7,0x0000E7,0x0000E7,0x0000E7,
0x0000E7,0x0000E7,0x0000E7,0x0000E7,0x0000E7,0x0000E7,0x0000E7,0x0000E7,
0x0000E7,0x0000E7,0x0000E7,0x0000E8,0x0000E8,0x0000E8,0x0000E8,0x0000E8,
0x0000E8,0x0000E8,0x0000E8,0x0000E8,0x0000E8,0x0000E8,0x0000E8,0x0000E8,
0x0000E8,0x0000E8,0x0000E8,0x0000E8,0x0000E8,0x0000E8,0x0000E8,0x0000E8,
0x0000E8,0x0000E8,0x0000E8,0x0000E8,0x0000E9,0x0000E9,0x0000E9,0x0000E9,
0x0000E9,0x0000E9,0x0000E9,0x0000E9,0x0000E9,0x0000E9,0x0000E9,0x0000E9,
0x0000E9,0x0000E9,0x0000E9,0x0000E9,0x0000E9,0x0000E9,0x0000E9,0x0000E9,
0x0000E9,0x0000E9,0x0000E9,0x0000E9,0x0000E9,0x0000EA,0x0000EA,0x0000EA,
0x0000EA,0x0000EA,0x0000EA,0x0000EA,0x0000EA,0x0000EA,0x0000EA,0x0000EA,
0x0000EA,0x0000EA,0x0000EA,0x0000EA,0x0000EA,0x0000EA,0x0000EA,0x0000EA,
0x0000EA,0x0000EA,0x0000EA,0x0000EA,0x0000EA,0x0000EA,0x0000EA,0x0000EB,
0x0000EB,0x0000EB,0x0000EB,0x0000EB,0x0000EB,0x0000EB,0x0000EB,0x0000EB,
0x0000EB,0x0000EB,0x0000EB,0x0000EB,0x0000EB,0x0000EB,0x0000EB,0x0000EB,
0x0000EB,0x0000EB,0x0000EB,0x0000EB,0x0000EB,0x0000EB,0x0000EB,0x0000EB,
0x0000EC,0x0000EC,0x0000EC,0x0000EC,0x0000EC,0x0000EC,0x0000EC,0x0000EC,
0x0000EC,0x0000EC,0x0000EC,0x0000EC,0x0000EC,0x0000EC,0x0000EC,0x0000EC,
0x0000EC,0x0000EC,0x0000EC,0x0000EC,0x0000EC,0x0000EC,0x0000EC,0x0000EC,
0x0000EC,0x0000ED,0x0000ED,0x0000ED,0x0000ED,0x0000ED,0x0000ED,0x0000ED,
0x0000ED,0x0000ED,0x0000ED,0x0000ED,0x0000ED,0x0000ED,0x0000ED,0x0000ED,
0x0000ED,0x0000ED,0x0000ED,0x0000ED,0x0000ED,0x0000ED,0x0000ED,0x0000ED,
0x0000ED,0x0000EE,0x0000EE,0x0000EE,0x0000EE,0x0000EE,0x0000EE,0x0000EE,
0x0000EE,0x0000EE,0x0000EE,0x0000EE,0x0000EE,0x0000EE,0x0000EE,0x0000EE,
0x0000EE,0x0000EE,0x0000EE,0x0000EE,0x0000EE,0x0000EE,0x0000EE,0x0000EE,
0x0000EE,0x0000EE,0x0000EF,0x0000EF,0x0000EF,0x0000EF,0x0000EF,0x0000EF,
0x0000EF,0x0000EF,0x0000EF,0x0000EF,0x0000EF,0x0000EF,0x0000EF,0x0000EF,
0x0000EF,0x0000EF,0x0000EF,0x0000EF,0x0000EF,0x0000EF,0x0000EF,0x0000EF,
0x0000EF,0x0000EF,0x0000EF,0x0000F0,0x0000F0,0x0000F0,0x0000F0,0x0000F0,
0x0000F0,0x0000F0,0x0000F0,0x0000F0,0x0000F0,0x0000F0,0x0000F0,0x0000F0,
0x0000F0,0x0000F0,0x0000F0,0x0000F0,0x0000F0,0x0000F0,0x0000F0,0x0000F0,
0x0000F0,0x0000F0,0x0000F0,0x0000F0,0x0000F1,0x0000F1,0x0000F1,0x0000F1,
0x0000F1,0x0000F1,0x0000F1,0x0000F1,0x0000F1,0x0000F1,0x0000F1,0x0000F1,
0x0000F1,0x0000F1,0x0000F1,0x0000F1,0x0000F1,0x0000F1,0x0000F1,0x0000F1,
0x0000F1,0x0000F1,0x0000F1,0x0000F1,0x0000F2,0x0000F2,0x0000F2,0x0000F2,
0x0000F2,0x0000F2,0x0000F2,0x0000F2,0x0000F2,0x0000F2,0x0000F2,0x0000F2,
0x0000F2,0x0000F2,0x0000F2,0x0000F2,0x0000F2,0x0000F2,0x0000F2,0x0000F2,
0x0000F2,0x0000F2,0x0000F2,0x0000F2,0x0000F3,0x0000F3,0x0000F3,0x0000F3,
0x0000F3,0x0000F3,0x0000F3,0x0000F3,0x0000F3,0x0000F3,0x0000F3,0x0000F3,
0x0000F3,0x0000F3,0x0000F3,0x0000F3,0x0000F3,0x0000F3,0x0000F3,0x0000F3,
0x0000F3,0x0000F3,0x0000F3,0x0000F3,0x0000F3,0x0000F4,0x0000F4,0x0000F4,
0x0000F4,0x0000F4,0x0000F4,0x0000F4,0x0000F4,0x0000F4,0x0000F4,0x0000F4,
0x0000F4,0x0000F4,0x0000F4,0x0000F4,0x0000F4,0x0000F4,0x0000F4,0x0000F4,
0x0000F4,0x0000F4,0x0000F4,0x0000F4,0x0000F4,0x0000F5,0x0000F5,0x0000F5,
0x0000F5,0x0000F5,0x0000F5,0x0000F5,0x0000F5,0x0000F5,0x0000F5,0x0000F5,
0x0000F5,0x0000F5,0x0000F5,0x0000F5,0x0000F5,0x0000F5,0x0000F5,0x0000F5,
0x0000F5,0x0000F5,0x0000F5,0x0000F5,0x0000F5,0x0000F6,0x0000F6,0x0000F6,
0x0000F6,0x0000F6,0x0000F6,0x0000F6,0x0000F6,0x0000F6,0x0000F6,0x0000F6,
0x0000F6,0x0000F6,0x0000F6,0x0000F6,0x0000F6,0x0000F6,0x0000F6,0x0000F6,
0x0000F6,0x0000F6,0x0000F6,0x0000F6,0x0000F6,0x0000F7,0x0000F7,0x0000F7,
0x0000F7,0x0000F7,0x0000F7,0x0000F7,0x0000F7,0x0000F7,0x0000F7,0x0000F7,
0x0000F7,0x0000F7,0x0000F7,0x0000F7,0x0000F7,0x0000F7,0x0000F7,0x0000F7,
0x0000F7,0x0000F7,0x0000F7,0x0000F7,0x0000F7,0x0000F8,0x0000F8,0x0000F8,
0x0000F8,0x0000F8,0x0000F8,0x0000F8,0x0000F8,0x0000F8,0x0000F8,0x0000F8,
0x0000F8,0x0000F8,0x0000F8,0x0000F8,0x0000F8,0x0000F8,0x0000F8,0x0000F8,
0x0000F8,0x0000F8,0x0000F8,0x0000F8,0x0000F9,0x0000F9,0x0000F9,0x0000F9,
0x0000F9,0x0000F9,0x0000F9,0x0000F9,0x0000F9,0x0000F9,0x0000F9,0x0000F9,
0x0000F9,0x0000F9,0x0000F9,0x0000F9,0x0000F9,0x0000F9,0x0000F9,0x0000F9,
0x0000F9,0x0000F9,0x0000F9,0x0000F9,0x0000FA,0x0000FA,0x0000FA,0x0000FA,
0x0000FA,0x0000FA,0x0000FA,0x0000FA,0x0000FA,0x0000FA,0x0000FA,0x0000FA,
0x0000FA,0x0000FA,0x0000FA,0x0000FA,0x0000FA,0x0000FA,0x0000FA,0x0000FA,
0x0000FA,0x0000FA,0x0000FA,0x0000FA,0x0000FB,0x0000FB,0x0000FB,0x0000FB,
0x0000FB,0x0000FB,0x0000FB,0x0000FB,0x0000FB,0x0000FB,0x0000FB,0x0000FB,
0x0000FB,0x0000FB,0x0000FB,0x0000FB,0x0000FB,0x0000FB,0x0000FB,0x0000FB,
0x0000FB,0x0000FB,0x0000FB,0x0000FC,0x0000FC,0x0000FC,0x0000FC,0x0000FC,
0x0000FC,0x0000FC,0x0000FC,0x0000FC,0x0000FC,0x0000FC,0x0000FC,0x0000FC,
0x0000FC,0x0000FC,0x0000FC,0x0000FC,0x0000FC,0x0000FC,0x0000FC,0x0000FC,
0x0000FC,0x0000FC,0x0000FC,0x0000FD,0x0000FD,0x0000FD,0x0000FD,0x0000FD,
0x0000FD,0x0000FD,0x0000FD,0x0000FD,0x0000FD,0x0000FD,0x0000FD,0x0000FD,
0x0000FD,0x0000FD,0x0000FD,0x0000FD,0x0000FD,0x0000FD,0x0000FD,0x0000FD,
0x0000FD,0x0000FD,0x0000FE,0x0000FE,0x0000FE,0x0000FE,0x0000FE,0x0000FE,
0x0000FE,0x0000FE,0x0000FE,0x0000FE,0x0000FE,0x0000FE,0x0000FE,0x0000FE,
0x0000FE,0x0000FE,0x0000FE,0x0000FE,0x0000FE,0x0000FE,0x0000FE,0x0000FE,
0x0000FE,0x0000FF,0x0000FF,0x0000FF,0x0000FF,0x0000FF,0x0000FF,0x0000FF,
0x0000FF,0x0000FF,0x0000FF,0x0000FF,0x0000FF,0x0000FF,0x0000FF,0x0000FF,
0x0000FF,0x0000FF,0x0000FF,0x0000FF,0x0000FF,0x0000FF,0x0000FF,0x0000FF,
0x000100,0x000100,0x000100,0x000100,0x000100,0x000100,0x000100,0x000100,
0x000100,0x000100,0x000100,0x000100,0x000100,0x000100,0x000100,0x000100,
0x000100,0x000100,0x000100,0x000100,0x000100,0x000100,0x000100,0x000101,
0x000101,0x000101,0x000101,0x000101,0x000101,0x000101,0x000101,0x000101,
0x000101,0x000101,0x000101,0x000101,0x000101,0x000101,0x000101,0x000101,
0x000101,0x000101,0x000101,0x000101,0x000101,0x000101,0x000102,0x000102,
0x000102,0x000102,0x000102,0x000102,0x000102,0x000102,0x000102,0x000102,
0x000102,0x000102,0x000102,0x000102,0x000102,0x000102,0x000102,0x000102,
0x000102,0x000102,0x000102,0x000102,0x000102,0x000103,0x000103,0x000103,
0x000103,0x000103,0x000103,0x000103,0x000103,0x000103,0x000103,0x000103,
0x000103,0x000103,0x000103,0x000103,0x000103,0x000103,0x000103,0x000103,
0x000103,0x000103,0x000103,0x000103,0x000104,0x000104,0x000104,0x000104,
0x000104,0x000104,0x000104,0x000104,0x000104,0x000104,0x000104,0x000104,
0x000104,0x000104,0x000104,0x000104,0x000104,0x000104,0x000104,0x000104,
0x000104,0x000104,0x000105,0x000105,0x000105,0x000105,0x000105,0x000105,
0x000105,0x000105,0x000105,0x000105,0x000105,0x000105,0x000105,0x000105,
0x000105,0x000105,0x000105,0x000105,0x000105,0x000105,0x000105,0x000105,
0x000105,0x000106,0x000106,0x000106,0x000106,0x000106,0x000106,0x000106,
0x000106,0x000106,0x000106,0x000106,0x000106,0x000106,0x000106,0x000106,
0x000106,0x000106,0x000106,0x000106,0x000106,0x000106,0x000106,0x000106,
0x000107,0x000107,0x000107,0x000107,0x000107,0x000107,0x000107,0x000107,
0x000107,0x000107,0x000107,0x000107,0x000107,0x000107,0x000107,0x000107,
0x000107,0x000107,0x000107,0x000107,0x000107,0x000107,0x000108,0x000108,
0x000108,0x000108,0x000108,0x000108,0x000108,0x000108,0x000108,0x000108,
0x000108,0x000108,0x000108,0x000108,0x000108,0x000108,0x000108,0x000108,
0x000108,0x000108,0x000108,0x000108,0x000109,0x000109,0x000109,0x000109,
0x000109,0x000109,0x000109,0x000109,0x000109,0x000109,0x000109,0x000109,
0x000109,0x000109,0x000109,0x000109,0x000109,0x000109,0x000109,0x000109,
0x000109,0x000109,0x000109,0x00010A,0x00010A,0x00010A,0x00010A,0x00010A,
0x00010A,0x00010A,0x00010A,0x00010A,0x00010A,0x00010A,0x00010A,0x00010A,
0x00010A,0x00010A,0x00010A,0x00010A,0x00010A,0x00010A,0x00010A,0x00010A,
0x00010A,0x00010B,0x00010B,0x00010B,0x00010B,0x00010B,0x00010B,0x00010B,
0x00010B,0x00010B,0x00010B,0x00010B,0x00010B,0x00010B,0x00010B,0x00010B,
0x00010B,0x00010B,0x00010B,0x00010B,0x00010B,0x00010B,0x00010B,0x00010C,
0x00010C,0x00010C,0x00010C,0x00010C,0x00010C,0x00010C,0x00010C,0x00010C,
0x00010C,0x00010C,0x00010C,0x00010C,0x00010C,0x00010C,0x00010C,0x00010C,
0x00010C,0x00010C,0x00010C,0x00010C,0x00010C,0x00010D,0x00010D,0x00010D,
0x00010D,0x00010D,0x00010D,0x00010D,0x00010D,0x00010D,0x00010D,0x00010D,
0x00010D,0x00010D,0x00010D,0x00010D,0x00010D,0x00010D,0x00010D,0x00010D,
0x00010D,0x00010D,0x00010D,0x00010E,0x00010E,0x00010E,0x00010E,0x00010E,
0x00010E,0x00010E,0x00010E,0x00010E,0x00010E,0x00010E,0x00010E,0x00010E,
0x00010E,0x00010E,0x00010E,0x00010E,0x00010E,0x00010E,0x00010E,0x00010E,
0x00010E,0x00010F,0x00010F,0x00010F,0x00010F,0x00010F,0x00010F,0x00010F,
0x00010F,0x00010F,0x00010F,0x00010F,0x00010F,0x00010F,0x00010F,0x00010F,
0x00010F,0x00010F,0x00010F,0x00010F,0x00010F,0x00010F,0x000110,0x000110,
0x000110,0x000110,0x000110,0x000110,0x000110,0x000110,0x000110,0x000110,
0x000110,0x000110,0x000110,0x000110,0x000110,0x000110,0x000110,0x000110,
0x000110,0x000110,0x000110,0x000110,0x000111,0x000111,0x000111,0x000111,
0x000111,0x000111,0x000111,0x000111,0x000111,0x000111,0x000111,0x000111,
0x000111,0x000111,0x000111,0x000111,0x000111,0x000111,0x000111,0x000111,
0x000111,0x000111,0x000112,0x000112,0x000112,0x000112,0x000112,0x000112,
0x000112,0x000112,0x000112,0x000112,0x000112,0x000112,0x000112,0x000112,
0x000112,0x000112,0x000112,0x000112,0x000112,0x000112,0x000112,0x000113,
0x000113,0x000113,0x000113,0x000113,0x000113,0x000113,0x000113,0x000113,
0x000113,0x000113,0x000113,0x000113,0x000113,0x000113,0x000113,0x000113,
0x000113,0x000113,0x000113,0x000113,0x000113,0x000114,0x000114,0x000114,
0x000114,0x000114,0x000114,0x000114,0x000114,0x000114,0x000114,0x000114,
0x000114,0x000114,0x000114,0x000114,0x000114,0x000114,0x000114,0x000114,
0x000114,0x000114,0x000115,0x000115,0x000115,0x000115,0x000115,0x000115,
0x000115,0x000115,0x000115,0x000115,0x000115,0x000115,0x000115,0x000115,
0x000115,0x000115,0x000115,0x000115,0x000115,0x000115,0x000115,0x000116,
0x000116,0x000116,0x000116,0x000116,0x000116,0x000116,0x000116,0x000116,
0x000116,0x000116,0x000116,0x000116,0x000116,0x000116,0x000116,0x000116,
0x000116,0x000116,0x000116,0x000116,0x000116,0x000117,0x000117,0x000117,
0x000117,0x000117,0x000117,0x000117,0x000117,0x000117,0x000117,0x000117,
0x000117,0x000117,0x000117,0x000117,0x000117,0x000117,0x000117,0x000117,
0x000117,0x000117,0x000118,0x000118,0x000118,0x000118,0x000118,0x000118,
0x000118,0x000118,0x000118,0x000118,0x000118,0x000118,0x000118,0x000118,
0x000118,0x000118,0x000118,0x000118,0x000118,0x000118,0x000118,0x000119,
0x000119,0x000119,0x000119,0x000119,0x000119,0x000119,0x000119,0x000119,
0x000119,0x000119,0x000119,0x000119,0x000119,0x000119,0x000119,0x000119,
0x000119,0x000119,0x000119,0x000119,0x00011A,0x00011A,0x00011A,0x00011A,
0x00011A,0x00011A,0x00011A,0x00011A,0x00011A,0x00011A,0x00011A,0x00011A,
0x00011A,0x00011A,0x00011A,0x00011A,0x00011A,0x00011A,0x00011A,0x00011A,
0x00011A,0x00011B,0x00011B,0x00011B,0x00011B,0x00011B,0x00011B,0x00011B,
0x00011B,0x00011B,0x00011B,0x00011B,0x00011B,0x00011B,0x00011B,0x00011B,
0x00011B,0x00011B,0x00011B,0x00011B,0x00011B,0x00011B,0x00011C,0x00011C,
0x00011C,0x00011C,0x00011C,0x00011C,0x00011C,0x00011C,0x00011C,0x00011C,
0x00011C,0x00011C,0x00011C,0x00011C,0x00011C,0x00011C,0x00011C,0x00011C,
0x00011C,0x00011C,0x00011D,0x00011D,0x00011D,0x00011D,0x00011D,0x00011D,
0x00011D,0x00011D,0x00011D,0x00011D,0x00011D,0x00011D,0x00011D,0x00011D,
0x00011D,0x00011D,0x00011D,0x00011D,0x00011D,0x00011D,0x00011D,0x00011E,
0x00011E,0x00011E,0x00011E,0x00011E,0x00011E,0x00011E,0x00011E,0x00011E,
0x00011E,0x00011E,0x00011E,0x00011E,0x00011E,0x00011E,0x00011E,0x00011E,
0x00011E,0x00011E,0x00011E,0x00011E,0x00011F,0x00011F,0x00011F,0x00011F,
0x00011F,0x00011F,0x00011F,0x00011F,0x00011F,0x00011F,0x00011F,0x00011F,
0x00011F,0x00011F,0x00011F,0x00011F,0x00011F,0x00011F,0x00011F,0x00011F,
0x000120,0x000120,0x000120,0x000120,0x000120,0x000120,0x000120,0x000120,
0x000120,0x000120,0x000120,0x000120,0x000120,0x000120,0x000120,0x000120,
0x000120,0x000120,0x000120,0x000120,0x000120,0x000121,0x000121,0x000121,
0x000121,0x000121,0x000121,0x000121,0x000121,0x000121,0x000121,0x000121,
0x000121,0x000121,0x000121,0x000121,0x000121,0x000121,0x000121,0x000121,
0x000121,0x000122,0x000122,0x000122,0x000122,0x000122,0x000122,0x000122,
0x000122,0x000122,0x000122,0x000122,0x000122,0x000122,0x000122,0x000122,
0x000122,0x000122,0x000122,0x000122,0x000122,0x000123,0x000123,0x000123,
0x000123,0x000123,0x000123,0x000123,0x000123,0x000123,0x000123,0x000123,
0x000123,0x000123,0x000123,0x000123,0x000123,0x000123,0x000123,0x000123,
0x000123,0x000123,0x000124,0x000124,0x000124,0x000124,0x000124,0x000124,
0x000124,0x000124,0x000124,0x000124,0x000124,0x000124,0x000124,0x000124,
0x000124,0x000124,0x000124,0x000124,0x000124,0x000124,0x000125,0x000125,
0x000125,0x000125,0x000125,0x000125,0x000125,0x000125,0x000125,0x000125,
0x000125,0x000125,0x000125,0x000125,0x000125,0x000125,0x000125,0x000125,
0x000125,0x000125,0x000126,0x000126,0x000126,0x000126,0x000126,0x000126,
0x000126,0x000126,0x000126,0x000126,0x000126,0x000126,0x000126,0x000126,
0x000126,0x000126,0x000126,0x000126,0x000126,0x000126,0x000127,0x000127,
0x000127,0x000127,0x000127,0x000127,0x000127,0x000127,0x000127,0x000127,
0x000127,0x000127,0x000127,0x000127,0x000127,0x000127,0x000127,0x000127,
0x000127,0x000127,0x000128,0x000128,0x000128,0x000128,0x000128,0x000128,
0x000128,0x000128,0x000128,0x000128,0x000128,0x000128,0x000128,0x000128,
0x000128,0x000128,0x000128,0x000128,0x000128,0x000128,0x000129,0x000129,
0x000129,0x000129,0x000129,0x000129,0x000129,0x000129,0x000129,0x000129,
0x000129,0x000129,0x000129,0x000129,0x000129,0x000129,0x000129,0x000129,
0x000129,0x000129,0x00012A,0x00012A,0x00012A,0x00012A,0x00012A,0x00012A,
0x00012A,0x00012A,0x00012A,0x00012A,0x00012A,0x00012A,0x00012A,0x00012A,
0x00012A,0x00012A,0x00012A,0x00012A,0x00012A,0x00012A,0x00012B,0x00012B,
0x00012B,0x00012B,0x00012B,0x00012B,0x00012B,0x00012B,0x00012B,0x00012B,
0x00012B,0x00012B,0x00012B,0x00012B,0x00012B,0x00012B,0x00012B,0x00012B,
0x00012B,0x00012C,0x00012C,0x00012C,0x00012C,0x00012C,0x00012C,0x00012C,
0x00012C,0x00012C,0x00012C,0x00012C,0x00012C,0x00012C,0x00012C,0x00012C,
0x00012C,0x00012C,0x00012C,0x00012C,0x00012C,0x00012D,0x00012D,0x00012D,
0x00012D,0x00012D,0x00012D,0x00012D,0x00012D,0x00012D,0x00012D,0x00012D,
0x00012D,0x00012D,0x00012D,0x00012D,0x00012D,0x00012D,0x00012D,0x00012D,
0x00012D,0x00012E,0x00012E,0x00012E,0x00012E,0x00012E,0x00012E,0x00012E,
0x00012E,0x00012E,0x00012E,0x00012E,0x00012E,0x00012E,0x00012E,0x00012E,
0x00012E,0x00012E,0x00012E,0x00012E,0x00012F,0x00012F,0x00012F,0x00012F,
0x00012F,0x00012F,0x00012F,0x00012F,0x00012F,0x00012F,0x00012F,0x00012F,
0x00012F,0x00012F,0x00012F,0x00012F,0x00012F,0x00012F,0x00012F,0x00012F,
0x000130,0x000130,0x000130,0x000130,0x000130,0x000130,0x000130,0x000130,
0x000130,0x000130,0x000130,0x000130,0x000130,0x000130,0x000130,0x000130,
0x000130,0x000130,0x000130,0x000131,0x000131,0x000131,0x000131,0x000131,
0x000131,0x000131,0x000131,0x000131,0x000131,0x000131,0x000131,0x000131,
0x000131,0x000131,0x000131,0x000131,0x000131,0x000131,0x000132,0x000132,
0x000132,0x000132,0x000132,0x000132,0x000132,0x000132,0x000132,0x000132,
0x000132,0x000132,0x000132,0x000132,0x000132,0x000132,0x000132,0x000132,
0x000132,0x000132,0x000133,0x000133,0x000133,0x000133,0x000133,0x000133,
0x000133,0x000133,0x000133,0x000133,0x000133,0x000133,0x000133,0x000133,
0x000133,0x000133,0x000133,0x000133,0x000133,0x000134,0x000134,0x000134,
0x000134,0x000134,0x000134,0x000134,0x000134,0x000134,0x000134,0x000134,
0x000134,0x000134,0x000134,0x000134,0x000134,0x000134,0x000134,0x000134,
0x000135,0x000135,0x000135,0x000135,0x000135,0x000135,0x000135,0x000135,
0x000135,0x000135,0x000135,0x000135,0x000135,0x000135,0x000135,0x000135,
0x000135,0x000135,0x000135,0x000136,0x000136,0x000136,0x000136,0x000136,
0x000136,0x000136,0x000136,0x000136,0x000136,0x000136,0x000136,0x000136,
0x000136,0x000136,0x000136,0x000136,0x000136,0x000136,0x000137,0x000137,
0x000137,0x000137,0x000137,0x000137,0x000137,0x000137,0x000137,0x000137,
0x000137,0x000137,0x000137,0x000137,0x000137,0x000137,0x000137,0x000137,
0x000137,0x000138,0x000138,0x000138,0x000138,0x000138,0x000138,0x000138,
0x000138,0x000138,0x000138,0x000138,0x000138,0x000138,0x000138,0x000138,
0x000138,0x000138,0x000138,0x000138,0x000139,0x000139,0x000139,0x000139,
0x000139,0x000139,0x000139,0x000139,0x000139,0x000139,0x000139,0x000139,
0x000139,0x000139,0x000139,0x000139,0x000139,0x000139,0x000139,0x00013A,
0x00013A,0x00013A,0x00013A,0x00013A,0x00013A,0x00013A,0x00013A,0x00013A,
0x00013A,0x00013A,0x00013A,0x00013A,0x00013A,0x00013A,0x00013A,0x00013A,
0x00013A,0x00013A,0x00013B,0x00013B,0x00013B,0x00013B,0x00013B,0x00013B,
0x00013B,0x00013B,0x00013B,0x00013B,0x00013B,0x00013B,0x00013B,0x00013B,
0x00013B,0x00013B,0x00013B,0x00013B,0x00013C,0x00013C,0x00013C,0x00013C,
0x00013C,0x00013C,0x00013C,0x00013C,0x00013C,0x00013C,0x00013C,0x00013C,
0x00013C,0x00013C,0x00013C,0x00013C,0x00013C,0x00013C,0x00013C,0x00013D,
0x00013D,0x00013D,0x00013D,0x00013D,0x00013D,0x00013D,0x00013D,0x00013D,
0x00013D,0x00013D,0x00013D,0x00013D,0x00013D,0x00013D,0x00013D,0x00013D,
0x00013D,0x00013D,0x00013E,0x00013E,0x00013E,0x00013E,0x00013E,0x00013E,
0x00013E,0x00013E,0x00013E,0x00013E,0x00013E,0x00013E,0x00013E,0x00013E,
0x00013E,0x00013E,0x00013E,0x00013E,0x00013F,0x00013F,0x00013F,0x00013F,
0x00013F,0x00013F,0x00013F,0x00013F,0x00013F,0x00013F,0x00013F,0x00013F,
0x00013F,0x00013F,0x00013F,0x00013F,0x00013F,0x00013F,0x00013F,0x000140,
0x000140,0x000140,0x000140,0x000140,0x000140,0x000140,0x000140,0x000140,
0x000140,0x000140,0x000140,0x000140,0x000140,0x000140,0x000140,0x000140,
0x000140,0x000141,0x000141,0x000141,0x000141,0x000141,0x000141,0x000141,
0x000141,0x000141,0x000141,0x000141,0x000141,0x000141,0x000141,0x000141,
0x000141,0x000141,0x000141,0x000141,0x000142,0x000142,0x000142,0x000142,
0x000142,0x000142,0x000142,0x000142,0x000142,0x000142,0x000142,0x000142,
0x000142,0x000142,0x000142,0x000142,0x000142,0x000142,0x000143,0x000143,
0x000143,0x000143,0x000143,0x000143,0x000143,0x000143,0x000143,0x000143,
0x000143,0x000143,0x000143,0x000143,0x000143,0x000143,0x000143,0x000143,
0x000144,0x000144,0x000144,0x000144,0x000144,0x000144,0x000144,0x000144,
0x000144,0x000144,0x000144,0x000144,0x000144,0x000144,0x000144,0x000144,
0x000144,0x000144,0x000145,0x000145,0x000145,0x000145,0x000145,0x000145,
0x000145,0x000145,0x000145,0x000145,0x000145,0x000145,0x000145,0x000145,
0x000145,0x000145,0x000145,0x000145,0x000145,0x000146,0x000146,0x000146,
0x000146,0x000146,0x000146,0x000146,0x000146,0x000146,0x000146,0x000146,
0x000146,0x000146,0x000146,0x000146,0x000146,0x000146,0x000146,0x000147,
0x000147,0x000147,0x000147,0x000147,0x000147,0x000147,0x000147,0x000147,
0x000147,0x000147,0x000147,0x000147,0x000147,0x000147,0x000147,0x000147,
0x000147,0x000148,0x000148,0x000148,0x000148,0x000148,0x000148,0x000148,
0x000148,0x000148,0x000148,0x000148,0x000148,0x000148,0x000148,0x000148,
0x000148,0x000148,0x000148,0x000149,0x000149,0x000149,0x000149,0x000149,
0x000149,0x000149,0x000149,0x000149,0x000149,0x000149,0x000149,0x000149,
0x000149,0x000149,0x000149,0x000149,0x000149,0x00014A,0x00014A,0x00014A,
0x00014A,0x00014A,0x00014A,0x00014A,0x00014A,0x00014A,0x00014A,0x00014A,
0x00014A,0x00014A,0x00014A,0x00014A,0x00014A,0x00014A,0x00014A,0x00014B,
0x00014B,0x00014B,0x00014B,0x00014B,0x00014B,0x00014B,0x00014B,0x00014B,
0x00014B,0x00014B,0x00014B,0x00014B,0x00014B,0x00014B,0x00014B,0x00014B,
0x00014C,0x00014C,0x00014C,0x00014C,0x00014C,0x00014C,0x00014C,0x00014C,
0x00014C,0x00014C,0x00014C,0x00014C,0x00014C,0x00014C,0x00014C,0x00014C,
0x00014C,0x00014C,0x00014D,0x00014D,0x00014D,0x00014D,0x00014D,0x00014D,
0x00014D,0x00014D,0x00014D,0x00014D,0x00014D,0x00014D,0x00014D,0x00014D,
0x00014D,0x00014D,0x00014D,0x00014D,0x00014E,0x00014E,0x00014E,0x00014E,
0x00014E,0x00014E,0x00014E,0x00014E,0x00014E,0x00014E,0x00014E,0x00014E,
0x00014E,0x00014E,0x00014E,0x00014E,0x00014E,0x00014E,0x00014F,0x00014F,
0x00014F,0x00014F,0x00014F,0x00014F,0x00014F,0x00014F,0x00014F,0x00014F,
0x00014F,0x00014F,0x00014F,0x00014F,0x00014F,0x00014F,0x00014F,0x000150,
0x000150,0x000150,0x000150,0x000150,0x000150,0x000150,0x000150,0x000150,
0x000150,0x000150,0x000150,0x000150,0x000150,0x000150,0x000150,0x000150,
0x000150,0x000151,0x000151,0x000151,0x000151,0x000151,0x000151,0x000151,
0x000151,0x000151,0x000151,0x000151,0x000151,0x000151,0x000151,0x000151,
0x000151,0x000151,0x000152,0x000152,0x000152,0x000152,0x000152,0x000152,
0x000152,0x000152,0x000152,0x000152,0x000152,0x000152,0x000152,0x000152,
0x000152,0x000152,0x000152,0x000152,0x000153,0x000153,0x000153,0x000153,
0x000153,0x000153,0x000153,0x000153,0x000153,0x000153,0x000153,0x000153,
0x000153,0x000153,0x000153,0x000153,0x000153,0x000154,0x000154,0x000154,
0x000154,0x000154,0x000154,0x000154,0x000154,0x000154,0x000154,0x000154,
0x000154,0x000154,0x000154,0x000154,0x000154,0x000154,0x000155,0x000155,
0x000155,0x000155,0x000155,0x000155,0x000155,0x000155,0x000155,0x000155,
0x000155,0x000155,0x000155,0x000155,0x000155,0x000155,0x000155,0x000155,
0x000156,0x000156,0x000156,0x000156,0x000156,0x000156,0x000156,0x000156,
0x000156,0x000156,0x000156,0x000156,0x000156,0x000156,0x000156,0x000156,
0x000156,0x000157,0x000157,0x000157,0x000157,0x000157,0x000157,0x000157,
0x000157,0x000157,0x000157,0x000157,0x000157,0x000157,0x000157,0x000157,
0x000157,0x000157,0x000158,0x000158,0x000158,0x000158,0x000158,0x000158,
0x000158,0x000158,0x000158,0x000158,0x000158,0x000158,0x000158,0x000158,
0x000158,0x000158,0x000158,0x000159,0x000159,0x000159,0x000159,0x000159,
0x000159,0x000159,0x000159,0x000159,0x000159,0x000159,0x000159,0x000159,
0x000159,0x000159,0x000159,0x000159,0x00015A,0x00015A,0x00015A,0x00015A,
0x00015A,0x00015A,0x00015A,0x00015A,0x00015A,0x00015A,0x00015A,0x00015A,
0x00015A,0x00015A,0x00015A,0x00015A,0x00015A,0x00015A,0x00015B,0x00015B,
0x00015B,0x00015B,0x00015B,0x00015B,0x00015B,0x00015B,0x00015B,0x00015B,
0x00015B,0x00015B,0x00015B,0x00015B,0x00015B,0x00015B,0x00015B,0x00015C,
0x00015C,0x00015C,0x00015C,0x00015C,0x00015C,0x00015C,0x00015C,0x00015C,
0x00015C,0x00015C,0x00015C,0x00015C,0x00015C,0x00015C,0x00015C,0x00015D,
0x00015D,0x00015D,0x00015D,0x00015D,0x00015D,0x00015D,0x00015D,0x00015D,
0x00015D,0x00015D,0x00015D,0x00015D,0x00015D,0x00015D,0x00015D,0x00015D,
0x00015E,0x00015E,0x00015E,0x00015E,0x00015E,0x00015E,0x00015E,0x00015E,
0x00015E,0x00015E,0x00015E,0x00015E,0x00015E,0x00015E,0x00015E,0x00015E,
0x00015E,0x00015F,0x00015F,0x00015F,0x00015F,0x00015F,0x00015F,0x00015F,
0x00015F,0x00015F,0x00015F,0x00015F,0x00015F,0x00015F,0x00015F,0x00015F,
0x00015F,0x00015F,0x000160,0x000160,0x000160,0x000160,0x000160,0x000160,
0x000160,0x000160,0x000160,0x000160,0x000160,0x000160,0x000160,0x000160,
0x000160,0x000160,0x000160,0x000161,0x000161,0x000161,0x000161,0x000161,
0x000161,0x000161,0x000161,0x000161,0x000161,0x000161,0x000161,0x000161,
0x000161,0x000161,0x000161,0x000161,0x000162,0x000162,0x000162,0x000162,
0x000162,0x000162,0x000162,0x000162,0x000162,0x000162,0x000162,0x000162,
0x000162,0x000162,0x000162,0x000162,0x000163,0x000163,0x000163,0x000163,
0x000163,0x000163,0x000163,0x000163,0x000163,0x000163,0x000163,0x000163,
0x000163,0x000163,0x000163,0x000163,0x000163,0x000164,0x000164,0x000164,
0x000164,0x000164,0x000164,0x000164,0x000164,0x000164,0x000164,0x000164,
0x000164,0x000164,0x000164,0x000164,0x000164,0x000165,0x000165,0x000165,
0x000165,0x000165,0x000165,0x000165,0x000165,0x000165,0x000165,0x000165,
0x000165,0x000165,0x000165,0x000165,0x000165,0x000165,0x000166,0x000166,
0x000166,0x000166,0x000166,0x000166,0x000166,0x000166,0x000166,0x000166,
0x000166,0x000166,0x000166,0x000166,0x000166,0x000166,0x000167,0x000167,
0x000167,0x000167,0x000167,0x000167,0x000167,0x000167,0x000167,0x000167,
0x000167,0x000167,0x000167,0x000167,0x000167,0x000167,0x000167,0x000168,
0x000168,0x000168,0x000168,0x000168,0x000168,0x000168,0x000168,0x000168,
0x000168,0x000168,0x000168,0x000168,0x000168,0x000168,0x000168,0x000169,
0x000169,0x000169,0x000169,0x000169,0x000169,0x000169,0x000169,0x000169,
0x000169,0x000169,0x000169,0x000169,0x000169,0x000169,0x000169,0x000169,
0x00016A,0x00016A,0x00016A,0x00016A,0x00016A,0x00016A,0x00016A,0x00016A,
0x00016A,0x00016A,0x00016A,0x00016A,0x00016A,0x00016A,0x00016A,0x00016A,
0x00016B,0x00016B,0x00016B,0x00016B,0x00016B,0x00016B,0x00016B,0x00016B,
0x00016B,0x00016B,0x00016B,0x00016B,0x00016B,0x00016B,0x00016B,0x00016B,
0x00016C,0x00016C,0x00016C,0x00016C,0x00016C,0x00016C,0x00016C,0x00016C,
0x00016C,0x00016C,0x00016C,0x00016C,0x00016C,0x00016C,0x00016C,0x00016C,
0x00016D,0x00016D,0x00016D,0x00016D,0x00016D,0x00016D,0x00016D,0x00016D,
0x00016D,0x00016D,0x00016D,0x00016D,0x00016D,0x00016D,0x00016D,0x00016D,
0x00016D,0x00016E,0x00016E,0x00016E,0x00016E,0x00016E,0x00016E,0x00016E,
0x00016E,0x00016E,0x00016E,0x00016E,0x00016E,0x00016E,0x00016E,0x00016E,
0x00016E,0x00016F,0x00016F,0x00016F,0x00016F,0x00016F,0x00016F,0x00016F,
0x00016F,0x00016F,0x00016F,0x00016F,0x00016F,0x00016F,0x00016F,0x00016F,
0x00016F,0x000170,0x000170,0x000170,0x000170,0x000170,0x000170,0x000170,
0x000170,0x000170,0x000170,0x000170,0x000170,0x000170,0x000170,0x000170,
0x000170,0x000171,0x000171,0x000171,0x000171,0x000171,0x000171,0x000171,
0x000171,0x000171,0x000171,0x000171,0x000171,0x000171,0x000171,0x000171,
0x000171,0x000172,0x000172,0x000172,0x000172,0x000172,0x000172,0x000172,
0x000172,0x000172,0x000172,0x000172,0x000172,0x000172,0x000172,0x000172,
0x000172,0x000173,0x000173,0x000173,0x000173,0x000173,0x000173,0x000173,
0x000173,0x000173,0x000173,0x000173,0x000173,0x000173,0x000173,0x000173,
0x000173,0x000174,0x000174,0x000174,0x000174,0x000174,0x000174,0x000174,
0x000174,0x000174,0x000174,0x000174,0x000174,0x000174,0x000174,0x000174,
0x000174,0x000175,0x000175,0x000175,0x000175,0x000175,0x000175,0x000175,
0x000175,0x000175,0x000175,0x000175,0x000175,0x000175,0x000175,0x000175,
0x000176,0x000176,0x000176,0x000176,0x000176,0x000176,0x000176,0x000176,
0x000176,0x000176,0x000176,0x000176,0x000176,0x000176,0x000176,0x000176,
0x000177,0x000177,0x000177,0x000177,0x000177,0x000177,0x000177,0x000177,
0x000177,0x000177,0x000177,0x000177,0x000177,0x000177,0x000177,0x000177,
0x000178,0x000178,0x000178,0x000178,0x000178,0x000178,0x000178,0x000178,
0x000178,0x000178,0x000178,0x000178,0x000178,0x000178,0x000178,0x000178,
0x000179,0x000179,0x000179,0x000179,0x000179,0x000179,0x000179,0x000179,
0x000179,0x000179,0x000179,0x000179,0x000179,0x000179,0x000179,0x00017A,
0x00017A,0x00017A,0x00017A,0x00017A,0x00017A,0x00017A,0x00017A,0x00017A,
0x00017A,0x00017A,0x00017A,0x00017A,0x00017A,0x00017A,0x00017A,0x00017B,
0x00017B,0x00017B,0x00017B,0x00017B,0x00017B,0x00017B,0x00017B,0x00017B,
0x00017B,0x00017B,0x00017B,0x00017B,0x00017B,0x00017B,0x00017C,0x00017C,
0x00017C,0x00017C,0x00017C,0x00017C,0x00017C,0x00017C,0x00017C,0x00017C,
0x00017C,0x00017C,0x00017C,0x00017C,0x00017C,0x00017C,0x00017D,0x00017D,
0x00017D,0x00017D,0x00017D,0x00017D,0x00017D,0x00017D,0x00017D,0x00017D,
0x00017D,0x00017D,0x00017D,0x00017D,0x00017D,0x00017E,0x00017E,0x00017E,
0x00017E,0x00017E,0x00017E,0x00017E,0x00017E,0x00017E,0x00017E,0x00017E,
0x00017E,0x00017E,0x00017E,0x00017E,0x00017E,0x00017F,0x00017F,0x00017F,
0x00017F,0x00017F,0x00017F,0x00017F,0x00017F,0x00017F,0x00017F,0x00017F,
0x00017F,0x00017F,0x00017F,0x00017F,0x000180,0x000180,0x000180,0x000180,
0x000180,0x000180,0x000180,0x000180,0x000180,0x000180,0x000180,0x000180,
0x000180,0x000180,0x000180,0x000180,0x000181,0x000181,0x000181,0x000181,
0x000181,0x000181,0x000181,0x000181,0x000181,0x000181,0x000181,0x000181,
0x000181,0x000181,0x000181,0x000182,0x000182,0x000182,0x000182,0x000182,
0x000182,0x000182,0x000182,0x000182,0x000182,0x000182,0x000182,0x000182,
0x000182,0x000182,0x000183,0x000183,0x000183,0x000183,0x000183,0x000183,
0x000183,0x000183,0x000183,0x000183,0x000183,0x000183,0x000183,0x000183,
0x000183,0x000183,0x000184,0x000184,0x000184,0x000184,0x000184,0x000184,
0x000184,0x000184,0x000184,0x000184,0x000184,0x000184,0x000184,0x000184,
0x000184,0x000185,0x000185,0x000185,0x000185,0x000185,0x000185,0x000185,
0x000185,0x000185,0x000185,0x000185,0x000185,0x000185,0x000185,0x000185,
0x000186,0x000186,0x000186,0x000186,0x000186,0x000186,0x000186,0x000186,
0x000186,0x000186,0x000186,0x000186,0x000186,0x000186,0x000186,0x000187,
0x000187,0x000187,0x000187,0x000187,0x000187,0x000187,0x000187,0x000187,
0x000187,0x000187,0x000187,0x000187,0x000187,0x000187,0x000188,0x000188,
0x000188,0x000188,0x000188,0x000188,0x000188,0x000188,0x000188,0x000188,
0x000188,0x000188,0x000188,0x000188,0x000188,0x000189,0x000189,0x000189,
0x000189,0x000189,0x000189,0x000189,0x000189,0x000189,0x000189,0x000189,
0x000189,0x000189,0x000189,0x000189,0x00018A,0x00018A,0x00018A,0x00018A,
0x00018A,0x00018A,0x00018A,0x00018A,0x00018A,0x00018A,0x00018A,0x00018A,
0x00018A,0x00018A,0x00018A,0x00018B,0x00018B,0x00018B,0x00018B,0x00018B,
0x00018B,0x00018B,0x00018B,0x00018B,0x00018B,0x00018B,0x00018B,0x00018B,
0x00018B,0x00018B,0x00018C,0x00018C,0x00018C,0x00018C,0x00018C,0x00018C,
0x00018C,0x00018C,0x00018C,0x00018C,0x00018C,0x00018C,0x00018C,0x00018C,
0x00018C,0x00018D,0x00018D,0x00018D,0x00018D,0x00018D,0x00018D,0x00018D,
0x00018D,0x00018D,0x00018D,0x00018D,0x00018D,0x00018D,0x00018D,0x00018D,
0x00018E,0x00018E,0x00018E,0x00018E,0x00018E,0x00018E,0x00018E,0x00018E,
0x00018E,0x00018E,0x00018E,0x00018E,0x00018E,0x00018E,0x00018E,0x00018F,
0x00018F,0x00018F,0x00018F,0x00018F,0x00018F,0x00018F,0x00018F,0x00018F,
0x00018F,0x00018F,0x00018F,0x00018F,0x00018F,0x00018F,0x000190,0x000190,
0x000190,0x000190,0x000190,0x000190,0x000190,0x000190,0x000190,0x000190,
0x000190,0x000190,0x000190,0x000190,0x000191,0x000191,0x000191,0x000191,
0x000191,0x000191,0x000191,0x000191,0x000191,0x000191,0x000191,0x000191,
0x000191,0x000191,0x000191,0x000192,0x000192,0x000192,0x000192,0x000192,
0x000192,0x000192,0x000192,0x000192,0x000192,0x000192,0x000192,0x000192,
0x000192,0x000192,0x000193,0x000193,0x000193,0x000193,0x000193,0x000193,
0x000193,0x000193,0x000193,0x000193,0x000193,0x000193,0x000193,0x000193,
0x000194,0x000194,0x000194,0x000194,0x000194,0x000194,0x000194,0x000194,
0x000194,0x000194,0x000194,0x000194,0x000194,0x000194,0x000194,0x000195,
0x000195,0x000195,0x000195,0x000195,0x000195,0x000195,0x000195,0x000195,
0x000195,0x000195,0x000195,0x000195,0x000195,0x000196,0x000196,0x000196,
0x000196,0x000196,0x000196,0x000196,0x000196,0x000196,0x000196,0x000196,
0x000196,0x000196,0x000196,0x000196,0x000197,0x000197,0x000197,0x000197,
0x000197,0x000197,0x000197,0x000197,0x000197,0x000197,0x000197,0x000197,
0x000197,0x000197,0x000197,0x000198,0x000198,0x000198,0x000198,0x000198,
0x000198,0x000198,0x000198,0x000198,0x000198,0x000198,0x000198,0x000198,
0x000198,0x000199,0x000199,0x000199,0x000199,0x000199,0x000199,0x000199,
0x000199,0x000199,0x000199,0x000199,0x000199,0x000199,0x000199,0x00019A,
0x00019A,0x00019A,0x00019A,0x00019A,0x00019A,0x00019A,0x00019A,0x00019A,
0x00019A,0x00019A,0x00019A,0x00019A,0x00019A,0x00019A,0x00019B,0x00019B,
0x00019B,0x00019B,0x00019B,0x00019B,0x00019B,0x00019B,0x00019B,0x00019B,
0x00019B,0x00019B,0x00019B,0x00019B,0x00019C,0x00019C,0x00019C,0x00019C,
0x00019C,0x00019C,0x00019C,0x00019C,0x00019C,0x00019C,0x00019C,0x00019C,
0x00019C,0x00019C,0x00019C,0x00019D,0x00019D,0x00019D,0x00019D,0x00019D,
0x00019D,0x00019D,0x00019D,0x00019D,0x00019D,0x00019D,0x00019D,0x00019D,
0x00019D,0x00019E,0x00019E,0x00019E,0x00019E,0x00019E,0x00019E,0x00019E,
0x00019E,0x00019E,0x00019E,0x00019E,0x00019E,0x00019E,0x00019E,0x00019F,
0x00019F,0x00019F,0x00019F,0x00019F,0x00019F,0x00019F,0x00019F,0x00019F,
0x00019F,0x00019F,0x00019F,0x00019F,0x00019F,0x0001A0,0x0001A0,0x0001A0,
0x0001A0,0x0001A0,0x0001A0,0x0001A0,0x0001A0,0x0001A0,0x0001A0,0x0001A0,
0x0001A0,0x0001A0,0x0001A0,0x0001A1,0x0001A1,0x0001A1,0x0001A1,0x0001A1,
0x0001A1,0x0001A1,0x0001A1,0x0001A1,0x0001A1,0x0001A1,0x0001A1,0x0001A1,
0x0001A1,0x0001A1,0x0001A2,0x0001A2,0x0001A2,0x0001A2,0x0001A2,0x0001A2,
0x0001A2,0x0001A2,0x0001A2,0x0001A2,0x0001A2,0x0001A2,0x0001A2,0x0001A2,
0x0001A3,0x0001A3,0x0001A3,0x0001A3,0x0001A3,0x0001A3,0x0001A3,0x0001A3,
0x0001A3,0x0001A3,0x0001A3,0x0001A3,0x0001A3,0x0001A3,0x0001A4,0x0001A4,
0x0001A4,0x0001A4,0x0001A4,0x0001A4,0x0001A4,0x0001A4,0x0001A4,0x0001A4,
0x0001A4,0x0001A4,0x0001A4,0x0001A4,0x0001A5,0x0001A5,0x0001A5,0x0001A5,
0x0001A5,0x0001A5,0x0001A5,0x0001A5,0x0001A5,0x0001A5,0x0001A5,0x0001A5,
0x0001A5,0x0001A5,0x0001A6,0x0001A6,0x0001A6,0x0001A6,0x0001A6,0x0001A6,
0x0001A6,0x0001A6,0x0001A6,0x0001A6,0x0001A6,0x0001A6,0x0001A6,0x0001A6,
0x0001A7,0x0001A7,0x0001A7,0x0001A7,0x0001A7,0x0001A7,0x0001A7,0x0001A7,
0x0001A7,0x0001A7,0x0001A7,0x0001A7,0x0001A7,0x0001A7,0x0001A8,0x0001A8,
0x0001A8,0x0001A8,0x0001A8,0x0001A8,0x0001A8,0x0001A8,0x0001A8,0x0001A8,
0x0001A8,0x0001A8,0x0001A8,0x0001A8,0x0001A9,0x0001A9,0x0001A9,0x0001A9,
0x0001A9,0x0001A9,0x0001A9,0x0001A9,0x0001A9,0x0001A9,0x0001A9,0x0001A9,
0x0001A9,0x0001A9,0x0001AA,0x0001AA,0x0001AA,0x0001AA,0x0001AA,0x0001AA,
0x0001AA,0x0001AA,0x0001AA,0x0001AA,0x0001AA,0x0001AA,0x0001AA,0x0001AA,
0x0001AB,0x0001AB,0x0001AB,0x0001AB,0x0001AB,0x0001AB,0x0001AB,0x0001AB,
0x0001AB,0x0001AB,0x0001AB,0x0001AB,0x0001AB,0x0001AC,0x0001AC,0x0001AC,
0x0001AC,0x0001AC,0x0001AC,0x0001AC,0x0001AC,0x0001AC,0x0001AC,0x0001AC,
0x0001AC,0x0001AC,0x0001AC,0x0001AD,0x0001AD,0x0001AD,0x0001AD,0x0001AD,
0x0001AD,0x0001AD,0x0001AD,0x0001AD,0x0001AD,0x0001AD,0x0001AD,0x0001AD,
0x0001AD,0x0001AE,0x0001AE,0x0001AE,0x0001AE,0x0001AE,0x0001AE,0x0001AE,
0x0001AE,0x0001AE,0x0001AE,0x0001AE,0x0001AE,0x0001AE,0x0001AE,0x0001AF,
0x0001AF,0x0001AF,0x0001AF,0x0001AF,0x0001AF,0x0001AF,0x0001AF,0x0001AF,
0x0001AF,0x0001AF,0x0001AF,0x0001AF,0x0001B0,0x0001B0,0x0001B0,0x0001B0,
0x0001B0,0x0001B0,0x0001B0,0x0001B0,0x0001B0,0x0001B0,0x0001B0,0x0001B0,
0x0001B0,0x0001B0,0x0001B1,0x0001B1,0x0001B1,0x0001B1,0x0001B1,0x0001B1,
0x0001B1,0x0001B1,0x0001B1,0x0001B1,0x0001B1,0x0001B1,0x0001B1,0x0001B1,
0x0001B2,0x0001B2,0x0001B2,0x0001B2,0x0001B2,0x0001B2,0x0001B2,0x0001B2,
0x0001B2,0x0001B2,0x0001B2,0x0001B2,0x0001B2,0x0001B3,0x0001B3,0x0001B3,
0x0001B3,0x0001B3,0x0001B3,0x0001B3,0x0001B3,0x0001B3,0x0001B3,0x0001B3,
0x0001B3,0x0001B3,0x0001B3,0x0001B4,0x0001B4,0x0001B4,0x0001B4,0x0001B4,
0x0001B4,0x0001B4,0x0001B4,0x0001B4,0x0001B4,0x0001B4,0x0001B4,0x0001B4,
0x0001B5,0x0001B5,0x0001B5,0x0001B5,0x0001B5,0x0001B5,0x0001B5,0x0001B5,
0x0001B5,0x0001B5,0x0001B5,0x0001B5,0x0001B5,0x0001B5,0x0001B6,0x0001B6,
0x0001B6,0x0001B6,0x0001B6,0x0001B6,0x0001B6,0x0001B6,0x0001B6,0x0001B6,
0x0001B6,0x0001B6,0x0001B6,0x0001B7,0x0001B7,0x0001B7,0x0001B7,0x0001B7,
0x0001B7,0x0001B7,0x0001B7,0x0001B7,0x0001B7,0x0001B7,0x0001B7,0x0001B7,
0x0001B7,0x0001B8,0x0001B8,0x0001B8,0x0001B8,0x0001B8,0x0001B8,0x0001B8,
0x0001B8,0x0001B8,0x0001B8,0x0001B8,0x0001B8,0x0001B8,0x0001B9,0x0001B9,
0x0001B9,0x0001B9,0x0001B9,0x0001B9,0x0001B9,0x0001B9,0x0001B9,0x0001B9,
0x0001B9,0x0001B9,0x0001B9,0x0001B9,0x0001BA,0x0001BA,0x0001BA,0x0001BA,
0x0001BA,0x0001BA,0x0001BA,0x0001BA,0x0001BA,0x0001BA,0x0001BA,0x0001BA,
0x0001BA,0x0001BB,0x0001BB,0x0001BB,0x0001BB,0x0001BB,0x0001BB,0x0001BB,
0x0001BB,0x0001BB,0x0001BB,0x0001BB,0x0001BB,0x0001BB,0x0001BC,0x0001BC,
0x0001BC,0x0001BC,0x0001BC,0x0001BC,0x0001BC,0x0001BC,0x0001BC,0x0001BC,
0x0001BC,0x0001BC,0x0001BC,0x0001BC,0x0001BD,0x0001BD,0x0001BD,0x0001BD,
0x0001BD,0x0001BD,0x0001BD,0x0001BD,0x0001BD,0x0001BD,0x0001BD,0x0001BD,
0x0001BD,0x0001BE,0x0001BE,0x0001BE,0x0001BE,0x0001BE,0x0001BE,0x0001BE,
0x0001BE,0x0001BE,0x0001BE,0x0001BE,0x0001BE,0x0001BE,0x0001BF,0x0001BF,
0x0001BF,0x0001BF,0x0001BF,0x0001BF,0x0001BF,0x0001BF,0x0001BF,0x0001BF,
0x0001BF,0x0001BF,0x0001BF,0x0001C0,0x0001C0,0x0001C0,0x0001C0,0x0001C0,
0x0001C0,0x0001C0,0x0001C0,0x0001C0,0x0001C0,0x0001C0,0x0001C0,0x0001C0,
0x0001C1,0x0001C1,0x0001C1,0x0001C1,0x0001C1,0x0001C1,0x0001C1,0x0001C1,
0x0001C1,0x0001C1,0x0001C1,0x0001C1,0x0001C1,0x0001C1,0x0001C2,0x0001C2,
0x0001C2,0x0001C2,0x0001C2,0x0001C2,0x0001C2,0x0001C2,0x0001C2,0x0001C2,
0x0001C2,0x0001C2,0x0001C2,0x0001C3,0x0001C3,0x0001C3,0x0001C3,0x0001C3,
0x0001C3,0x0001C3,0x0001C3,0x0001C3,0x0001C3,0x0001C3,0x0001C3,0x0001C3,
0x0001C4,0x0001C4,0x0001C4,0x0001C4,0x0001C4,0x0001C4,0x0001C4,0x0001C4,
0x0001C4,0x0001C4,0x0001C4,0x0001C4,0x0001C4,0x0001C5,0x0001C5,0x0001C5,
0x0001C5,0x0001C5,0x0001C5,0x0001C5,0x0001C5,0x0001C5,0x0001C5,0x0001C5,
0x0001C5,0x0001C5,0x0001C6,0x0001C6,0x0001C6,0x0001C6,0x0001C6,0x0001C6,
0x0001C6,0x0001C6,0x0001C6,0x0001C6,0x0001C6,0x0001C6,0x0001C6,0x0001C7,
0x0001C7,0x0001C7,0x0001C7,0x0001C7,0x0001C7,0x0001C7,0x0001C7,0x0001C7,
0x0001C7,0x0001C7,0x0001C7,0x0001C7,0x0001C8,0x0001C8,0x0001C8,0x0001C8,
0x0001C8,0x0001C8,0x0001C8,0x0001C8,0x0001C8,0x0001C8,0x0001C8,0x0001C8,
0x0001C8,0x0001C9,0x0001C9,0x0001C9,0x0001C9,0x0001C9,0x0001C9,0x0001C9,
0x0001C9,0x0001C9,0x0001C9,0x0001C9,0x0001C9,0x0001C9,0x0001CA,0x0001CA,
0x0001CA,0x0001CA,0x0001CA,0x0001CA,0x0001CA,0x0001CA,0x0001CA,0x0001CA,
0x0001CA,0x0001CA,0x0001CA,0x0001CB,0x0001CB,0x0001CB,0x0001CB,0x0001CB,
0x0001CB,0x0001CB,0x0001CB,0x0001CB,0x0001CB,0x0001CB,0x0001CB,0x0001CC,
0x0001CC,0x0001CC,0x0001CC,0x0001CC,0x0001CC,0x0001CC,0x0001CC,0x0001CC,
0x0001CC,0x0001CC,0x0001CC,0x0001CC,0x0001CD,0x0001CD,0x0001CD,0x0001CD,
0x0001CD,0x0001CD,0x0001CD,0x0001CD,0x0001CD,0x0001CD,0x0001CD,0x0001CD,
0x0001CD,0x0001CE,0x0001CE,0x0001CE,0x0001CE,0x0001CE,0x0001CE,0x0001CE,
0x0001CE,0x0001CE,0x0001CE,0x0001CE,0x0001CE,0x0001CE,0x0001CF,0x0001CF,
0x0001CF,0x0001CF,0x0001CF,0x0001CF,0x0001CF,0x0001CF,0x0001CF,0x0001CF,
0x0001CF,0x0001CF,0x0001CF,0x0001D0,0x0001D0,0x0001D0,0x0001D0,0x0001D0,
0x0001D0,0x0001D0,0x0001D0,0x0001D0,0x0001D0,0x0001D0,0x0001D0,0x0001D1,
0x0001D1,0x0001D1,0x0001D1,0x0001D1,0x0001D1,0x0001D1,0x0001D1,0x0001D1,
0x0001D1,0x0001D1,0x0001D1,0x0001D1,0x0001D2,0x0001D2,0x0001D2,0x0001D2,
0x0001D2,0x0001D2,0x0001D2,0x0001D2,0x0001D2,0x0001D2,0x0001D2,0x0001D2,
0x0001D2,0x0001D3,0x0001D3,0x0001D3,0x0001D3,0x0001D3,0x0001D3,0x0001D3,
0x0001D3,0x0001D3,0x0001D3,0x0001D3,0x0001D3,0x0001D4,0x0001D4,0x0001D4,
0x0001D4,0x0001D4,0x0001D4,0x0001D4,0x0001D4,0x0001D4,0x0001D4,0x0001D4,
0x0001D4,0x0001D4,0x0001D5,0x0001D5,0x0001D5,0x0001D5,0x0001D5,0x0001D5,
0x0001D5,0x0001D5,0x0001D5,0x0001D5,0x0001D5,0x0001D5,0x0001D5,0x0001D6,
0x0001D6,0x0001D6,0x0001D6,0x0001D6,0x0001D6,0x0001D6,0x0001D6,0x0001D6,
0x0001D6,0x0001D6,0x0001D6,0x0001D7,0x0001D7,0x0001D7,0x0001D7,0x0001D7,
0x0001D7,0x0001D7,0x0001D7,0x0001D7,0x0001D7,0x0001D7,0x0001D7,0x0001D7,
0x0001D8,0x0001D8,0x0001D8,0x0001D8,0x0001D8,0x0001D8,0x0001D8,0x0001D8,
0x0001D8,0x0001D8,0x0001D8,0x0001D8,0x0001D9,0x0001D9,0x0001D9,0x0001D9,
0x0001D9,0x0001D9,0x0001D9,0x0001D9,0x0001D9,0x0001D9,0x0001D9,0x0001D9,
0x0001D9,0x0001DA,0x0001DA,0x0001DA,0x0001DA,0x0001DA,0x0001DA,0x0001DA,
0x0001DA,0x0001DA,0x0001DA,0x0001DA,0x0001DA,0x0001DB,0x0001DB,0x0001DB,
0x0001DB,0x0001DB,0x0001DB,0x0001DB,0x0001DB,0x0001DB,0x0001DB,0x0001DB,
0x0001DB,0x0001DC,0x0001DC,0x0001DC,0x0001DC,0x0001DC,0x0001DC,0x0001DC,
0x0001DC,0x0001DC,0x0001DC,0x0001DC,0x0001DC,0x0001DC,0x0001DD,0x0001DD,
0x0001DD,0x0001DD,0x0001DD,0x0001DD,0x0001DD,0x0001DD,0x0001DD,0x0001DD,
0x0001DD,0x0001DD,0x0001DE,0x0001DE,0x0001DE,0x0001DE,0x0001DE,0x0001DE,
0x0001DE,0x0001DE,0x0001DE,0x0001DE,0x0001DE,0x0001DE,0x0001DE,0x0001DF,
0x0001DF,0x0001DF,0x0001DF,0x0001DF,0x0001DF,0x0001DF,0x0001DF,0x0001DF,
0x0001DF,0x0001DF,0x0001DF,0x0001E0,0x0001E0,0x0001E0,0x0001E0,0x0001E0,
0x0001E0,0x0001E0,0x0001E0,0x0001E0,0x0001E0,0x0001E0,0x0001E0,0x0001E1,
0x0001E1,0x0001E1,0x0001E1,0x0001E1,0x0001E1,0x0001E1,0x0001E1,0x0001E1,
0x0001E1,0x0001E1,0x0001E1,0x0001E1,0x0001E2,0x0001E2,0x0001E2,0x0001E2,
0x0001E2,0x0001E2,0x0001E2,0x0001E2,0x0001E2,0x0001E2,0x0001E2,0x0001E2,
0x0001E3,0x0001E3,0x0001E3,0x0001E3,0x0001E3,0x0001E3,0x0001E3,0x0001E3,
0x0001E3,0x0001E3,0x0001E3,0x0001E3,0x0001E4,0x0001E4,0x0001E4,0x0001E4,
0x0001E4,0x0001E4,0x0001E4,0x0001E4,0x0001E4,0x0001E4,0x0001E4,0x0001E4,
0x0001E5,0x0001E5,0x0001E5,0x0001E5,0x0001E5,0x0001E5,0x0001E5,0x0001E5,
0x0001E5,0x0001E5,0x0001E5,0x0001E5,0x0001E6,0x0001E6,0x0001E6,0x0001E6,
0x0001E6,0x0001E6,0x0001E6,0x0001E6,0x0001E6,0x0001E6,0x0001E6,0x0001E6,
0x0001E7,0x0001E7,0x0001E7,0x0001E7,0x0001E7,0x0001E7,0x0001E7,0x0001E7,
0x0001E7,0x0001E7,0x0001E7,0x0001E7,0x0001E7,0x0001E8,0x0001E8,0x0001E8,
0x0001E8,0x0001E8,0x0001E8,0x0001E8,0x0001E8,0x0001E8,0x0001E8,0x0001E8,
0x0001E8,0x0001E9,0x0001E9,0x0001E9,0x0001E9,0x0001E9,0x0001E9,0x0001E9,
0x0001E9,0x0001E9,0x0001E9,0x0001E9,0x0001E9,0x0001EA,0x0001EA,0x0001EA,
0x0001EA,0x0001EA,0x0001EA,0x0001EA,0x0001EA,0x0001EA,0x0001EA,0x0001EA,
0x0001EA,0x0001EB,0x0001EB,0x0001EB,0x0001EB,0x0001EB,0x0001EB,0x0001EB,
0x0001EB,0x0001EB,0x0001EB,0x0001EB,0x0001EB,0x0001EC,0x0001EC,0x0001EC,
0x0001EC,0x0001EC,0x0001EC,0x0001EC,0x0001EC,0x0001EC,0x0001EC,0x0001EC,
0x0001EC,0x0001ED,0x0001ED,0x0001ED,0x0001ED,0x0001ED,0x0001ED,0x0001ED,
0x0001ED,0x0001ED,0x0001ED,0x0001ED,0x0001ED,0x0001EE,0x0001EE,0x0001EE,
0x0001EE,0x0001EE,0x0001EE,0x0001EE,0x0001EE,0x0001EE,0x0001EE,0x0001EE,
0x0001EE,0x0001EF,0x0001EF,0x0001EF,0x0001EF,0x0001EF,0x0001EF,0x0001EF,
0x0001EF,0x0001EF,0x0001EF,0x0001EF,0x0001EF,0x0001F0,0x0001F0,0x0001F0,
0x0001F0,0x0001F0,0x0001F0,0x0001F0,0x0001F0,0x0001F0,0x0001F0,0x0001F0,
0x0001F0,0x0001F1,0x0001F1,0x0001F1,0x0001F1,0x0001F1,0x0001F1,0x0001F1,
0x0001F1,0x0001F1,0x0001F1,0x0001F1,0x0001F2,0x0001F2,0x0001F2,0x0001F2,
0x0001F2,0x0001F2,0x0001F2,0x0001F2,0x0001F2,0x0001F2,0x0001F2,0x0001F2,
0x0001F3,0x0001F3,0x0001F3,0x0001F3,0x0001F3,0x0001F3,0x0001F3,0x0001F3,
0x0001F3,0x0001F3,0x0001F3,0x0001F3,0x0001F4,0x0001F4,0x0001F4,0x0001F4,
0x0001F4,0x0001F4,0x0001F4,0x0001F4,0x0001F4,0x0001F4,0x0001F4,0x0001F4,
0x0001F5,0x0001F5,0x0001F5,0x0001F5,0x0001F5,0x0001F5,0x0001F5,0x0001F5,
0x0001F5,0x0001F5,0x0001F5,0x0001F5,0x0001F6,0x0001F6,0x0001F6,0x0001F6,
0x0001F6,0x0001F6,0x0001F6,0x0001F6,0x0001F6,0x0001F6,0x0001F6,0x0001F6,
0x0001F7,0x0001F7,0x0001F7,0x0001F7,0x0001F7,0x0001F7,0x0001F7,0x0001F7,
0x0001F7,0x0001F7,0x0001F7,0x0001F8,0x0001F8,0x0001F8,0x0001F8,0x0001F8,
0x0001F8,0x0001F8,0x0001F8,0x0001F8,0x0001F8,0x0001F8,0x0001F8,0x0001F9,
0x0001F9,0x0001F9,0x0001F9,0x0001F9,0x0001F9,0x0001F9,0x0001F9,0x0001F9,
0x0001F9,0x0001F9,0x0001F9,0x0001FA,0x0001FA,0x0001FA,0x0001FA,0x0001FA,
0x0001FA,0x0001FA,0x0001FA,0x0001FA,0x0001FA,0x0001FA,0x0001FB,0x0001FB,
0x0001FB,0x0001FB,0x0001FB,0x0001FB,0x0001FB,0x0001FB,0x0001FB,0x0001FB,
0x0001FB,0x0001FB,0x0001FC,0x0001FC,0x0001FC,0x0001FC,0x0001FC,0x0001FC,
0x0001FC,0x0001FC,0x0001FC,0x0001FC,0x0001FC,0x0001FC,0x0001FD,0x0001FD,
0x0001FD,0x0001FD,0x0001FD,0x0001FD,0x0001FD,0x0001FD,0x0001FD,0x0001FD,
0x0001FD,0x0001FE,0x0001FE,0x0001FE,0x0001FE,0x0001FE,0x0001FE,0x0001FE,
0x0001FE,0x0001FE,0x0001FE,0x0001FE,0x0001FE,0x0001FF,0x0001FF,0x0001FF,
0x0001FF,0x0001FF,0x0001FF,0x0001FF,0x0001FF,0x0001FF,0x0001FF,0x0001FF,
0x000200,0x000200,0x000200,0x000200,0x000200,0x000200,0x000200,0x000200,
0x000200,0x000200,0x000200,0x000200,0x000201,0x000201,0x000201,0x000201,
0x000201,0x000201,0x000201,0x000201,0x000201,0x000201,0x000201,0x000202,
0x000202,0x000202,0x000202,0x000202,0x000202,0x000202,0x000202,0x000202,
0x000202,0x000202,0x000202,0x000203,0x000203,0x000203,0x000203,0x000203,
0x000203,0x000203,0x000203,0x000203,0x000203,0x000203,0x000204,0x000204,
0x000204,0x000204,0x000204,0x000204,0x000204,0x000204,0x000204,0x000204,
0x000204,0x000204,0x000205,0x000205,0x000205,0x000205,0x000205,0x000205,
0x000205,0x000205,0x000205,0x000205,0x000205,0x000206,0x000206,0x000206,
0x000206,0x000206,0x000206,0x000206,0x000206,0x000206,0x000206,0x000206,
0x000207,0x000207,0x000207,0x000207,0x000207,0x000207,0x000207,0x000207,
0x000207,0x000207,0x000207,0x000207,0x000208,0x000208,0x000208,0x000208,
0x000208,0x000208,0x000208,0x000208,0x000208,0x000208,0x000208,0x000209,
0x000209,0x000209,0x000209,0x000209,0x000209,0x000209,0x000209,0x000209,
0x000209,0x000209,0x00020A,0x00020A,0x00020A,0x00020A,0x00020A,0x00020A,
0x00020A,0x00020A,0x00020A,0x00020A,0x00020A,0x00020A,0x00020B,0x00020B,
0x00020B,0x00020B,0x00020B,0x00020B,0x00020B,0x00020B,0x00020B,0x00020B,
0x00020B,0x00020C,0x00020C,0x00020C,0x00020C,0x00020C,0x00020C,0x00020C,
0x00020C,0x00020C,0x00020C,0x00020C,0x00020D,0x00020D,0x00020D,0x00020D,
0x00020D,0x00020D,0x00020D,0x00020D,0x00020D,0x00020D,0x00020D,0x00020D,
0x00020E,0x00020E,0x00020E,0x00020E,0x00020E,0x00020E,0x00020E,0x00020E,
0x00020E,0x00020E,0x00020E,0x00020F,0x00020F,0x00020F,0x00020F,0x00020F,
0x00020F,0x00020F,0x00020F,0x00020F,0x00020F,0x00020F,0x000210,0x000210,
0x000210,0x000210,0x000210,0x000210,0x000210,0x000210,0x000210,0x000210,
0x000210,0x000211,0x000211,0x000211,0x000211,0x000211,0x000211,0x000211,
0x000211,0x000211,0x000211,0x000211,0x000212,0x000212,0x000212,0x000212,
0x000212,0x000212,0x000212,0x000212,0x000212,0x000212,0x000212,0x000213,
0x000213,0x000213,0x000213,0x000213,0x000213,0x000213,0x000213,0x000213,
0x000213,0x000213,0x000213,0x000214,0x000214,0x000214,0x000214,0x000214,
0x000214,0x000214,0x000214,0x000214,0x000214,0x000214,0x000215,0x000215,
0x000215,0x000215,0x000215,0x000215,0x000215,0x000215,0x000215,0x000215,
0x000215,0x000216,0x000216,0x000216,0x000216,0x000216,0x000216,0x000216,
0x000216,0x000216,0x000216,0x000216,0x000217,0x000217,0x000217,0x000217,
0x000217,0x000217,0x000217,0x000217,0x000217,0x000217,0x000217,0x000218,
0x000218,0x000218,0x000218,0x000218,0x000218,0x000218,0x000218,0x000218,
0x000218,0x000218,0x000219,0x000219,0x000219,0x000219,0x000219,0x000219,
0x000219,0x000219,0x000219,0x000219,0x000219,0x00021A,0x00021A,0x00021A,
0x00021A,0x00021A,0x00021A,0x00021A,0x00021A,0x00021A,0x00021A,0x00021A,
0x00021B,0x00021B,0x00021B,0x00021B,0x00021B,0x00021B,0x00021B,0x00021B,
0x00021B,0x00021B,0x00021B,0x00021C,0x00021C,0x00021C,0x00021C,0x00021C,
0x00021C,0x00021C,0x00021C,0x00021C,0x00021C,0x00021C,0x00021D,0x00021D,
0x00021D,0x00021D,0x00021D,0x00021D,0x00021D,0x00021D,0x00021D,0x00021D,
0x00021D,0x00021E,0x00021E,0x00021E,0x00021E,0x00021E,0x00021E,0x00021E,
0x00021E,0x00021E,0x00021E,0x00021E,0x00021F,0x00021F,0x00021F,0x00021F,
0x00021F,0x00021F,0x00021F,0x00021F,0x00021F,0x00021F,0x000220,0x000220,
0x000220,0x000220,0x000220,0x000220,0x000220,0x000220,0x000220,0x000220,
0x000220,0x000221,0x000221,0x000221,0x000221,0x000221,0x000221,0x000221,
0x000221,0x000221,0x000221,0x000221,0x000222,0x000222,0x000222,0x000222,
0x000222,0x000222,0x000222,0x000222,0x000222,0x000222,0x000222,0x000223,
0x000223,0x000223,0x000223,0x000223,0x000223,0x000223,0x000223,0x000223,
0x000223,0x000223,0x000224,0x000224,0x000224,0x000224,0x000224,0x000224,
0x000224,0x000224,0x000224,0x000224,0x000225,0x000225,0x000225,0x000225,
0x000225,0x000225,0x000225,0x000225,0x000225,0x000225,0x000225,0x000226,
0x000226,0x000226,0x000226,0x000226,0x000226,0x000226,0x000226,0x000226,
0x000226,0x000226,0x000227,0x000227,0x000227,0x000227,0x000227,0x000227,
0x000227,0x000227,0x000227,0x000227,0x000227,0x000228,0x000228,0x000228,
0x000228,0x000228,0x000228,0x000228,0x000228,0x000228,0x000228,0x000229,
0x000229,0x000229,0x000229,0x000229,0x000229,0x000229,0x000229,0x000229,
0x000229,0x000229,0x00022A,0x00022A,0x00022A,0x00022A,0x00022A,0x00022A,
0x00022A,0x00022A,0x00022A,0x00022A,0x00022A,0x00022B,0x00022B,0x00022B,
0x00022B,0x00022B,0x00022B,0x00022B,0x00022B,0x00022B,0x00022B,0x00022C,
0x00022C,0x00022C,0x00022C,0x00022C,0x00022C,0x00022C,0x00022C,0x00022C,
0x00022C,0x00022C,0x00022D,0x00022D,0x00022D,0x00022D,0x00022D,0x00022D,
0x00022D,0x00022D,0x00022D,0x00022D,0x00022D,0x00022E,0x00022E,0x00022E,
0x00022E,0x00022E,0x00022E,0x00022E,0x00022E,0x00022E,0x00022E,0x00022F,
0x00022F,0x00022F,0x00022F,0x00022F,0x00022F,0x00022F,0x00022F,0x00022F,
0x00022F,0x00022F,0x000230,0x000230,0x000230,0x000230,0x000230,0x000230,
0x000230,0x000230,0x000230,0x000230,0x000231,0x000231,0x000231,0x000231,
0x000231,0x000231,0x000231,0x000231,0x000231,0x000231,0x000231,0x000232,
0x000232,0x000232,0x000232,0x000232,0x000232,0x000232,0x000232,0x000232,
0x000232,0x000233,0x000233,0x000233,0x000233,0x000233,0x000233,0x000233,
0x000233,0x000233,0x000233,0x000233,0x000234,0x000234,0x000234,0x000234,
0x000234,0x000234,0x000234,0x000234,0x000234,0x000234,0x000235,0x000235,
0x000235,0x000235,0x000235,0x000235,0x000235,0x000235,0x000235,0x000235,
0x000235,0x000236,0x000236,0x000236,0x000236,0x000236,0x000236,0x000236,
0x000236,0x000236,0x000236,0x000237,0x000237,0x000237,0x000237,0x000237,
0x000237,0x000237,0x000237,0x000237,0x000237,0x000237,0x000238,0x000238,
0x000238,0x000238,0x000238,0x000238,0x000238,0x000238,0x000238,0x000238,
0x000239,0x000239,0x000239,0x000239,0x000239,0x000239,0x000239,0x000239,
0x000239,0x000239,0x00023A,0x00023A,0x00023A,0x00023A,0x00023A,0x00023A,
0x00023A,0x00023A,0x00023A,0x00023A,0x00023A,0x00023B,0x00023B,0x00023B,
0x00023B,0x00023B,0x00023B,0x00023B,0x00023B,0x00023B,0x00023B,0x00023C,
0x00023C,0x00023C,0x00023C,0x00023C,0x00023C,0x00023C,0x00023C,0x00023C,
0x00023C,0x00023D,0x00023D,0x00023D,0x00023D,0x00023D,0x00023D,0x00023D,
0x00023D,0x00023D,0x00023D,0x00023D,0x00023E,0x00023E,0x00023E,0x00023E,
0x00023E,0x00023E,0x00023E,0x00023E,0x00023E,0x00023E,0x00023F,0x00023F,
0x00023F,0x00023F,0x00023F,0x00023F,0x00023F,0x00023F,0x00023F,0x00023F,
0x000240,0x000240,0x000240,0x000240,0x000240,0x000240,0x000240,0x000240,
0x000240,0x000240,0x000241,0x000241,0x000241,0x000241,0x000241,0x000241,
0x000241,0x000241,0x000241,0x000241,0x000241,0x000242,0x000242,0x000242,
0x000242,0x000242,0x000242,0x000242,0x000242,0x000242,0x000242,0x000243,
0x000243,0x000243,0x000243,0x000243,0x000243,0x000243,0x000243,0x000243,
0x000243,0x000244,0x000244,0x000244,0x000244,0x000244,0x000244,0x000244,
0x000244,0x000244,0x000244,0x000245,0x000245,0x000245,0x000245,0x000245,
0x000245,0x000245,0x000245,0x000245,0x000245,0x000246,0x000246,0x000246,
0x000246,0x000246,0x000246,0x000246,0x000246,0x000246,0x000246,0x000246,
0x000247,0x000247,0x000247,0x000247,0x000247,0x000247,0x000247,0x000247,
0x000247,0x000247,0x000248,0x000248,0x000248,0x000248,0x000248,0x000248,
0x000248,0x000248,0x000248,0x000248,0x000249,0x000249,0x000249,0x000249,
0x000249,0x000249,0x000249,0x000249,0x000249,0x000249,0x00024A,0x00024A,
0x00024A,0x00024A,0x00024A,0x00024A,0x00024A,0x00024A,0x00024A,0x00024A,
0x00024B,0x00024B,0x00024B,0x00024B,0x00024B,0x00024B,0x00024B,0x00024B,
0x00024B,0x00024B,0x00024C,0x00024C,0x00024C,0x00024C,0x00024C,0x00024C,
0x00024C,0x00024C,0x00024C,0x00024C,0x00024D,0x00024D,0x00024D,0x00024D,
0x00024D,0x00024D,0x00024D,0x00024D,0x00024D,0x00024D,0x00024E,0x00024E,
0x00024E,0x00024E,0x00024E,0x00024E,0x00024E,0x00024E,0x00024E,0x00024E,
0x00024F,0x00024F,0x00024F,0x00024F,0x00024F,0x00024F,0x00024F,0x00024F,
0x00024F,0x00024F,0x000250,0x000250,0x000250,0x000250,0x000250,0x000250,
0x000250,0x000250,0x000250,0x000250,0x000251,0x000251,0x000251,0x000251,
0x000251,0x000251,0x000251,0x000251,0x000251,0x000251,0x000252,0x000252,
0x000252,0x000252,0x000252,0x000252,0x000252,0x000252,0x000252,0x000252,
0x000253,0x000253,0x000253,0x000253,0x000253,0x000253,0x000253,0x000253,
0x000253,0x000253,0x000254,0x000254,0x000254,0x000254,0x000254,0x000254,
0x000254,0x000254,0x000254,0x000254,0x000255,0x000255,0x000255,0x000255,
0x000255,0x000255,0x000255,0x000255,0x000255,0x000255,0x000256,0x000256,
0x000256,0x000256,0x000256,0x000256,0x000256,0x000256,0x000256,0x000256,
0x000257,0x000257,0x000257,0x000257,0x000257,0x000257,0x000257,0x000257,
0x000257,0x000258,0x000258,0x000258,0x000258,0x000258,0x000258,0x000258,
0x000258,0x000258,0x000258,0x000259,0x000259,0x000259,0x000259,0x000259,
0x000259,0x000259,0x000259,0x000259,0x000259,0x00025A,0x00025A,0x00025A,
0x00025A,0x00025A,0x00025A,0x00025A,0x00025A,0x00025A,0x00025A,0x00025B,
0x00025B,0x00025B,0x00025B,0x00025B,0x00025B,0x00025B,0x00025B,0x00025B,
0x00025B,0x00025C,0x00025C,0x00025C,0x00025C,0x00025C,0x00025C,0x00025C,
0x00025C,0x00025C,0x00025D,0x00025D,0x00025D,0x00025D,0x00025D,0x00025D,
0x00025D,0x00025D,0x00025D,0x00025D,0x00025E,0x00025E,0x00025E,0x00025E,
0x00025E,0x00025E,0x00025E,0x00025E,0x00025E,0x00025E,0x00025F,0x00025F,
0x00025F,0x00025F,0x00025F,0x00025F,0x00025F,0x00025F,0x00025F,0x00025F,
0x000260,0x000260,0x000260,0x000260,0x000260,0x000260,0x000260,0x000260,
0x000260,0x000261,0x000261,0x000261,0x000261,0x000261,0x000261,0x000261,
0x000261,0x000261,0x000261,0x000262,0x000262,0x000262,0x000262,0x000262,
0x000262,0x000262,0x000262,0x000262,0x000262,0x000263,0x000263,0x000263,
0x000263,0x000263,0x000263,0x000263,0x000263,0x000263,0x000264,0x000264,
0x000264,0x000264,0x000264,0x000264,0x000264,0x000264,0x000264,0x000264,
0x000265,0x000265,0x000265,0x000265,0x000265,0x000265,0x000265,0x000265,
0x000265,0x000265,0x000266,0x000266,0x000266,0x000266,0x000266,0x000266,
0x000266,0x000266,0x000266,0x000267,0x000267,0x000267,0x000267,0x000267,
0x000267,0x000267,0x000267,0x000267,0x000267,0x000268,0x000268,0x000268,
0x000268,0x000268,0x000268,0x000268,0x000268,0x000268,0x000268,0x000269,
0x000269,0x000269,0x000269,0x000269,0x000269,0x000269,0x000269,0x000269,
0x00026A,0x00026A,0x00026A,0x00026A,0x00026A,0x00026A,0x00026A,0x00026A,
0x00026A,0x00026A,0x00026B,0x00026B,0x00026B,0x00026B,0x00026B,0x00026B,
0x00026B,0x00026B,0x00026B,0x00026C,0x00026C,0x00026C,0x00026C,0x00026C,
0x00026C,0x00026C,0x00026C,0x00026C,0x00026C,0x00026D,0x00026D,0x00026D,
0x00026D,0x00026D,0x00026D,0x00026D,0x00026D,0x00026D,0x00026E,0x00026E,
0x00026E,0x00026E,0x00026E,0x00026E,0x00026E,0x00026E,0x00026E,0x00026E,
0x00026F,0x00026F,0x00026F,0x00026F,0x00026F,0x00026F,0x00026F,0x00026F,
0x00026F,0x000270,0x000270,0x000270,0x000270,0x000270,0x000270,0x000270,
0x000270,0x000270,0x000270,0x000271,0x000271,0x000271,0x000271,0x000271,
0x000271,0x000271,0x000271,0x000271,0x000272,0x000272,0x000272,0x000272,
0x000272,0x000272,0x000272,0x000272,0x000272,0x000272,0x000273,0x000273,
0x000273,0x000273,0x000273,0x000273,0x000273,0x000273,0x000273,0x000274,
0x000274,0x000274,0x000274,0x000274,0x000274,0x000274,0x000274,0x000274,
0x000275,0x000275,0x000275,0x000275,0x000275,0x000275,0x000275,0x000275,
0x000275,0x000275,0x000276,0x000276,0x000276,0x000276,0x000276,0x000276,
0x000276,0x000276,0x000276,0x000277,0x000277,0x000277,0x000277,0x000277,
0x000277,0x000277,0x000277,0x000277,0x000278,0x000278,0x000278,0x000278,
0x000278,0x000278,0x000278,0x000278,0x000278,0x000278,0x000279,0x000279,
0x000279,0x000279,0x000279,0x000279,0x000279,0x000279,0x000279,0x00027A,
0x00027A,0x00027A,0x00027A,0x00027A,0x00027A,0x00027A,0x00027A,0x00027A,
0x00027B,0x00027B,0x00027B,0x00027B,0x00027B,0x00027B,0x00027B,0x00027B,
0x00027B,0x00027B,0x00027C,0x00027C,0x00027C,0x00027C,0x00027C,0x00027C,
0x00027C,0x00027C,0x00027C,0x00027D,0x00027D,0x00027D,0x00027D,0x00027D,
0x00027D,0x00027D,0x00027D,0x00027D,0x00027E,0x00027E,0x00027E,0x00027E,
0x00027E,0x00027E,0x00027E,0x00027E,0x00027E,0x00027E,0x00027F,0x00027F,
0x00027F,0x00027F,0x00027F,0x00027F,0x00027F,0x00027F,0x00027F,0x000280,
0x000280,0x000280,0x000280,0x000280,0x000280,0x000280,0x000280,0x000280,
0x000281,0x000281,0x000281,0x000281,0x000281,0x000281,0x000281,0x000281,
0x000281,0x000282,0x000282,0x000282,0x000282,0x000282,0x000282,0x000282,
0x000282,0x000282,0x000283,0x000283,0x000283,0x000283,0x000283,0x000283,
0x000283,0x000283,0x000283,0x000283,0x000284,0x000284,0x000284,0x000284,
0x000284,0x000284,0x000284,0x000284,0x000284,0x000285,0x000285,0x000285,
0x000285,0x000285,0x000285,0x000285,0x000285,0x000285,0x000286,0x000286,
0x000286,0x000286,0x000286,0x000286,0x000286,0x000286,0x000286,0x000287,
0x000287,0x000287,0x000287,0x000287,0x000287,0x000287,0x000287,0x000287,
0x000288,0x000288,0x000288,0x000288,0x000288,0x000288,0x000288,0x000288,
0x000288,0x000289,0x000289,0x000289,0x000289,0x000289,0x000289,0x000289,
0x000289,0x000289,0x00028A,0x00028A,0x00028A,0x00028A,0x00028A,0x00028A,
0x00028A,0x00028A,0x00028A,0x00028A,0x00028B,0x00028B,0x00028B,0x00028B,
0x00028B,0x00028B,0x00028B,0x00028B,0x00028B,0x00028C,0x00028C,0x00028C,
0x00028C,0x00028C,0x00028C,0x00028C,0x00028C,0x00028C,0x00028D,0x00028D,
0x00028D,0x00028D,0x00028D,0x00028D,0x00028D,0x00028D,0x00028D,0x00028E,
0x00028E,0x00028E,0x00028E,0x00028E,0x00028E,0x00028E,0x00028E,0x00028E,
0x00028F,0x00028F,0x00028F,0x00028F,0x00028F,0x00028F,0x00028F,0x00028F,
0x00028F,0x000290,0x000290,0x000290,0x000290,0x000290,0x000290,0x000290,
0x000290,0x000290,0x000291,0x000291,0x000291,0x000291,0x000291,0x000291,
0x000291,0x000291,0x000291,0x000292,0x000292,0x000292,0x000292,0x000292,
0x000292,0x000292,0x000292,0x000292,0x000293,0x000293,0x000293,0x000293,
0x000293,0x000293,0x000293,0x000293,0x000293,0x000294,0x000294,0x000294,
0x000294,0x000294,0x000294,0x000294,0x000294,0x000294,0x000295,0x000295,
0x000295,0x000295,0x000295,0x000295,0x000295,0x000295,0x000295,0x000296,
0x000296,0x000296,0x000296,0x000296,0x000296,0x000296,0x000296,0x000297,
0x000297,0x000297,0x000297,0x000297,0x000297,0x000297,0x000297,0x000297,
0x000298,0x000298,0x000298,0x000298,0x000298,0x000298,0x000298,0x000298,
0x000298,0x000299,0x000299,0x000299,0x000299,0x000299,0x000299,0x000299,
0x000299,0x000299,0x00029A,0x00029A,0x00029A,0x00029A,0x00029A,0x00029A,
0x00029A,0x00029A,0x00029A,0x00029B,0x00029B,0x00029B,0x00029B,0x00029B,
0x00029B,0x00029B,0x00029B,0x00029B,0x00029C,0x00029C,0x00029C,0x00029C,
0x00029C,0x00029C,0x00029C,0x00029C,0x00029C,0x00029D,0x00029D,0x00029D,
0x00029D,0x00029D,0x00029D,0x00029D,0x00029D,0x00029D,0x00029E,0x00029E,
0x00029E,0x00029E,0x00029E,0x00029E,0x00029E,0x00029E,0x00029F,0x00029F,
0x00029F,0x00029F,0x00029F,0x00029F,0x00029F,0x00029F,0x00029F,0x0002A0,
0x0002A0,0x0002A0,0x0002A0,0x0002A0,0x0002A0,0x0002A0,0x0002A0,0x0002A0,
0x0002A1,0x0002A1,0x0002A1,0x0002A1,0x0002A1,0x0002A1,0x0002A1,0x0002A1,
0x0002A1,0x0002A2,0x0002A2,0x0002A2,0x0002A2,0x0002A2,0x0002A2,0x0002A2,
0x0002A2,0x0002A3,0x0002A3,0x0002A3,0x0002A3,0x0002A3,0x0002A3,0x0002A3,
0x0002A3,0x0002A3,0x0002A4,0x0002A4,0x0002A4,0x0002A4,0x0002A4,0x0002A4,
0x0002A4,0x0002A4,0x0002A4,0x0002A5,0x0002A5,0x0002A5,0x0002A5,0x0002A5,
0x0002A5,0x0002A5,0x0002A5,0x0002A5,0x0002A6,0x0002A6,0x0002A6,0x0002A6,
0x0002A6,0x0002A6,0x0002A6,0x0002A6,0x0002A7,0x0002A7,0x0002A7,0x0002A7,
0x0002A7,0x0002A7,0x0002A7,0x0002A7,0x0002A7,0x0002A8,0x0002A8,0x0002A8,
0x0002A8,0x0002A8,0x0002A8,0x0002A8,0x0002A8,0x0002A8,0x0002A9,0x0002A9,
0x0002A9,0x0002A9,0x0002A9,0x0002A9,0x0002A9,0x0002A9,0x0002AA,0x0002AA,
0x0002AA,0x0002AA,0x0002AA,0x0002AA,0x0002AA,0x0002AA,0x0002AA,0x0002AB,
0x0002AB,0x0002AB,0x0002AB,0x0002AB,0x0002AB,0x0002AB,0x0002AB,0x0002AB,
0x0002AC,0x0002AC,0x0002AC,0x0002AC,0x0002AC,0x0002AC,0x0002AC,0x0002AC,
0x0002AD,0x0002AD,0x0002AD,0x0002AD,0x0002AD,0x0002AD,0x0002AD,0x0002AD,
0x0002AD,0x0002AE,0x0002AE,0x0002AE,0x0002AE,0x0002AE,0x0002AE,0x0002AE,
0x0002AE,0x0002AE,0x0002AF,0x0002AF,0x0002AF,0x0002AF,0x0002AF,0x0002AF,
0x0002AF,0x0002AF,0x0002B0,0x0002B0,0x0002B0,0x0002B0,0x0002B0,0x0002B0,
0x0002B0,0x0002B0,0x0002B0,0x0002B1,0x0002B1,0x0002B1,0x0002B1,0x0002B1,
0x0002B1,0x0002B1,0x0002B1,0x0002B2,0x0002B2,0x0002B2,0x0002B2,0x0002B2,
0x0002B2,0x0002B2,0x0002B2,0x0002B2,0x0002B3,0x0002B3,0x0002B3,0x0002B3,
0x0002B3,0x0002B3,0x0002B3,0x0002B3,0x0002B4,0x0002B4,0x0002B4,0x0002B4,
0x0002B4,0x0002B4,0x0002B4,0x0002B4,0x0002B4,0x0002B5,0x0002B5,0x0002B5,
0x0002B5,0x0002B5,0x0002B5,0x0002B5,0x0002B5,0x0002B5,0x0002B6,0x0002B6,
0x0002B6,0x0002B6,0x0002B6,0x0002B6,0x0002B6,0x0002B6,0x0002B7,0x0002B7,
0x0002B7,0x0002B7,0x0002B7,0x0002B7,0x0002B7,0x0002B7,0x0002B7,0x0002B8,
0x0002B8,0x0002B8,0x0002B8,0x0002B8,0x0002B8,0x0002B8,0x0002B8,0x0002B9,
0x0002B9,0x0002B9,0x0002B9,0x0002B9,0x0002B9,0x0002B9,0x0002B9,0x0002BA,
0x0002BA,0x0002BA,0x0002BA,0x0002BA,0x0002BA,0x0002BA,0x0002BA,0x0002BA,
0x0002BB,0x0002BB,0x0002BB,0x0002BB,0x0002BB,0x0002BB,0x0002BB,0x0002BB,
0x0002BC,0x0002BC,0x0002BC,0x0002BC,0x0002BC,0x0002BC,0x0002BC,0x0002BC,
0x0002BC,0x0002BD,0x0002BD,0x0002BD,0x0002BD,0x0002BD,0x0002BD,0x0002BD,
0x0002BD,0x0002BE,0x0002BE,0x0002BE,0x0002BE,0x0002BE,0x0002BE,0x0002BE,
0x0002BE,0x0002BE,0x0002BF,0x0002BF,0x0002BF,0x0002BF,0x0002BF,0x0002BF,
0x0002BF,0x0002BF,0x0002C0,0x0002C0,0x0002C0,0x0002C0,0x0002C0,0x0002C0,
0x0002C0,0x0002C0,0x0002C1,0x0002C1,0x0002C1,0x0002C1,0x0002C1,0x0002C1,
0x0002C1,0x0002C1,0x0002C1,0x0002C2,0x0002C2,0x0002C2,0x0002C2,0x0002C2,
0x0002C2,0x0002C2,0x0002C2,0x0002C3,0x0002C3,0x0002C3,0x0002C3,0x0002C3,
0x0002C3,0x0002C3,0x0002C3,0x0002C3,0x0002C4,0x0002C4,0x0002C4,0x0002C4,
0x0002C4,0x0002C4,0x0002C4,0x0002C4,0x0002C5,0x0002C5,0x0002C5,0x0002C5,
0x0002C5,0x0002C5,0x0002C5,0x0002C5,0x0002C6,0x0002C6,0x0002C6,0x0002C6,
0x0002C6,0x0002C6,0x0002C6,0x0002C6,0x0002C6,0x0002C7,0x0002C7,0x0002C7,
0x0002C7,0x0002C7,0x0002C7,0x0002C7,0x0002C7,0x0002C8,0x0002C8,0x0002C8,
0x0002C8,0x0002C8,0x0002C8,0x0002C8,0x0002C8,0x0002C9,0x0002C9,0x0002C9,
0x0002C9,0x0002C9,0x0002C9,0x0002C9,0x0002C9,0x0002CA,0x0002CA,0x0002CA,
0x0002CA,0x0002CA,0x0002CA,0x0002CA,0x0002CA,0x0002CA,0x0002CB,0x0002CB,
0x0002CB,0x0002CB,0x0002CB,0x0002CB,0x0002CB,0x0002CB,0x0002CC,0x0002CC,
0x0002CC,0x0002CC,0x0002CC,0x0002CC,0x0002CC,0x0002CC,0x0002CD,0x0002CD,
0x0002CD,0x0002CD,0x0002CD,0x0002CD,0x0002CD,0x0002CD,0x0002CE,0x0002CE,
0x0002CE,0x0002CE,0x0002CE,0x0002CE,0x0002CE,0x0002CE,0x0002CE,0x0002CF,
0x0002CF,0x0002CF,0x0002CF,0x0002CF,0x0002CF,0x0002CF,0x0002CF,0x0002D0,
0x0002D0,0x0002D0,0x0002D0,0x0002D0,0x0002D0,0x0002D0,0x0002D0,0x0002D1,
0x0002D1,0x0002D1,0x0002D1,0x0002D1,0x0002D1,0x0002D1,0x0002D1,0x0002D2,
0x0002D2,0x0002D2,0x0002D2,0x0002D2,0x0002D2,0x0002D2,0x0002D2,0x0002D3,
0x0002D3,0x0002D3,0x0002D3,0x0002D3,0x0002D3,0x0002D3,0x0002D3,0x0002D3,
0x0002D4,0x0002D4,0x0002D4,0x0002D4,0x0002D4,0x0002D4,0x0002D4,0x0002D4,
0x0002D5,0x0002D5,0x0002D5,0x0002D5,0x0002D5,0x0002D5,0x0002D5,0x0002D5,
0x0002D6,0x0002D6,0x0002D6,0x0002D6,0x0002D6,0x0002D6,0x0002D6,0x0002D6,
0x0002D7,0x0002D7,0x0002D7,0x0002D7,0x0002D7,0x0002D7,0x0002D7,0x0002D7,
0x0002D8,0x0002D8,0x0002D8,0x0002D8,0x0002D8,0x0002D8,0x0002D8,0x0002D8,
0x0002D9,0x0002D9,0x0002D9,0x0002D9,0x0002D9,0x0002D9,0x0002D9,0x0002D9,
0x0002DA,0x0002DA,0x0002DA,0x0002DA,0x0002DA,0x0002DA,0x0002DA,0x0002DA,
0x0002DB,0x0002DB,0x0002DB,0x0002DB,0x0002DB,0x0002DB,0x0002DB,0x0002DB,
0x0002DB,0x0002DC,0x0002DC,0x0002DC,0x0002DC,0x0002DC,0x0002DC,0x0002DC,
0x0002DC,0x0002DD,0x0002DD,0x0002DD,0x0002DD,0x0002DD,0x0002DD,0x0002DD,
0x0002DD,0x0002DE,0x0002DE,0x0002DE,0x0002DE,0x0002DE,0x0002DE,0x0002DE,
0x0002DE,0x0002DF,0x0002DF,0x0002DF,0x0002DF,0x0002DF,0x0002DF,0x0002DF,
0x0002DF,0x0002E0,0x0002E0,0x0002E0,0x0002E0,0x0002E0,0x0002E0,0x0002E0,
0x0002E0,0x0002E1,0x0002E1,0x0002E1,0x0002E1,0x0002E1,0x0002E1,0x0002E1,
0x0002E1,0x0002E2,0x0002E2,0x0002E2,0x0002E2,0x0002E2,0x0002E2,0x0002E2,
0x0002E2,0x0002E3,0x0002E3,0x0002E3,0x0002E3,0x0002E3,0x0002E3,0x0002E3,
0x0002E3,0x0002E4,0x0002E4,0x0002E4,0x0002E4,0x0002E4,0x0002E4,0x0002E4,
0x0002E4,0x0002E5,0x0002E5,0x0002E5,0x0002E5,0x0002E5,0x0002E5,0x0002E5,
0x0002E5,0x0002E6,0x0002E6,0x0002E6,0x0002E6,0x0002E6,0x0002E6,0x0002E6,
0x0002E6,0x0002E7,0x0002E7,0x0002E7,0x0002E7,0x0002E7,0x0002E7,0x0002E7,
0x0002E7,0x0002E8,0x0002E8,0x0002E8,0x0002E8,0x0002E8,0x0002E8,0x0002E8,
0x0002E8,0x0002E9,0x0002E9,0x0002E9,0x0002E9,0x0002E9,0x0002E9,0x0002E9,
0x0002E9,0x0002EA,0x0002EA,0x0002EA,0x0002EA,0x0002EA,0x0002EA,0x0002EA,
0x0002EB,0x0002EB,0x0002EB,0x0002EB,0x0002EB,0x0002EB,0x0002EB,0x0002EB,
0x0002EC,0x0002EC,0x0002EC,0x0002EC,0x0002EC,0x0002EC,0x0002EC,0x0002EC,
0x0002ED,0x0002ED,0x0002ED,0x0002ED,0x0002ED,0x0002ED,0x0002ED,0x0002ED,
0x0002EE,0x0002EE,0x0002EE,0x0002EE,0x0002EE,0x0002EE,0x0002EE,0x0002EE,
0x0002EF,0x0002EF,0x0002EF,0x0002EF,0x0002EF,0x0002EF,0x0002EF,0x0002EF,
0x0002F0,0x0002F0,0x0002F0,0x0002F0,0x0002F0,0x0002F0,0x0002F0,0x0002F0,
0x0002F1,0x0002F1,0x0002F1,0x0002F1,0x0002F1,0x0002F1,0x0002F1,0x0002F1,
0x0002F2,0x0002F2,0x0002F2,0x0002F2,0x0002F2,0x0002F2,0x0002F2,0x0002F3,
0x0002F3,0x0002F3,0x0002F3,0x0002F3,0x0002F3,0x0002F3,0x0002F3,0x0002F4,
0x0002F4,0x0002F4,0x0002F4,0x0002F4,0x0002F4,0x0002F4,0x0002F4,0x0002F5,
0x0002F5,0x0002F5,0x0002F5,0x0002F5,0x0002F5,0x0002F5,0x0002F5,0x0002F6,
0x0002F6,0x0002F6,0x0002F6,0x0002F6,0x0002F6,0x0002F6,0x0002F6,0x0002F7,
0x0002F7,0x0002F7,0x0002F7,0x0002F7,0x0002F7,0x0002F7,0x0002F8,0x0002F8,
0x0002F8,0x0002F8,0x0002F8,0x0002F8,0x0002F8,0x0002F8,0x0002F9,0x0002F9,
0x0002F9,0x0002F9,0x0002F9,0x0002F9,0x0002F9,0x0002F9,0x0002FA,0x0002FA,
0x0002FA,0x0002FA,0x0002FA,0x0002FA,0x0002FA,0x0002FA,0x0002FB,0x0002FB,
0x0002FB,0x0002FB,0x0002FB,0x0002FB,0x0002FB,0x0002FC,0x0002FC,0x0002FC,
0x0002FC,0x0002FC,0x0002FC,0x0002FC,0x0002FC,0x0002FD,0x0002FD,0x0002FD,
0x0002FD,0x0002FD,0x0002FD,0x0002FD,0x0002FD,0x0002FE,0x0002FE,0x0002FE,
0x0002FE,0x0002FE,0x0002FE,0x0002FE,0x0002FE,0x0002FF,0x0002FF,0x0002FF,
0x0002FF,0x0002FF,0x0002FF,0x0002FF,0x000300,0x000300,0x000300,0x000300,
0x000300,0x000300,0x000300,0x000300,0x000301,0x000301,0x000301,0x000301,
0x000301,0x000301,0x000301,0x000301,0x000302,0x000302,0x000302,0x000302,
0x000302,0x000302,0x000302,0x000303,0x000303,0x000303,0x000303,0x000303,
0x000303,0x000303,0x000303,0x000304,0x000304,0x000304,0x000304,0x000304,
0x000304,0x000304,0x000304,0x000305,0x000305,0x000305,0x000305,0x000305,
0x000305,0x000305,0x000306,0x000306,0x000306,0x000306,0x000306,0x000306,
0x000306,0x000306,0x000307,0x000307,0x000307,0x000307,0x000307,0x000307,
0x000307,0x000307,0x000308,0x000308,0x000308,0x000308,0x000308,0x000308,
0x000308,0x000309,0x000309,0x000309,0x000309,0x000309,0x000309,0x000309,
0x000309,0x00030A,0x00030A,0x00030A,0x00030A,0x00030A,0x00030A,0x00030A,
0x00030B,0x00030B,0x00030B,0x00030B,0x00030B,0x00030B,0x00030B,0x00030B,
0x00030C,0x00030C,0x00030C,0x00030C,0x00030C,0x00030C,0x00030C,0x00030D,
0x00030D,0x00030D,0x00030D,0x00030D,0x00030D,0x00030D,0x00030D,0x00030E,
0x00030E,0x00030E,0x00030E,0x00030E,0x00030E,0x00030E,0x00030E,0x00030F,
0x00030F,0x00030F,0x00030F,0x00030F,0x00030F,0x00030F,0x000310,0x000310,
0x000310,0x000310,0x000310,0x000310,0x000310,0x000310,0x000311,0x000311,
0x000311,0x000311,0x000311,0x000311,0x000311,0x000312,0x000312,0x000312,
0x000312,0x000312,0x000312,0x000312,0x000312,0x000313,0x000313,0x000313,
0x000313,0x000313,0x000313,0x000313,0x000314,0x000314,0x000314,0x000314,
0x000314,0x000314,0x000314,0x000314,0x000315,0x000315,0x000315,0x000315,
0x000315,0x000315,0x000315,0x000316,0x000316,0x000316,0x000316,0x000316,
0x000316,0x000316,0x000316,0x000317,0x000317,0x000317,0x000317,0x000317,
0x000317,0x000317,0x000318,0x000318,0x000318,0x000318,0x000318,0x000318,
0x000318,0x000318,0x000319,0x000319,0x000319,0x000319,0x000319,0x000319,
0x000319,0x00031A,0x00031A,0x00031A,0x00031A,0x00031A,0x00031A,0x00031A,
0x00031B,0x00031B,0x00031B,0x00031B,0x00031B,0x00031B,0x00031B,0x00031B,
0x00031C,0x00031C,0x00031C,0x00031C,0x00031C,0x00031C,0x00031C,0x00031D,
0x00031D,0x00031D,0x00031D,0x00031D,0x00031D,0x00031D,0x00031D,0x00031E,
0x00031E,0x00031E,0x00031E,0x00031E,0x00031E,0x00031E,0x00031F,0x00031F,
0x00031F,0x00031F,0x00031F,0x00031F,0x00031F,0x00031F,0x000320,0x000320,
0x000320,0x000320,0x000320,0x000320,0x000320,0x000321,0x000321,0x000321,
0x000321,0x000321,0x000321,0x000321,0x000322,0x000322,0x000322,0x000322,
0x000322,0x000322,0x000322,0x000322,0x000323,0x000323,0x000323,0x000323,
0x000323,0x000323,0x000323,0x000324,0x000324,0x000324,0x000324,0x000324,
0x000324,0x000324,0x000325,0x000325,0x000325,0x000325,0x000325,0x000325,
0x000325,0x000325,0x000326,0x000326,0x000326,0x000326,0x000326,0x000326,
0x000326,0x000327,0x000327,0x000327,0x000327,0x000327,0x000327,0x000327,
0x000328,0x000328,0x000328,0x000328,0x000328,0x000328,0x000328,0x000328,
0x000329,0x000329,0x000329,0x000329,0x000329,0x000329,0x000329,0x00032A,
0x00032A,0x00032A,0x00032A,0x00032A,0x00032A,0x00032A,0x00032B,0x00032B,
0x00032B,0x00032B,0x00032B,0x00032B,0x00032B,0x00032C,0x00032C,0x00032C,
0x00032C,0x00032C,0x00032C,0x00032C,0x00032C,0x00032D,0x00032D,0x00032D,
0x00032D,0x00032D,0x00032D,0x00032D,0x00032E,0x00032E,0x00032E,0x00032E,
0x00032E,0x00032E,0x00032E,0x00032F,0x00032F,0x00032F,0x00032F,0x00032F,
0x00032F,0x00032F,0x00032F,0x000330,0x000330,0x000330,0x000330,0x000330,
0x000330,0x000330,0x000331,0x000331,0x000331,0x000331,0x000331,0x000331,
0x000331,0x000332,0x000332,0x000332,0x000332,0x000332,0x000332,0x000332,
0x000333,0x000333,0x000333,0x000333,0x000333,0x000333,0x000333,0x000334,
0x000334,0x000334,0x000334,0x000334,0x000334,0x000334,0x000334,0x000335,
0x000335,0x000335,0x000335,0x000335,0x000335,0x000335,0x000336,0x000336,
0x000336,0x000336,0x000336,0x000336,0x000336,0x000337,0x000337,0x000337,
0x000337,0x000337,0x000337,0x000337,0x000338,0x000338,0x000338,0x000338,
0x000338,0x000338,0x000338,0x000339,0x000339,0x000339,0x000339,0x000339,
0x000339,0x000339,0x000339,0x00033A,0x00033A,0x00033A,0x00033A,0x00033A,
0x00033A,0x00033A,0x00033B,0x00033B,0x00033B,0x00033B,0x00033B,0x00033B,
0x00033B,0x00033C,0x00033C,0x00033C,0x00033C,0x00033C,0x00033C,0x00033C,
0x00033D,0x00033D,0x00033D,0x00033D,0x00033D,0x00033D,0x00033D,0x00033E,
0x00033E,0x00033E,0x00033E,0x00033E,0x00033E,0x00033E,0x00033F,0x00033F,
0x00033F,0x00033F,0x00033F,0x00033F,0x00033F,0x000340,0x000340,0x000340,
0x000340,0x000340,0x000340,0x000340,0x000341,0x000341,0x000341,0x000341,
0x000341,0x000341,0x000341,0x000342,0x000342,0x000342,0x000342,0x000342,
0x000342,0x000342,0x000342,0x000343,0x000343,0x000343,0x000343,0x000343,
0x000343,0x000343,0x000344,0x000344,0x000344,0x000344,0x000344,0x000344,
0x000344,0x000345,0x000345,0x000345,0x000345,0x000345,0x000345,0x000345,
0x000346,0x000346,0x000346,0x000346,0x000346,0x000346,0x000346,0x000347,
0x000347,0x000347,0x000347,0x000347,0x000347,0x000347,0x000348,0x000348,
0x000348,0x000348,0x000348,0x000348,0x000348,0x000349,0x000349,0x000349,
0x000349,0x000349,0x000349,0x000349,0x00034A,0x00034A,0x00034A,0x00034A,
0x00034A,0x00034A,0x00034A,0x00034B,0x00034B,0x00034B,0x00034B,0x00034B,
0x00034B,0x00034B,0x00034C,0x00034C,0x00034C,0x00034C,0x00034C,0x00034C,
0x00034C,0x00034D,0x00034D,0x00034D,0x00034D,0x00034D,0x00034D,0x00034D,
0x00034E,0x00034E,0x00034E,0x00034E,0x00034E,0x00034E,0x00034E,0x00034F,
0x00034F,0x00034F,0x00034F,0x00034F,0x00034F,0x00034F,0x000350,0x000350,
0x000350,0x000350,0x000350,0x000350,0x000350,0x000351,0x000351,0x000351,
0x000351,0x000351,0x000351,0x000351,0x000352,0x000352,0x000352,0x000352,
0x000352,0x000352,0x000352,0x000353,0x000353,0x000353,0x000353,0x000353,
0x000353,0x000353,0x000354,0x000354,0x000354,0x000354,0x000354,0x000354,
0x000354,0x000355,0x000355,0x000355,0x000355,0x000355,0x000355,0x000355,
0x000356,0x000356,0x000356,0x000356,0x000356,0x000356,0x000357,0x000357,
0x000357,0x000357,0x000357,0x000357,0x000357,0x000358,0x000358,0x000358,
0x000358,0x000358,0x000358,0x000358,0x000359,0x000359,0x000359,0x000359,
0x000359,0x000359,0x000359,0x00035A,0x00035A,0x00035A,0x00035A,0x00035A,
0x00035A,0x00035A,0x00035B,0x00035B,0x00035B,0x00035B,0x00035B,0x00035B,
0x00035B,0x00035C,0x00035C,0x00035C,0x00035C,0x00035C,0x00035C,0x00035C,
0x00035D,0x00035D,0x00035D,0x00035D,0x00035D,0x00035D,0x00035D,0x00035E,
0x00035E,0x00035E,0x00035E,0x00035E,0x00035E,0x00035F,0x00035F,0x00035F,
0x00035F,0x00035F,0x00035F,0x00035F,0x000360,0x000360,0x000360,0x000360,
0x000360,0x000360,0x000360,0x000361,0x000361,0x000361,0x000361,0x000361,
0x000361,0x000361,0x000362,0x000362,0x000362,0x000362,0x000362,0x000362,
0x000362,0x000363,0x000363,0x000363,0x000363,0x000363,0x000363,0x000363,
0x000364,0x000364,0x000364,0x000364,0x000364,0x000364,0x000365,0x000365,
0x000365,0x000365,0x000365,0x000365,0x000365,0x000366,0x000366,0x000366,
0x000366,0x000366,0x000366,0x000366,0x000367,0x000367,0x000367,0x000367,
0x000367,0x000367,0x000367,0x000368,0x000368,0x000368,0x000368,0x000368,
0x000368,0x000368,0x000369,0x000369,0x000369,0x000369,0x000369,0x000369,
0x00036A,0x00036A,0x00036A,0x00036A,0x00036A,0x00036A,0x00036A,0x00036B,
0x00036B,0x00036B,0x00036B,0x00036B,0x00036B,0x00036B,0x00036C,0x00036C,
0x00036C,0x00036C,0x00036C,0x00036C,0x00036C,0x00036D,0x00036D,0x00036D,
0x00036D,0x00036D,0x00036D,0x00036E,0x00036E,0x00036E,0x00036E,0x00036E,
0x00036E,0x00036E,0x00036F,0x00036F,0x00036F,0x00036F,0x00036F,0x00036F,
0x00036F,0x000370,0x000370,0x000370,0x000370,0x000370,0x000370,0x000371,
0x000371,0x000371,0x000371,0x000371,0x000371,0x000371,0x000372,0x000372,
0x000372,0x000372,0x000372,0x000372,0x000372,0x000373,0x000373,0x000373,
0x000373,0x000373,0x000373,0x000373,0x000374,0x000374,0x000374,0x000374,
0x000374,0x000374,0x000375,0x000375,0x000375,0x000375,0x000375,0x000375,
0x000375,0x000376,0x000376,0x000376,0x000376,0x000376,0x000376,0x000376,
0x000377,0x000377,0x000377,0x000377,0x000377,0x000377,0x000378,0x000378,
0x000378,0x000378,0x000378,0x000378,0x000378,0x000379,0x000379,0x000379,
0x000379,0x000379,0x000379,0x000379,0x00037A,0x00037A,0x00037A,0x00037A,
0x00037A,0x00037A,0x00037B,0x00037B,0x00037B,0x00037B,0x00037B,0x00037B,
0x00037B,0x00037C,0x00037C,0x00037C,0x00037C,0x00037C,0x00037C,0x00037D,
0x00037D,0x00037D,0x00037D,0x00037D,0x00037D,0x00037D,0x00037E,0x00037E,
0x00037E,0x00037E,0x00037E,0x00037E,0x00037E,0x00037F,0x00037F,0x00037F,
0x00037F,0x00037F,0x00037F,0x000380,0x000380,0x000380,0x000380,0x000380,
0x000380,0x000380,0x000381,0x000381,0x000381,0x000381,0x000381,0x000381,
0x000382,0x000382,0x000382,0x000382,0x000382,0x000382,0x000382,0x000383,
0x000383,0x000383,0x000383,0x000383,0x000383,0x000383,0x000384,0x000384,
0x000384,0x000384,0x000384,0x000384,0x000385,0x000385,0x000385,0x000385,
0x000385,0x000385,0x000385,0x000386,0x000386,0x000386,0x000386,0x000386,
0x000386,0x000387,0x000387,0x000387,0x000387,0x000387,0x000387,0x000387,
0x000388,0x000388,0x000388,0x000388,0x000388,0x000388,0x000389,0x000389,
0x000389,0x000389,0x000389,0x000389,0x000389,0x00038A,0x00038A,0x00038A,
0x00038A,0x00038A,0x00038A,0x00038B,0x00038B,0x00038B,0x00038B,0x00038B,
0x00038B,0x00038B,0x00038C,0x00038C,0x00038C,0x00038C,0x00038C,0x00038C,
0x00038D,0x00038D,0x00038D,0x00038D,0x00038D,0x00038D,0x00038D,0x00038E,
0x00038E,0x00038E,0x00038E,0x00038E,0x00038E,0x00038F,0x00038F,0x00038F,
0x00038F,0x00038F,0x00038F,0x00038F,0x000390,0x000390,0x000390,0x000390,
0x000390,0x000390,0x000391,0x000391,0x000391,0x000391,0x000391,0x000391,
0x000391,0x000392,0x000392,0x000392,0x000392,0x000392,0x000392,0x000393,
0x000393,0x000393,0x000393,0x000393,0x000393,0x000393,0x000394,0x000394,
0x000394,0x000394,0x000394,0x000394,0x000395,0x000395,0x000395,0x000395,
0x000395,0x000395,0x000395,0x000396,0x000396,0x000396,0x000396,0x000396,
0x000396,0x000397,0x000397,0x000397,0x000397,0x000397,0x000397,0x000398,
0x000398,0x000398,0x000398,0x000398,0x000398,0x000398,0x000399,0x000399,
0x000399,0x000399,0x000399,0x000399,0x00039A,0x00039A,0x00039A,0x00039A,
0x00039A,0x00039A,0x00039A,0x00039B,0x00039B,0x00039B,0x00039B,0x00039B,
0x00039B,0x00039C,0x00039C,0x00039C,0x00039C,0x00039C,0x00039C,0x00039D,
0x00039D,0x00039D,0x00039D,0x00039D,0x00039D,0x00039D,0x00039E,0x00039E,
0x00039E,0x00039E,0x00039E,0x00039E,0x00039F,0x00039F,0x00039F,0x00039F,
0x00039F,0x00039F,0x00039F,0x0003A0,0x0003A0,0x0003A0,0x0003A0,0x0003A0,
0x0003A0,0x0003A1,0x0003A1,0x0003A1,0x0003A1,0x0003A1,0x0003A1,0x0003A2,
0x0003A2,0x0003A2,0x0003A2,0x0003A2,0x0003A2,0x0003A2,0x0003A3,0x0003A3,
0x0003A3,0x0003A3,0x0003A3,0x0003A3,0x0003A4,0x0003A4,0x0003A4,0x0003A4,
0x0003A4,0x0003A4,0x0003A5,0x0003A5,0x0003A5,0x0003A5,0x0003A5,0x0003A5,
0x0003A5,0x0003A6,0x0003A6,0x0003A6,0x0003A6,0x0003A6,0x0003A6,0x0003A7,
0x0003A7,0x0003A7,0x0003A7,0x0003A7,0x0003A7,0x0003A8,0x0003A8,0x0003A8,
0x0003A8,0x0003A8,0x0003A8,0x0003A8,0x0003A9,0x0003A9,0x0003A9,0x0003A9,
0x0003A9,0x0003A9,0x0003AA,0x0003AA,0x0003AA,0x0003AA,0x0003AA,0x0003AA,
0x0003AB,0x0003AB,0x0003AB,0x0003AB,0x0003AB,0x0003AB,0x0003AB,0x0003AC,
0x0003AC,0x0003AC,0x0003AC,0x0003AC,0x0003AC,0x0003AD,0x0003AD,0x0003AD,
0x0003AD,0x0003AD,0x0003AD,0x0003AE,0x0003AE,0x0003AE,0x0003AE,0x0003AE,
0x0003AE,0x0003AF,0x0003AF,0x0003AF,0x0003AF,0x0003AF,0x0003AF,0x0003AF,
0x0003B0,0x0003B0,0x0003B0,0x0003B0,0x0003B0,0x0003B0,0x0003B1,0x0003B1,
0x0003B1,0x0003B1,0x0003B1,0x0003B1,0x0003B2,0x0003B2,0x0003B2,0x0003B2,
0x0003B2,0x0003B2,0x0003B3,0x0003B3,0x0003B3,0x0003B3,0x0003B3,0x0003B3,
0x0003B3,0x0003B4,0x0003B4,0x0003B4,0x0003B4,0x0003B4,0x0003B4,0x0003B5,
0x0003B5,0x0003B5,0x0003B5,0x0003B5,0x0003B5,0x0003B6,0x0003B6,0x0003B6,
0x0003B6,0x0003B6,0x0003B6,0x0003B7,0x0003B7,0x0003B7,0x0003B7,0x0003B7,
0x0003B7,0x0003B8,0x0003B8,0x0003B8,0x0003B8,0x0003B8,0x0003B8,0x0003B8,
0x0003B9,0x0003B9,0x0003B9,0x0003B9,0x0003B9,0x0003B9,0x0003BA,0x0003BA,
0x0003BA,0x0003BA,0x0003BA,0x0003BA,0x0003BB,0x0003BB,0x0003BB,0x0003BB,
0x0003BB,0x0003BB,0x0003BC,0x0003BC,0x0003BC,0x0003BC,0x0003BC,0x0003BC,
0x0003BD,0x0003BD,0x0003BD,0x0003BD,0x0003BD,0x0003BD,0x0003BD,0x0003BE,
0x0003BE,0x0003BE,0x0003BE,0x0003BE,0x0003BE,0x0003BF,0x0003BF,0x0003BF,
0x0003BF,0x0003BF,0x0003BF,0x0003C0,0x0003C0,0x0003C0,0x0003C0,0x0003C0,
0x0003C0,0x0003C1,0x0003C1,0x0003C1,0x0003C1,0x0003C1,0x0003C1,0x0003C2,
0x0003C2,0x0003C2,0x0003C2,0x0003C2,0x0003C2,0x0003C3,0x0003C3,0x0003C3,
0x0003C3,0x0003C3,0x0003C3,0x0003C3,0x0003C4,0x0003C4,0x0003C4,0x0003C4,
0x0003C4,0x0003C4,0x0003C5,0x0003C5,0x0003C5,0x0003C5,0x0003C5,0x0003C5,
0x0003C6,0x0003C6,0x0003C6,0x0003C6,0x0003C6,0x0003C6,0x0003C7,0x0003C7,
0x0003C7,0x0003C7,0x0003C7,0x0003C7,0x0003C8,0x0003C8,0x0003C8,0x0003C8,
0x0003C8,0x0003C8,0x0003C9,0x0003C9,0x0003C9,0x0003C9,0x0003C9,0x0003C9,
0x0003CA,0x0003CA,0x0003CA,0x0003CA,0x0003CA,0x0003CA,0x0003CB,0x0003CB,
0x0003CB,0x0003CB,0x0003CB,0x0003CB,0x0003CC,0x0003CC,0x0003CC,0x0003CC,
0x0003CC,0x0003CC,0x0003CD,0x0003CD,0x0003CD,0x0003CD,0x0003CD,0x0003CD,
0x0003CE,0x0003CE,0x0003CE,0x0003CE,0x0003CE,0x0003CE,0x0003CE,0x0003CF,
0x0003CF,0x0003CF,0x0003CF,0x0003CF,0x0003CF,0x0003D0,0x0003D0,0x0003D0,
0x0003D0,0x0003D0,0x0003D0,0x0003D1,0x0003D1,0x0003D1,0x0003D1,0x0003D1,
0x0003D1,0x0003D2,0x0003D2,0x0003D2,0x0003D2,0x0003D2,0x0003D2,0x0003D3,
0x0003D3,0x0003D3,0x0003D3,0x0003D3,0x0003D3,0x0003D4,0x0003D4,0x0003D4,
0x0003D4,0x0003D4,0x0003D4,0x0003D5,0x0003D5,0x0003D5,0x0003D5,0x0003D5,
0x0003D5,0x0003D6,0x0003D6,0x0003D6,0x0003D6,0x0003D6,0x0003D6,0x0003D7,
0x0003D7,0x0003D7,0x0003D7,0x0003D7,0x0003D7,0x0003D8,0x0003D8,0x0003D8,
0x0003D8,0x0003D8,0x0003D8,0x0003D9,0x0003D9,0x0003D9,0x0003D9,0x0003D9,
0x0003D9,0x0003DA,0x0003DA,0x0003DA,0x0003DA,0x0003DA,0x0003DA,0x0003DB,
0x0003DB,0x0003DB,0x0003DB,0x0003DB,0x0003DB,0x0003DC,0x0003DC,0x0003DC,
0x0003DC,0x0003DC,0x0003DC,0x0003DD,0x0003DD,0x0003DD,0x0003DD,0x0003DD,
0x0003DD,0x0003DE,0x0003DE,0x0003DE,0x0003DE,0x0003DE,0x0003DE,0x0003DF,
0x0003DF,0x0003DF,0x0003DF,0x0003DF,0x0003DF,0x0003E0,0x0003E0,0x0003E0,
0x0003E0,0x0003E0,0x0003E0,0x0003E1,0x0003E1,0x0003E1,0x0003E1,0x0003E1,
0x0003E1,0x0003E2,0x0003E2,0x0003E2,0x0003E2,0x0003E2,0x0003E2,0x0003E3,
0x0003E3,0x0003E3,0x0003E3,0x0003E3,0x0003E4,0x0003E4,0x0003E4,0x0003E4,
0x0003E4,0x0003E4,0x0003E5,0x0003E5,0x0003E5,0x0003E5,0x0003E5,0x0003E5,
0x0003E6,0x0003E6,0x0003E6,0x0003E6,0x0003E6,0x0003E6,0x0003E7,0x0003E7,
0x0003E7,0x0003E7,0x0003E7,0x0003E7,0x0003E8,0x0003E8,0x0003E8,0x0003E8,
0x0003E8,0x0003E8,0x0003E9,0x0003E9,0x0003E9,0x0003E9,0x0003E9,0x0003E9,
0x0003EA,0x0003EA,0x0003EA,0x0003EA,0x0003EA,0x0003EA,0x0003EB,0x0003EB,
0x0003EB,0x0003EB,0x0003EB,0x0003EB,0x0003EC,0x0003EC,0x0003EC,0x0003EC,
0x0003EC,0x0003EC,0x0003ED,0x0003ED,0x0003ED,0x0003ED,0x0003ED,0x0003ED,
0x0003EE,0x0003EE,0x0003EE,0x0003EE,0x0003EE,0x0003EF,0x0003EF,0x0003EF,
0x0003EF,0x0003EF,0x0003EF,0x0003F0,0x0003F0,0x0003F0,0x0003F0,0x0003F0,
0x0003F0,0x0003F1,0x0003F1,0x0003F1,0x0003F1,0x0003F1,0x0003F1,0x0003F2,
0x0003F2,0x0003F2,0x0003F2,0x0003F2,0x0003F2,0x0003F3,0x0003F3,0x0003F3,
0x0003F3,0x0003F3,0x0003F3,0x0003F4,0x0003F4,0x0003F4,0x0003F4,0x0003F4,
0x0003F5,0x0003F5,0x0003F5,0x0003F5,0x0003F5,0x0003F5,0x0003F6,0x0003F6,
0x0003F6,0x0003F6,0x0003F6,0x0003F6,0x0003F7,0x0003F7,0x0003F7,0x0003F7,
0x0003F7,0x0003F7,0x0003F8,0x0003F8,0x0003F8,0x0003F8,0x0003F8,0x0003F8,
0x0003F9,0x0003F9,0x0003F9,0x0003F9,0x0003F9,0x0003F9,0x0003FA,0x0003FA,
0x0003FA,0x0003FA,0x0003FA,0x0003FB,0x0003FB,0x0003FB,0x0003FB,0x0003FB,
0x0003FB,0x0003FC,0x0003FC,0x0003FC,0x0003FC,0x0003FC,0x0003FC,0x0003FD,
0x0003FD,0x0003FD,0x0003FD,0x0003FD,0x0003FD,0x0003FE,0x0003FE,0x0003FE,
0x0003FE,0x0003FE,0x0003FE,0x0003FF,0x0003FF,0x0003FF,0x0003FF,0x0003FF,
0x000400,0x000400,0x000400,0x000400,0x000400,0x000400,0x000401,0x000401,
0x000401,0x000401,0x000401,0x000401,0x000402,0x000402,0x000402,0x000402,
0x000402,0x000403,0x000403,0x000403,0x000403,0x000403,0x000403,0x000404,
0x000404,0x000404,0x000404,0x000404,0x000404,0x000405,0x000405,0x000405,
0x000405,0x000405,0x000405,0x000406,0x000406,0x000406,0x000406,0x000406,
0x000407,0x000407,0x000407,0x000407,0x000407,0x000407,0x000408,0x000408,
0x000408,0x000408,0x000408,0x000408,0x000409,0x000409,0x000409,0x000409,
0x000409,0x000409,0x00040A,0x00040A,0x00040A,0x00040A,0x00040A,0x00040B,
0x00040B,0x00040B,0x00040B,0x00040B,0x00040B,0x00040C,0x00040C,0x00040C,
0x00040C,0x00040C,0x00040C,0x00040D,0x00040D,0x00040D,0x00040D,0x00040D,
0x00040E,0x00040E,0x00040E,0x00040E,0x00040E,0x00040E,0x00040F,0x00040F,
0x00040F,0x00040F,0x00040F,0x00040F,0x000410,0x000410,0x000410,0x000410,
0x000410,0x000411,0x000411,0x000411,0x000411,0x000411,0x000411,0x000412,
0x000412,0x000412,0x000412,0x000412,0x000412,0x000413,0x000413,0x000413,
0x000413,0x000413,0x000414,0x000414,0x000414,0x000414,0x000414,0x000414,
0x000415,0x000415,0x000415,0x000415,0x000415,0x000415,0x000416,0x000416,
0x000416,0x000416,0x000416,0x000417,0x000417,0x000417,0x000417,0x000417,
0x000417,0x000418,0x000418,0x000418,0x000418,0x000418,0x000418,0x000419,
0x000419,0x000419,0x000419,0x000419,0x00041A,0x00041A,0x00041A,0x00041A,
0x00041A,0x00041A,0x00041B,0x00041B,0x00041B,0x00041B,0x00041B,0x00041B,
0x00041C,0x00041C,0x00041C,0x00041C,0x00041C,0x00041D,0x00041D,0x00041D,
0x00041D,0x00041D,0x00041D,0x00041E,0x00041E,0x00041E,0x00041E,0x00041E,
0x00041F,0x00041F,0x00041F,0x00041F,0x00041F,0x00041F,0x000420,0x000420,
0x000420,0x000420,0x000420,0x000420,0x000421,0x000421,0x000421,0x000421,
0x000421,0x000422,0x000422,0x000422,0x000422,0x000422,0x000422,0x000423,
0x000423,0x000423,0x000423,0x000423,0x000424,0x000424,0x000424,0x000424,
0x000424,0x000424,0x000425,0x000425,0x000425,0x000425,0x000425,0x000426,
0x000426,0x000426,0x000426,0x000426,0x000426,0x000427,0x000427,0x000427,
0x000427,0x000427,0x000427,0x000428,0x000428,0x000428,0x000428,0x000428,
0x000429,0x000429,0x000429,0x000429,0x000429,0x000429,0x00042A,0x00042A,
0x00042A,0x00042A,0x00042A,0x00042B,0x00042B,0x00042B,0x00042B,0x00042B,
0x00042B,0x00042C,0x00042C,0x00042C,0x00042C,0x00042C,0x00042D,0x00042D,
0x00042D,0x00042D,0x00042D,0x00042D,0x00042E,0x00042E,0x00042E,0x00042E,
0x00042E,0x00042F,0x00042F,0x00042F,0x00042F,0x00042F,0x00042F,0x000430,
0x000430,0x000430,0x000430,0x000430,0x000431,0x000431,0x000431,0x000431,
0x000431,0x000431,0x000432,0x000432,0x000432,0x000432,0x000432,0x000433,
0x000433,0x000433,0x000433,0x000433,0x000433,0x000434,0x000434,0x000434,
0x000434,0x000434,0x000435,0x000435,0x000435,0x000435,0x000435,0x000435,
0x000436,0x000436,0x000436,0x000436,0x000436,0x000437,0x000437,0x000437,
0x000437,0x000437,0x000437,0x000438,0x000438,0x000438,0x000438,0x000438,
0x000439,0x000439,0x000439,0x000439,0x000439,0x000439,0x00043A,0x00043A,
0x00043A,0x00043A,0x00043A,0x00043B,0x00043B,0x00043B,0x00043B,0x00043B,
0x00043B,0x00043C,0x00043C,0x00043C,0x00043C,0x00043C,0x00043D,0x00043D,
0x00043D,0x00043D,0x00043D,0x00043D,0x00043E,0x00043E,0x00043E,0x00043E,
0x00043E,0x00043F,0x00043F,0x00043F,0x00043F,0x00043F,0x000440,0x000440,
0x000440,0x000440,0x000440,0x000440,0x000441,0x000441,0x000441,0x000441,
0x000441,0x000442,0x000442,0x000442,0x000442,0x000442,0x000442,0x000443,
0x000443,0x000443,0x000443,0x000443,0x000444,0x000444,0x000444,0x000444,
0x000444,0x000444,0x000445,0x000445,0x000445,0x000445,0x000445,0x000446,
0x000446,0x000446,0x000446,0x000446,0x000447,0x000447,0x000447,0x000447,
0x000447,0x000447,0x000448,0x000448,0x000448,0x000448,0x000448,0x000449,
0x000449,0x000449,0x000449,0x000449,0x00044A,0x00044A,0x00044A,0x00044A,
0x00044A,0x00044A,0x00044B,0x00044B,0x00044B,0x00044B,0x00044B,0x00044C,
0x00044C,0x00044C,0x00044C,0x00044C,0x00044C,0x00044D,0x00044D,0x00044D,
0x00044D,0x00044D,0x00044E,0x00044E,0x00044E,0x00044E,0x00044E,0x00044F,
0x00044F,0x00044F,0x00044F,0x00044F,0x00044F,0x000450,0x000450,0x000450,
0x000450,0x000450,0x000451,0x000451,0x000451,0x000451,0x000451,0x000452,
0x000452,0x000452,0x000452,0x000452,0x000452,0x000453,0x000453,0x000453,
0x000453,0x000453,0x000454,0x000454,0x000454,0x000454,0x000454,0x000455,
0x000455,0x000455,0x000455,0x000455,0x000455,0x000456,0x000456,0x000456,
0x000456,0x000456,0x000457,0x000457,0x000457,0x000457,0x000457,0x000458,
0x000458,0x000458,0x000458,0x000458,0x000458,0x000459,0x000459,0x000459,
0x000459,0x000459,0x00045A,0x00045A,0x00045A,0x00045A,0x00045A,0x00045B,
0x00045B,0x00045B,0x00045B,0x00045B,0x00045B,0x00045C,0x00045C,0x00045C,
0x00045C,0x00045C,0x00045D,0x00045D,0x00045D,0x00045D,0x00045D,0x00045E,
0x00045E,0x00045E,0x00045E,0x00045E,0x00045F,0x00045F,0x00045F,0x00045F,
0x00045F,0x00045F,0x000460,0x000460,0x000460,0x000460,0x000460,0x000461,
0x000461,0x000461,0x000461,0x000461,0x000462,0x000462,0x000462,0x000462,
0x000462,0x000462,0x000463,0x000463,0x000463,0x000463,0x000463,0x000464,
0x000464,0x000464,0x000464,0x000464,0x000465,0x000465,0x000465,0x000465,
0x000465,0x000466,0x000466,0x000466,0x000466,0x000466,0x000466,0x000467,
0x000467,0x000467,0x000467,0x000467,0x000468,0x000468,0x000468,0x000468,
0x000468,0x000469,0x000469,0x000469,0x000469,0x000469,0x00046A,0x00046A,
0x00046A,0x00046A,0x00046A,0x00046B,0x00046B,0x00046B,0x00046B,0x00046B,
0x00046B,0x00046C,0x00046C,0x00046C,0x00046C,0x00046C,0x00046D,0x00046D,
0x00046D,0x00046D,0x00046D,0x00046E,0x00046E,0x00046E,0x00046E,0x00046E,
0x00046F,0x00046F,0x00046F,0x00046F,0x00046F,0x00046F,0x000470,0x000470,
0x000470,0x000470,0x000470,0x000471,0x000471,0x000471,0x000471,0x000471,
0x000472,0x000472,0x000472,0x000472,0x000472,0x000473,0x000473,0x000473,
0x000473,0x000473,0x000474,0x000474,0x000474,0x000474,0x000474,0x000475,
0x000475,0x000475,0x000475,0x000475,0x000475,0x000476,0x000476,0x000476,
0x000476,0x000476,0x000477,0x000477,0x000477,0x000477,0x000477,0x000478,
0x000478,0x000478,0x000478,0x000478,0x000479,0x000479,0x000479,0x000479,
0x000479,0x00047A,0x00047A,0x00047A,0x00047A,0x00047A,0x00047B,0x00047B,
0x00047B,0x00047B,0x00047B,0x00047B,0x00047C,0x00047C,0x00047C,0x00047C,
0x00047C,0x00047D,0x00047D,0x00047D,0x00047D,0x00047D,0x00047E,0x00047E,
0x00047E,0x00047E,0x00047E,0x00047F,0x00047F,0x00047F,0x00047F,0x00047F,
0x000480,0x000480,0x000480,0x000480,0x000480,0x000481,0x000481,0x000481,
0x000481,0x000481,0x000482,0x000482,0x000482,0x000482,0x000482,0x000482,
0x000483,0x000483,0x000483,0x000483,0x000483,0x000484,0x000484,0x000484,
0x000484,0x000484,0x000485,0x000485,0x000485,0x000485,0x000485,0x000486,
0x000486,0x000486,0x000486,0x000486,0x000487,0x000487,0x000487,0x000487,
0x000487,0x000488,0x000488,0x000488,0x000488,0x000488,0x000489,0x000489,
0x000489,0x000489,0x000489,0x00048A,0x00048A,0x00048A,0x00048A,0x00048A,
0x00048B,0x00048B,0x00048B,0x00048B,0x00048B,0x00048C,0x00048C,0x00048C,
0x00048C,0x00048C,0x00048C,0x00048D,0x00048D,0x00048D,0x00048D,0x00048D,
0x00048E,0x00048E,0x00048E,0x00048E,0x00048E,0x00048F,0x00048F,0x00048F,
0x00048F,0x00048F,0x000490,0x000490,0x000490,0x000490,0x000490,0x000491,
0x000491,0x000491,0x000491,0x000491,0x000492,0x000492,0x000492,0x000492,
0x000492,0x000493,0x000493,0x000493,0x000493,0x000493,0x000494,0x000494,
0x000494,0x000494,0x000494,0x000495,0x000495,0x000495,0x000495,0x000495,
0x000496,0x000496,0x000496,0x000496,0x000496,0x000497,0x000497,0x000497,
0x000497,0x000497,0x000498,0x000498,0x000498,0x000498,0x000498,0x000499,
0x000499,0x000499,0x000499,0x000499,0x00049A,0x00049A,0x00049A,0x00049A,
0x00049A,0x00049B,0x00049B,0x00049B,0x00049B,0x00049B,0x00049C,0x00049C,
0x00049C,0x00049C,0x00049C,0x00049D,0x00049D,0x00049D,0x00049D,0x00049D,
0x00049E,0x00049E,0x00049E,0x00049E,0x00049E,0x00049F,0x00049F,0x00049F,
0x00049F,0x00049F,0x0004A0,0x0004A0,0x0004A0,0x0004A0,0x0004A0,0x0004A1,
0x0004A1,0x0004A1,0x0004A1,0x0004A1,0x0004A2,0x0004A2,0x0004A2,0x0004A2,
0x0004A2,0x0004A3,0x0004A3,0x0004A3,0x0004A3,0x0004A3,0x0004A4,0x0004A4,
0x0004A4,0x0004A4,0x0004A4,0x0004A5,0x0004A5,0x0004A5,0x0004A5,0x0004A5,
0x0004A6,0x0004A6,0x0004A6,0x0004A6,0x0004A6,0x0004A7,0x0004A7,0x0004A7,
0x0004A7,0x0004A7,0x0004A8,0x0004A8,0x0004A8,0x0004A8,0x0004A8,0x0004A9,
0x0004A9,0x0004A9,0x0004A9,0x0004A9,0x0004AA,0x0004AA,0x0004AA,0x0004AA,
0x0004AA,0x0004AB,0x0004AB,0x0004AB,0x0004AB,0x0004AB,0x0004AC,0x0004AC,
0x0004AC,0x0004AC,0x0004AC,0x0004AD,0x0004AD,0x0004AD,0x0004AD,0x0004AD,
0x0004AE,0x0004AE,0x0004AE,0x0004AE,0x0004AE,0x0004AF,0x0004AF,0x0004AF,
0x0004AF,0x0004B0,0x0004B0,0x0004B0,0x0004B0,0x0004B0,0x0004B1,0x0004B1,
0x0004B1,0x0004B1,0x0004B1,0x0004B2,0x0004B2,0x0004B2,0x0004B2,0x0004B2,
0x0004B3,0x0004B3,0x0004B3,0x0004B3,0x0004B3,0x0004B4,0x0004B4,0x0004B4,
0x0004B4,0x0004B4,0x0004B5,0x0004B5,0x0004B5,0x0004B5,0x0004B5,0x0004B6,
0x0004B6,0x0004B6,0x0004B6,0x0004B6,0x0004B7,0x0004B7,0x0004B7,0x0004B7,
0x0004B7,0x0004B8,0x0004B8,0x0004B8,0x0004B8,0x0004B8,0x0004B9,0x0004B9,
0x0004B9,0x0004B9,0x0004BA,0x0004BA,0x0004BA,0x0004BA,0x0004BA,0x0004BB,
0x0004BB,0x0004BB,0x0004BB,0x0004BB,0x0004BC,0x0004BC,0x0004BC,0x0004BC,
0x0004BC,0x0004BD,0x0004BD,0x0004BD,0x0004BD,0x0004BD,0x0004BE,0x0004BE,
0x0004BE,0x0004BE,0x0004BE,0x0004BF,0x0004BF,0x0004BF,0x0004BF,0x0004BF,
0x0004C0,0x0004C0,0x0004C0,0x0004C0,0x0004C0,0x0004C1,0x0004C1,0x0004C1,
0x0004C1,0x0004C2,0x0004C2,0x0004C2,0x0004C2,0x0004C2,0x0004C3,0x0004C3,
0x0004C3,0x0004C3,0x0004C3,0x0004C4,0x0004C4,0x0004C4,0x0004C4,0x0004C4,
0x0004C5,0x0004C5,0x0004C5,0x0004C5,0x0004C5,0x0004C6,0x0004C6,0x0004C6,
0x0004C6,0x0004C6,0x0004C7,0x0004C7,0x0004C7,0x0004C7,0x0004C8,0x0004C8,
0x0004C8,0x0004C8,0x0004C8,0x0004C9,0x0004C9,0x0004C9,0x0004C9,0x0004C9,
0x0004CA,0x0004CA,0x0004CA,0x0004CA,0x0004CA,0x0004CB,0x0004CB,0x0004CB,
0x0004CB,0x0004CB,0x0004CC,0x0004CC,0x0004CC,0x0004CC,0x0004CC,0x0004CD,
0x0004CD,0x0004CD,0x0004CD,0x0004CE,0x0004CE,0x0004CE,0x0004CE,0x0004CE,
0x0004CF,0x0004CF,0x0004CF,0x0004CF,0x0004CF,0x0004D0,0x0004D0,0x0004D0,
0x0004D0,0x0004D0,0x0004D1,0x0004D1,0x0004D1,0x0004D1,0x0004D1,0x0004D2,
0x0004D2,0x0004D2,0x0004D2,0x0004D3,0x0004D3,0x0004D3,0x0004D3,0x0004D3,
0x0004D4,0x0004D4,0x0004D4,0x0004D4,0x0004D4,0x0004D5,0x0004D5,0x0004D5,
0x0004D5,0x0004D5,0x0004D6,0x0004D6,0x0004D6,0x0004D6,0x0004D7,0x0004D7,
0x0004D7,0x0004D7,0x0004D7,0x0004D8,0x0004D8,0x0004D8,0x0004D8,0x0004D8,
0x0004D9,0x0004D9,0x0004D9,0x0004D9,0x0004D9,0x0004DA,0x0004DA,0x0004DA,
0x0004DA,0x0004DB,0x0004DB,0x0004DB,0x0004DB,0x0004DB,0x0004DC,0x0004DC,
0x0004DC,0x0004DC,0x0004DC,0x0004DD,0x0004DD,0x0004DD,0x0004DD,0x0004DD,
0x0004DE,0x0004DE,0x0004DE,0x0004DE,0x0004DF,0x0004DF,0x0004DF,0x0004DF,
0x0004DF,0x0004E0,0x0004E0,0x0004E0,0x0004E0,0x0004E0,0x0004E1,0x0004E1,
0x0004E1,0x0004E1,0x0004E1,0x0004E2,0x0004E2,0x0004E2,0x0004E2,0x0004E3,
0x0004E3,0x0004E3,0x0004E3,0x0004E3,0x0004E4,0x0004E4,0x0004E4,0x0004E4,
0x0004E4,0x0004E5,0x0004E5,0x0004E5,0x0004E5,0x0004E5,0x0004E6,0x0004E6,
0x0004E6,0x0004E6,0x0004E7,0x0004E7,0x0004E7,0x0004E7,0x0004E7,0x0004E8,
0x0004E8,0x0004E8,0x0004E8,0x0004E8,0x0004E9,0x0004E9,0x0004E9,0x0004E9,
0x0004EA,0x0004EA,0x0004EA,0x0004EA,0x0004EA,0x0004EB,0x0004EB,0x0004EB,
0x0004EB,0x0004EB,0x0004EC,0x0004EC,0x0004EC,0x0004EC,0x0004ED,0x0004ED,
0x0004ED,0x0004ED,0x0004ED,0x0004EE,0x0004EE,0x0004EE,0x0004EE,0x0004EE,
0x0004EF,0x0004EF,0x0004EF,0x0004EF,0x0004F0,0x0004F0,0x0004F0,0x0004F0,
0x0004F0,0x0004F1,0x0004F1,0x0004F1,0x0004F1,0x0004F1,0x0004F2,0x0004F2,
0x0004F2,0x0004F2,0x0004F2,0x0004F3,0x0004F3,0x0004F3,0x0004F3,0x0004F4,
0x0004F4,0x0004F4,0x0004F4,0x0004F4,0x0004F5,0x0004F5,0x0004F5,0x0004F5,
0x0004F6,0x0004F6,0x0004F6,0x0004F6,0x0004F6,0x0004F7,0x0004F7,0x0004F7,
0x0004F7,0x0004F7,0x0004F8,0x0004F8,0x0004F8,0x0004F8,0x0004F9,0x0004F9,
0x0004F9,0x0004F9,0x0004F9,0x0004FA,0x0004FA,0x0004FA,0x0004FA,0x0004FA,
0x0004FB,0x0004FB,0x0004FB,0x0004FB,0x0004FC,0x0004FC,0x0004FC,0x0004FC,
0x0004FC,0x0004FD,0x0004FD,0x0004FD,0x0004FD,0x0004FD,0x0004FE,0x0004FE,
0x0004FE,0x0004FE,0x0004FF,0x0004FF,0x0004FF,0x0004FF,0x0004FF,0x000500,
0x000500,0x000500,0x000500,0x000501,0x000501,0x000501,0x000501,0x000501,
0x000502,0x000502,0x000502,0x000502,0x000502,0x000503,0x000503,0x000503,
0x000503,0x000504,0x000504,0x000504,0x000504,0x000504,0x000505,0x000505,
0x000505,0x000505,0x000506,0x000506,0x000506,0x000506,0x000506,0x000507,
0x000507,0x000507,0x000507,0x000507,0x000508,0x000508,0x000508,0x000508,
0x000509,0x000509,0x000509,0x000509,0x000509,0x00050A,0x00050A,0x00050A,
0x00050A,0x00050B,0x00050B,0x00050B,0x00050B,0x00050B,0x00050C,0x00050C,
0x00050C,0x00050C,0x00050C,0x00050D,0x00050D,0x00050D,0x00050D,0x00050E,
0x00050E,0x00050E,0x00050E,0x00050E,0x00050F,0x00050F,0x00050F,0x00050F,
0x000510,0x000510,0x000510,0x000510,0x000510,0x000511,0x000511,0x000511,
0x000511,0x000512,0x000512,0x000512,0x000512,0x000512,0x000513,0x000513,
0x000513,0x000513,0x000514,0x000514,0x000514,0x000514,0x000514,0x000515,
0x000515,0x000515,0x000515,0x000515,0x000516,0x000516,0x000516,0x000516,
0x000517,0x000517,0x000517,0x000517,0x000517,0x000518,0x000518,0x000518,
0x000518,0x000519,0x000519,0x000519,0x000519,0x000519,0x00051A,0x00051A,
0x00051A,0x00051A,0x00051B,0x00051B,0x00051B,0x00051B,0x00051B,0x00051C,
0x00051C,0x00051C,0x00051C,0x00051D,0x00051D,0x00051D,0x00051D,0x00051D,
0x00051E,0x00051E,0x00051E,0x00051E,0x00051F,0x00051F,0x00051F,0x00051F,
0x00051F,0x000520,0x000520,0x000520,0x000520,0x000521,0x000521,0x000521,
0x000521,0x000521,0x000522,0x000522,0x000522,0x000522,0x000523,0x000523,
0x000523,0x000523,0x000523,0x000524,0x000524,0x000524,0x000524,0x000525,
0x000525,0x000525,0x000525,0x000525,0x000526,0x000526,0x000526,0x000526,
0x000527,0x000527,0x000527,0x000527,0x000527,0x000528,0x000528,0x000528,
0x000528,0x000529,0x000529,0x000529,0x000529,0x000529,0x00052A,0x00052A,
0x00052A,0x00052A,0x00052B,0x00052B,0x00052B,0x00052B,0x00052B,0x00052C,
0x00052C,0x00052C,0x00052C,0x00052D,0x00052D,0x00052D,0x00052D,0x00052E,
0x00052E,0x00052E,0x00052E,0x00052E,0x00052F,0x00052F,0x00052F,0x00052F,
0x000530,0x000530,0x000530,0x000530,0x000530,0x000531,0x000531,0x000531,
0x000531,0x000532,0x000532,0x000532,0x000532,0x000532,0x000533,0x000533,
0x000533,0x000533,0x000534,0x000534,0x000534,0x000534,0x000534,0x000535,
0x000535,0x000535,0x000535,0x000536,0x000536,0x000536,0x000536,0x000537,
0x000537,0x000537,0x000537,0x000537,0x000538,0x000538,0x000538,0x000538,
0x000539,0x000539,0x000539,0x000539,0x000539,0x00053A,0x00053A,0x00053A,
0x00053A,0x00053B,0x00053B,0x00053B,0x00053B,0x00053B,0x00053C,0x00053C,
0x00053C,0x00053C,0x00053D,0x00053D,0x00053D,0x00053D,0x00053E,0x00053E,
0x00053E,0x00053E,0x00053E,0x00053F,0x00053F,0x00053F,0x00053F,0x000540,
0x000540,0x000540,0x000540,0x000540,0x000541,0x000541,0x000541,0x000541,
0x000542,0x000542,0x000542,0x000542,0x000543,0x000543,0x000543,0x000543,
0x000543,0x000544,0x000544,0x000544,0x000544,0x000545,0x000545,0x000545,
0x000545,0x000546,0x000546,0x000546,0x000546,0x000546,0x000547,0x000547,
0x000547,0x000547,0x000548,0x000548,0x000548,0x000548,0x000548,0x000549,
0x000549,0x000549,0x000549,0x00054A,0x00054A,0x00054A,0x00054A,0x00054B,
0x00054B,0x00054B,0x00054B,0x00054B,0x00054C,0x00054C,0x00054C,0x00054C,
0x00054D,0x00054D,0x00054D,0x00054D,0x00054E,0x00054E,0x00054E,0x00054E,
0x00054E,0x00054F,0x00054F,0x00054F,0x00054F,0x000550,0x000550,0x000550,
0x000550,0x000551,0x000551,0x000551,0x000551,0x000551,0x000552,0x000552,
0x000552,0x000552,0x000553,0x000553,0x000553,0x000553,0x000554,0x000554,
0x000554,0x000554,0x000554,0x000555,0x000555,0x000555,0x000555,0x000556,
0x000556,0x000556,0x000556,0x000557,0x000557,0x000557,0x000557,0x000557,
0x000558,0x000558,0x000558,0x000558,0x000559,0x000559,0x000559,0x000559,
0x00055A,0x00055A,0x00055A,0x00055A,0x00055A,0x00055B,0x00055B,0x00055B,
0x00055B,0x00055C,0x00055C,0x00055C,0x00055C,0x00055D,0x00055D,0x00055D,
0x00055D,0x00055D,0x00055E,0x00055E,0x00055E,0x00055E,0x00055F,0x00055F,
0x00055F,0x00055F,0x000560,0x000560,0x000560,0x000560,0x000560,0x000561,
0x000561,0x000561,0x000561,0x000562,0x000562,0x000562,0x000562,0x000563,
0x000563,0x000563,0x000563,0x000564,0x000564,0x000564,0x000564,0x000564,
0x000565,0x000565,0x000565,0x000565,0x000566,0x000566,0x000566,0x000566,
0x000567,0x000567,0x000567,0x000567,0x000568,0x000568,0x000568,0x000568,
0x000568,0x000569,0x000569,0x000569,0x000569,0x00056A,0x00056A,0x00056A,
0x00056A,0x00056B,0x00056B,0x00056B,0x00056B,0x00056B,0x00056C,0x00056C,
0x00056C,0x00056C,0x00056D,0x00056D,0x00056D,0x00056D,0x00056E,0x00056E,
0x00056E,0x00056E,0x00056F,0x00056F,0x00056F,0x00056F,0x00056F,0x000570,
0x000570,0x000570,0x000570,0x000571,0x000571,0x000571,0x000571,0x000572,
0x000572,0x000572,0x000572,0x000573,0x000573,0x000573,0x000573,0x000574,
0x000574,0x000574,0x000574,0x000574,0x000575,0x000575,0x000575,0x000575,
0x000576,0x000576,0x000576,0x000576,0x000577,0x000577,0x000577,0x000577,
0x000578,0x000578,0x000578,0x000578,0x000578,0x000579,0x000579,0x000579,
0x000579,0x00057A,0x00057A,0x00057A,0x00057A,0x00057B,0x00057B,0x00057B,
0x00057B,0x00057C,0x00057C,0x00057C,0x00057C,0x00057D,0x00057D,0x00057D,
0x00057D,0x00057D,0x00057E,0x00057E,0x00057E,0x00057E,0x00057F,0x00057F,
0x00057F,0x00057F,0x000580,0x000580,0x000580,0x000580,0x000581,0x000581,
0x000581,0x000581,0x000582,0x000582,0x000582,0x000582,0x000582,0x000583,
0x000583,0x000583,0x000583,0x000584,0x000584,0x000584,0x000584,0x000585,
0x000585,0x000585,0x000585,0x000586,0x000586,0x000586,0x000586,0x000587,
0x000587,0x000587,0x000587,0x000587,0x000588,0x000588,0x000588,0x000588,
0x000589,0x000589,0x000589,0x000589,0x00058A,0x00058A,0x00058A,0x00058A,
0x00058B,0x00058B,0x00058B,0x00058B,0x00058C,0x00058C,0x00058C,0x00058C,
0x00058D,0x00058D,0x00058D,0x00058D,0x00058D,0x00058E,0x00058E,0x00058E,
0x00058E,0x00058F,0x00058F,0x00058F,0x00058F,0x000590,0x000590,0x000590,
0x000590,0x000591,0x000591,0x000591,0x000591,0x000592,0x000592,0x000592,
0x000592,0x000593,0x000593,0x000593,0x000593,0x000594,0x000594,0x000594,
0x000594,0x000594,0x000595,0x000595,0x000595,0x000595,0x000596,0x000596,
0x000596,0x000596,0x000597,0x000597,0x000597,0x000597,0x000598,0x000598,
0x000598,0x000598,0x000599,0x000599,0x000599,0x000599,0x00059A,0x00059A,
0x00059A,0x00059A,0x00059B,0x00059B,0x00059B,0x00059B,0x00059C,0x00059C,
0x00059C,0x00059C,0x00059C,0x00059D,0x00059D,0x00059D,0x00059D,0x00059E,
0x00059E,0x00059E,0x00059E,0x00059F,0x00059F,0x00059F,0x00059F,0x0005A0,
0x0005A0,0x0005A0,0x0005A0,0x0005A1,0x0005A1,0x0005A1,0x0005A1,0x0005A2,
0x0005A2,0x0005A2,0x0005A2,0x0005A3,0x0005A3,0x0005A3,0x0005A3,0x0005A4,
0x0005A4,0x0005A4,0x0005A4,0x0005A5,0x0005A5,0x0005A5,0x0005A5,0x0005A6,
0x0005A6,0x0005A6,0x0005A6,0x0005A6,0x0005A7,0x0005A7,0x0005A7,0x0005A7,
0x0005A8,0x0005A8,0x0005A8,0x0005A8,0x0005A9,0x0005A9,0x0005A9,0x0005A9,
0x0005AA,0x0005AA,0x0005AA,0x0005AA,0x0005AB,0x0005AB,0x0005AB,0x0005AB,
0x0005AC,0x0005AC,0x0005AC,0x0005AC,0x0005AD,0x0005AD,0x0005AD,0x0005AD,
0x0005AE,0x0005AE,0x0005AE,0x0005AE,0x0005AF,0x0005AF,0x0005AF,0x0005AF,
0x0005B0,0x0005B0,0x0005B0,0x0005B0,0x0005B1,0x0005B1,0x0005B1,0x0005B1,
0x0005B2,0x0005B2,0x0005B2,0x0005B2,0x0005B3,0x0005B3,0x0005B3,0x0005B3,
0x0005B4,0x0005B4,0x0005B4,0x0005B4,0x0005B5,0x0005B5,0x0005B5,0x0005B5,
0x0005B6,0x0005B6,0x0005B6,0x0005B6,0x0005B6,0x0005B7,0x0005B7,0x0005B7,
0x0005B7,0x0005B8,0x0005B8,0x0005B8,0x0005B8,0x0005B9,0x0005B9,0x0005B9,
0x0005B9,0x0005BA,0x0005BA,0x0005BA,0x0005BA,0x0005BB,0x0005BB,0x0005BB,
0x0005BB,0x0005BC,0x0005BC,0x0005BC,0x0005BC,0x0005BD,0x0005BD,0x0005BD,
0x0005BD,0x0005BE,0x0005BE,0x0005BE,0x0005BE,0x0005BF,0x0005BF,0x0005BF,
0x0005BF,0x0005C0,0x0005C0,0x0005C0,0x0005C0,0x0005C1,0x0005C1,0x0005C1,
0x0005C1,0x0005C2,0x0005C2,0x0005C2,0x0005C2,0x0005C3,0x0005C3,0x0005C3,
0x0005C3,0x0005C4,0x0005C4,0x0005C4,0x0005C4,0x0005C5,0x0005C5,0x0005C5,
0x0005C5,0x0005C6,0x0005C6,0x0005C6,0x0005C6,0x0005C7,0x0005C7,0x0005C7,
0x0005C7,0x0005C8,0x0005C8,0x0005C8,0x0005C8,0x0005C9,0x0005C9,0x0005C9,
0x0005C9,0x0005CA,0x0005CA,0x0005CA,0x0005CA,0x0005CB,0x0005CB,0x0005CB,
0x0005CB,0x0005CC,0x0005CC,0x0005CC,0x0005CC,0x0005CD,0x0005CD,0x0005CD,
0x0005CD,0x0005CE,0x0005CE,0x0005CE,0x0005CE,0x0005CF,0x0005CF,0x0005CF,
0x0005CF,0x0005D0,0x0005D0,0x0005D0,0x0005D0,0x0005D1,0x0005D1,0x0005D1,
0x0005D1,0x0005D2,0x0005D2,0x0005D2,0x0005D2,0x0005D3,0x0005D3,0x0005D3,
0x0005D3,0x0005D4,0x0005D4,0x0005D4,0x0005D5,0x0005D5,0x0005D5,0x0005D5,
0x0005D6,0x0005D6,0x0005D6,0x0005D6,0x0005D7,0x0005D7,0x0005D7,0x0005D7,
0x0005D8,0x0005D8,0x0005D8,0x0005D8,0x0005D9,0x0005D9,0x0005D9,0x0005D9,
0x0005DA,0x0005DA,0x0005DA,0x0005DA,0x0005DB,0x0005DB,0x0005DB,0x0005DB,
0x0005DC,0x0005DC,0x0005DC,0x0005DC,0x0005DD,0x0005DD,0x0005DD,0x0005DD,
0x0005DE,0x0005DE,0x0005DE,0x0005DE,0x0005DF,0x0005DF,0x0005DF,0x0005DF,
0x0005E0,0x0005E0,0x0005E0,0x0005E0,0x0005E1,0x0005E1,0x0005E1,0x0005E1,
0x0005E2,0x0005E2,0x0005E2,0x0005E2,0x0005E3,0x0005E3,0x0005E3,0x0005E3,
0x0005E4,0x0005E4,0x0005E4,0x0005E5,0x0005E5,0x0005E5,0x0005E5,0x0005E6,
0x0005E6,0x0005E6,0x0005E6,0x0005E7,0x0005E7,0x0005E7,0x0005E7,0x0005E8,
0x0005E8,0x0005E8,0x0005E8,0x0005E9,0x0005E9,0x0005E9,0x0005E9,0x0005EA,
0x0005EA,0x0005EA,0x0005EA,0x0005EB,0x0005EB,0x0005EB,0x0005EB,0x0005EC,
0x0005EC,0x0005EC,0x0005EC,0x0005ED,0x0005ED,0x0005ED,0x0005ED,0x0005EE,
0x0005EE,0x0005EE,0x0005EF,0x0005EF,0x0005EF,0x0005EF,0x0005F0,0x0005F0,
0x0005F0,0x0005F0,0x0005F1,0x0005F1,0x0005F1,0x0005F1,0x0005F2,0x0005F2,
0x0005F2,0x0005F2,0x0005F3,0x0005F3,0x0005F3,0x0005F3,0x0005F4,0x0005F4,
0x0005F4,0x0005F4,0x0005F5,0x0005F5,0x0005F5,0x0005F5,0x0005F6,0x0005F6,
0x0005F6,0x0005F6,0x0005F7,0x0005F7,0x0005F7,0x0005F8,0x0005F8,0x0005F8,
0x0005F8,0x0005F9,0x0005F9,0x0005F9,0x0005F9,0x0005FA,0x0005FA,0x0005FA,
0x0005FA,0x0005FB,0x0005FB,0x0005FB,0x0005FB,0x0005FC,0x0005FC,0x0005FC,
0x0005FC,0x0005FD,0x0005FD,0x0005FD,0x0005FD,0x0005FE,0x0005FE,0x0005FE,
0x0005FF,0x0005FF,0x0005FF,0x0005FF,0x000600,0x000600,0x000600,0x000600,
0x000601,0x000601,0x000601,0x000601,0x000602,0x000602,0x000602,0x000602,
0x000603,0x000603,0x000603,0x000603,0x000604,0x000604,0x000604,0x000605,
0x000605,0x000605,0x000605,0x000606,0x000606,0x000606,0x000606,0x000607,
0x000607,0x000607,0x000607,0x000608,0x000608,0x000608,0x000608,0x000609,
0x000609,0x000609,0x000609,0x00060A,0x00060A,0x00060A,0x00060B,0x00060B,
0x00060B,0x00060B,0x00060C,0x00060C,0x00060C,0x00060C,0x00060D,0x00060D,
0x00060D,0x00060D,0x00060E,0x00060E,0x00060E,0x00060E,0x00060F,0x00060F,
0x00060F,0x00060F,0x000610,0x000610,0x000610,0x000611,0x000611,0x000611,
0x000611,0x000612,0x000612,0x000612,0x000612,0x000613,0x000613,0x000613,
0x000613,0x000614,0x000614,0x000614,0x000614,0x000615,0x000615,0x000615,
0x000616,0x000616,0x000616,0x000616,0x000617,0x000617,0x000617,0x000617,
0x000618,0x000618,0x000618,0x000618,0x000619,0x000619,0x000619,0x00061A,
0x00061A,0x00061A,0x00061A,0x00061B,0x00061B,0x00061B,0x00061B,0x00061C,
0x00061C,0x00061C,0x00061C,0x00061D,0x00061D,0x00061D,0x00061D,0x00061E,
0x00061E,0x00061E,0x00061F,0x00061F,0x00061F,0x00061F,0x000620,0x000620,
0x000620,0x000620,0x000621,0x000621,0x000621,0x000621,0x000622,0x000622,
0x000622,0x000623,0x000623,0x000623,0x000623,0x000624,0x000624,0x000624,
0x000624,0x000625,0x000625,0x000625,0x000625,0x000626,0x000626,0x000626,
0x000627,0x000627,0x000627,0x000627,0x000628,0x000628,0x000628,0x000628,
0x000629,0x000629,0x000629,0x000629,0x00062A,0x00062A,0x00062A,0x00062B,
0x00062B,0x00062B,0x00062B,0x00062C,0x00062C,0x00062C,0x00062C,0x00062D,
0x00062D,0x00062D,0x00062D,0x00062E,0x00062E,0x00062E,0x00062F,0x00062F,
0x00062F,0x00062F,0x000630,0x000630,0x000630,0x000630,0x000631,0x000631,
0x000631,0x000631,0x000632,0x000632,0x000632,0x000633,0x000633,0x000633,
0x000633,0x000634,0x000634,0x000634,0x000634,0x000635,0x000635,0x000635,
0x000636,0x000636,0x000636,0x000636,0x000637,0x000637,0x000637,0x000637,
0x000638,0x000638,0x000638,0x000638,0x000639,0x000639,0x000639,0x00063A,
0x00063A,0x00063A,0x00063A,0x00063B,0x00063B,0x00063B,0x00063B,0x00063C,
0x00063C,0x00063C,0x00063D,0x00063D,0x00063D,0x00063D,0x00063E,0x00063E,
0x00063E,0x00063E,0x00063F,0x00063F,0x00063F,0x00063F,0x000640,0x000640,
0x000640,0x000641,0x000641,0x000641,0x000641,0x000642,0x000642,0x000642,
0x000642,0x000643,0x000643,0x000643,0x000644,0x000644,0x000644,0x000644,
0x000645,0x000645,0x000645,0x000645,0x000646,0x000646,0x000646,0x000647,
0x000647,0x000647,0x000647,0x000648,0x000648,0x000648,0x000648,0x000649,
0x000649,0x000649,0x00064A,0x00064A,0x00064A,0x00064A,0x00064B,0x00064B,
0x00064B,0x00064B,0x00064C,0x00064C,0x00064C,0x00064D,0x00064D,0x00064D,
0x00064D,0x00064E,0x00064E,0x00064E,0x00064E,0x00064F,0x00064F,0x00064F,
0x000650,0x000650,0x000650,0x000650,0x000651,0x000651,0x000651,0x000651,
0x000652,0x000652,0x000652,0x000653,0x000653,0x000653,0x000653,0x000654,
0x000654,0x000654,0x000654,0x000655,0x000655,0x000655,0x000656,0x000656,
0x000656,0x000656,0x000657,0x000657,0x000657,0x000658,0x000658,0x000658,
0x000658,0x000659,0x000659,0x000659,0x000659,0x00065A,0x00065A,0x00065A,
0x00065B,0x00065B,0x00065B,0x00065B,0x00065C,0x00065C,0x00065C,0x00065C,
0x00065D,0x00065D,0x00065D,0x00065E,0x00065E,0x00065E,0x00065E,0x00065F,
0x00065F,0x00065F,0x00065F,0x000660,0x000660,0x000660,0x000661,0x000661,
0x000661,0x000661,0x000662,0x000662,0x000662,0x000663,0x000663,0x000663,
0x000663,0x000664,0x000664,0x000664,0x000664,0x000665,0x000665,0x000665,
0x000666,0x000666,0x000666,0x000666,0x000667,0x000667,0x000667,0x000668,
0x000668,0x000668,0x000668,0x000669,0x000669,0x000669,0x000669,0x00066A,
0x00066A,0x00066A,0x00066B,0x00066B,0x00066B,0x00066B,0x00066C,0x00066C,
0x00066C,0x00066D,0x00066D,0x00066D,0x00066D,0x00066E,0x00066E,0x00066E,
0x00066E,0x00066F,0x00066F,0x00066F,0x000670,0x000670,0x000670,0x000670,
0x000671,0x000671,0x000671,0x000672,0x000672,0x000672,0x000672,0x000673,
0x000673,0x000673,0x000673,0x000674,0x000674,0x000674,0x000675,0x000675,
0x000675,0x000675,0x000676,0x000676,0x000676,0x000677,0x000677,0x000677,
0x000677,0x000678,0x000678,0x000678,0x000679,0x000679,0x000679,0x000679,
0x00067A,0x00067A,0x00067A,0x00067B,0x00067B,0x00067B,0x00067B,0x00067C,
0x00067C,0x00067C,0x00067C,0x00067D,0x00067D,0x00067D,0x00067E,0x00067E,
0x00067E,0x00067E,0x00067F,0x00067F,0x00067F,0x000680,0x000680,0x000680,
0x000680,0x000681,0x000681,0x000681,0x000682,0x000682,0x000682,0x000682,
0x000683,0x000683,0x000683,0x000684,0x000684,0x000684,0x000684,0x000685,
0x000685,0x000685,0x000685,0x000686,0x000686,0x000686,0x000687,0x000687,
0x000687,0x000687,0x000688,0x000688,0x000688,0x000689,0x000689,0x000689,
0x000689,0x00068A,0x00068A,0x00068A,0x00068B,0x00068B,0x00068B,0x00068B,
0x00068C,0x00068C,0x00068C,0x00068D,0x00068D,0x00068D,0x00068D,0x00068E,
0x00068E,0x00068E,0x00068F,0x00068F,0x00068F,0x00068F,0x000690,0x000690,
0x000690,0x000691,0x000691,0x000691,0x000691,0x000692,0x000692,0x000692,
0x000693,0x000693,0x000693,0x000693,0x000694,0x000694,0x000694,0x000695,
0x000695,0x000695,0x000695,0x000696,0x000696,0x000696,0x000697,0x000697,
0x000697,0x000697,0x000698,0x000698,0x000698,0x000699,0x000699,0x000699,
0x000699,0x00069A,0x00069A,0x00069A,0x00069B,0x00069B,0x00069B,0x00069B,
0x00069C,0x00069C,0x00069C,0x00069D,0x00069D,0x00069D,0x00069D,0x00069E,
0x00069E,0x00069E,0x00069F,0x00069F,0x00069F,0x00069F,0x0006A0,0x0006A0,
0x0006A0,0x0006A1,0x0006A1,0x0006A1,0x0006A1,0x0006A2,0x0006A2,0x0006A2,
0x0006A3,0x0006A3,0x0006A3,0x0006A3,0x0006A4,0x0006A4,0x0006A4,0x0006A5,
0x0006A5,0x0006A5,0x0006A5,0x0006A6,0x0006A6,0x0006A6,0x0006A7,0x0006A7,
0x0006A7,0x0006A7,0x0006A8,0x0006A8,0x0006A8,0x0006A9,0x0006A9,0x0006A9,
0x0006A9,0x0006AA,0x0006AA,0x0006AA,0x0006AB,0x0006AB,0x0006AB,0x0006AB,
0x0006AC,0x0006AC,0x0006AC,0x0006AD,0x0006AD,0x0006AD,0x0006AE,0x0006AE,
0x0006AE,0x0006AE,0x0006AF,0x0006AF,0x0006AF,0x0006B0,0x0006B0,0x0006B0,
0x0006B0,0x0006B1,0x0006B1,0x0006B1,0x0006B2,0x0006B2,0x0006B2,0x0006B2,
0x0006B3,0x0006B3,0x0006B3,0x0006B4,0x0006B4,0x0006B4,0x0006B4,0x0006B5,
0x0006B5,0x0006B5,0x0006B6,0x0006B6,0x0006B6,0x0006B7,0x0006B7,0x0006B7,
0x0006B7,0x0006B8,0x0006B8,0x0006B8,0x0006B9,0x0006B9,0x0006B9,0x0006B9,
0x0006BA,0x0006BA,0x0006BA,0x0006BB,0x0006BB,0x0006BB,0x0006BB,0x0006BC,
0x0006BC,0x0006BC,0x0006BD,0x0006BD,0x0006BD,0x0006BE,0x0006BE,0x0006BE,
0x0006BE,0x0006BF,0x0006BF,0x0006BF,0x0006C0,0x0006C0,0x0006C0,0x0006C0,
0x0006C1,0x0006C1,0x0006C1,0x0006C2,0x0006C2,0x0006C2,0x0006C2,0x0006C3,
0x0006C3,0x0006C3,0x0006C4,0x0006C4,0x0006C4,0x0006C5,0x0006C5,0x0006C5,
0x0006C5,0x0006C6,0x0006C6,0x0006C6,0x0006C7,0x0006C7,0x0006C7,0x0006C7,
0x0006C8,0x0006C8,0x0006C8,0x0006C9,0x0006C9,0x0006C9,0x0006CA,0x0006CA,
0x0006CA,0x0006CA,0x0006CB,0x0006CB,0x0006CB,0x0006CC,0x0006CC,0x0006CC,
0x0006CC,0x0006CD,0x0006CD,0x0006CD,0x0006CE,0x0006CE,0x0006CE,0x0006CF,
0x0006CF,0x0006CF,0x0006CF,0x0006D0,0x0006D0,0x0006D0,0x0006D1,0x0006D1,
0x0006D1,0x0006D1,0x0006D2,0x0006D2,0x0006D2,0x0006D3,0x0006D3,0x0006D3,
0x0006D4,0x0006D4,0x0006D4,0x0006D4,0x0006D5,0x0006D5,0x0006D5,0x0006D6,
0x0006D6,0x0006D6,0x0006D7,0x0006D7,0x0006D7,0x0006D7,0x0006D8,0x0006D8,
0x0006D8,0x0006D9,0x0006D9,0x0006D9,0x0006D9,0x0006DA,0x0006DA,0x0006DA,
0x0006DB,0x0006DB,0x0006DB,0x0006DC,0x0006DC,0x0006DC,0x0006DC,0x0006DD,
0x0006DD,0x0006DD,0x0006DE,0x0006DE,0x0006DE,0x0006DF,0x0006DF,0x0006DF,
0x0006DF,0x0006E0,0x0006E0,0x0006E0,0x0006E1,0x0006E1,0x0006E1,0x0006E2,
0x0006E2,0x0006E2,0x0006E2,0x0006E3,0x0006E3,0x0006E3,0x0006E4,0x0006E4,
0x0006E4,0x0006E4,0x0006E5,0x0006E5,0x0006E5,0x0006E6,0x0006E6,0x0006E6,
0x0006E7,0x0006E7,0x0006E7,0x0006E7,0x0006E8,0x0006E8,0x0006E8,0x0006E9,
0x0006E9,0x0006E9,0x0006EA,0x0006EA,0x0006EA,0x0006EA,0x0006EB,0x0006EB,
0x0006EB,0x0006EC,0x0006EC,0x0006EC,0x0006ED,0x0006ED,0x0006ED,0x0006ED,
0x0006EE,0x0006EE,0x0006EE,0x0006EF,0x0006EF,0x0006EF,0x0006F0,0x0006F0,
0x0006F0,0x0006F0,0x0006F1,0x0006F1,0x0006F1,0x0006F2,0x0006F2,0x0006F2,
0x0006F3,0x0006F3,0x0006F3,0x0006F3,0x0006F4,0x0006F4,0x0006F4,0x0006F5,
0x0006F5,0x0006F5,0x0006F6,0x0006F6,0x0006F6,0x0006F7,0x0006F7,0x0006F7,
0x0006F7,0x0006F8,0x0006F8,0x0006F8,0x0006F9,0x0006F9,0x0006F9,0x0006FA,
0x0006FA,0x0006FA,0x0006FA,0x0006FB,0x0006FB,0x0006FB,0x0006FC,0x0006FC,
0x0006FC,0x0006FD,0x0006FD,0x0006FD,0x0006FD,0x0006FE,0x0006FE,0x0006FE,
0x0006FF,0x0006FF,0x0006FF,0x000700,0x000700,0x000700,0x000700,0x000701,
0x000701,0x000701,0x000702,0x000702,0x000702,0x000703,0x000703,0x000703,
0x000704,0x000704,0x000704,0x000704,0x000705,0x000705,0x000705,0x000706,
0x000706,0x000706,0x000707,0x000707,0x000707,0x000707,0x000708,0x000708,
0x000708,0x000709,0x000709,0x000709,0x00070A,0x00070A,0x00070A,0x00070B,
0x00070B,0x00070B,0x00070B,0x00070C,0x00070C,0x00070C,0x00070D,0x00070D,
0x00070D,0x00070E,0x00070E,0x00070E,0x00070F,0x00070F,0x00070F,0x00070F,
0x000710,0x000710,0x000710,0x000711,0x000711,0x000711,0x000712,0x000712,
0x000712,0x000712,0x000713,0x000713,0x000713,0x000714,0x000714,0x000714,
0x000715,0x000715,0x000715,0x000716,0x000716,0x000716,0x000716,0x000717,
0x000717,0x000717,0x000718,0x000718,0x000718,0x000719,0x000719,0x000719,
0x00071A,0x00071A,0x00071A,0x00071A,0x00071B,0x00071B,0x00071B,0x00071C,
0x00071C,0x00071C,0x00071D,0x00071D,0x00071D,0x00071E,0x00071E,0x00071E,
0x00071E,0x00071F,0x00071F,0x00071F,0x000720,0x000720,0x000720,0x000721,
0x000721,0x000721,0x000722,0x000722,0x000722,0x000722,0x000723,0x000723,
0x000723,0x000724,0x000724,0x000724,0x000725,0x000725,0x000725,0x000726,
0x000726,0x000726,0x000727,0x000727,0x000727,0x000727,0x000728,0x000728,
0x000728,0x000729,0x000729,0x000729,0x00072A,0x00072A,0x00072A,0x00072B,
0x00072B,0x00072B,0x00072B,0x00072C,0x00072C,0x00072C,0x00072D,0x00072D,
0x00072D,0x00072E,0x00072E,0x00072E,0x00072F,0x00072F,0x00072F,0x000730,
0x000730,0x000730,0x000730,0x000731,0x000731,0x000731,0x000732,0x000732,
0x000732,0x000733,0x000733,0x000733,0x000734,0x000734,0x000734,0x000735,
0x000735,0x000735,0x000735,0x000736,0x000736,0x000736,0x000737,0x000737,
0x000737,0x000738,0x000738,0x000738,0x000739,0x000739,0x000739,0x00073A,
0x00073A,0x00073A,0x00073A,0x00073B,0x00073B,0x00073B,0x00073C,0x00073C,
0x00073C,0x00073D,0x00073D,0x00073D,0x00073E,0x00073E,0x00073E,0x00073F,
0x00073F,0x00073F,0x00073F,0x000740,0x000740,0x000740,0x000741,0x000741,
0x000741,0x000742,0x000742,0x000742,0x000743,0x000743,0x000743,0x000744,
0x000744,0x000744,0x000745,0x000745,0x000745,0x000745,0x000746,0x000746,
0x000746,0x000747,0x000747,0x000747,0x000748,0x000748,0x000748,0x000749,
0x000749,0x000749,0x00074A,0x00074A,0x00074A,0x00074A,0x00074B,0x00074B,
0x00074B,0x00074C,0x00074C,0x00074C,0x00074D,0x00074D,0x00074D,0x00074E,
0x00074E,0x00074E,0x00074F,0x00074F,0x00074F,0x000750,0x000750,0x000750,
0x000751,0x000751,0x000751,0x000751,0x000752,0x000752,0x000752,0x000753,
0x000753,0x000753,0x000754,0x000754,0x000754,0x000755,0x000755,0x000755,
0x000756,0x000756,0x000756,0x000757,0x000757,0x000757,0x000757,0x000758,
0x000758,0x000758,0x000759,0x000759,0x000759,0x00075A,0x00075A,0x00075A,
0x00075B,0x00075B,0x00075B,0x00075C,0x00075C,0x00075C,0x00075D,0x00075D,
0x00075D,0x00075E,0x00075E,0x00075E,0x00075F,0x00075F,0x00075F,0x00075F,
0x000760,0x000760,0x000760,0x000761,0x000761,0x000761,0x000762,0x000762,
0x000762,0x000763,0x000763,0x000763,0x000764,0x000764,0x000764,0x000765,
0x000765,0x000765,0x000766,0x000766,0x000766,0x000767,0x000767,0x000767,
0x000767,0x000768,0x000768,0x000768,0x000769,0x000769,0x000769,0x00076A,
0x00076A,0x00076A,0x00076B,0x00076B,0x00076B,0x00076C,0x00076C,0x00076C,
0x00076D,0x00076D,0x00076D,0x00076E,0x00076E,0x00076E,0x00076F,0x00076F,
0x00076F,0x000770,0x000770,0x000770,0x000770,0x000771,0x000771,0x000771,
0x000772,0x000772,0x000772,0x000773,0x000773,0x000773,0x000774,0x000774,
0x000774,0x000775,0x000775,0x000775,0x000776,0x000776,0x000776,0x000777,
0x000777,0x000777,0x000778,0x000778,0x000778,0x000779,0x000779,0x000779,
0x00077A,0x00077A,0x00077A,0x00077A,0x00077B,0x00077B,0x00077B,0x00077C,
0x00077C,0x00077C,0x00077D,0x00077D,0x00077D,0x00077E,0x00077E,0x00077E,
0x00077F,0x00077F,0x00077F,0x000780,0x000780,0x000780,0x000781,0x000781,
0x000781,0x000782,0x000782,0x000782,0x000783,0x000783,0x000783,0x000784,
0x000784,0x000784,0x000785,0x000785,0x000785,0x000786,0x000786,0x000786,
0x000787,0x000787,0x000787,0x000787,0x000788,0x000788,0x000788,0x000789,
0x000789,0x000789,0x00078A,0x00078A,0x00078A,0x00078B,0x00078B,0x00078B,
0x00078C,0x00078C,0x00078C,0x00078D,0x00078D,0x00078D,0x00078E,0x00078E,
0x00078E,0x00078F,0x00078F,0x00078F,0x000790,0x000790,0x000790,0x000791,
0x000791,0x000791,0x000792,0x000792,0x000792,0x000793,0x000793,0x000793,
0x000794,0x000794,0x000794,0x000795,0x000795,0x000795,0x000796,0x000796,
0x000796,0x000797,0x000797,0x000797,0x000798,0x000798,0x000798,0x000799,
0x000799,0x000799,0x00079A,0x00079A,0x00079A,0x00079B,0x00079B,0x00079B,
0x00079C,0x00079C,0x00079C,0x00079C,0x00079D,0x00079D,0x00079D,0x00079E,
0x00079E,0x00079E,0x00079F,0x00079F,0x00079F,0x0007A0,0x0007A0,0x0007A0,
0x0007A1,0x0007A1,0x0007A1,0x0007A2,0x0007A2,0x0007A2,0x0007A3,0x0007A3,
0x0007A3,0x0007A4,0x0007A4,0x0007A4,0x0007A5,0x0007A5,0x0007A5,0x0007A6,
0x0007A6,0x0007A6,0x0007A7,0x0007A7,0x0007A7,0x0007A8,0x0007A8,0x0007A8,
0x0007A9,0x0007A9,0x0007A9,0x0007AA,0x0007AA,0x0007AA,0x0007AB,0x0007AB,
0x0007AB,0x0007AC,0x0007AC,0x0007AC,0x0007AD,0x0007AD,0x0007AD,0x0007AE,
0x0007AE,0x0007AE,0x0007AF,0x0007AF,0x0007AF,0x0007B0,0x0007B0,0x0007B0,
0x0007B1,0x0007B1,0x0007B1,0x0007B2,0x0007B2,0x0007B2,0x0007B3,0x0007B3,
0x0007B3,0x0007B4,0x0007B4,0x0007B4,0x0007B5,0x0007B5,0x0007B5,0x0007B6,
0x0007B6,0x0007B6,0x0007B7,0x0007B7,0x0007B7,0x0007B8,0x0007B8,0x0007B8,
0x0007B9,0x0007B9,0x0007B9,0x0007BA,0x0007BA,0x0007BA,0x0007BB,0x0007BB,
0x0007BB,0x0007BC,0x0007BC,0x0007BC,0x0007BD,0x0007BD,0x0007BD,0x0007BE,
0x0007BE,0x0007BE,0x0007BF,0x0007BF,0x0007BF,0x0007C0,0x0007C0,0x0007C0,
0x0007C1,0x0007C1,0x0007C1,0x0007C2,0x0007C2,0x0007C2,0x0007C3,0x0007C3,
0x0007C3,0x0007C4,0x0007C4,0x0007C4,0x0007C5,0x0007C5,0x0007C5,0x0007C6,
0x0007C6,0x0007C6,0x0007C7,0x0007C7,0x0007C8,0x0007C8,0x0007C8,0x0007C9,
0x0007C9,0x0007C9,0x0007CA,0x0007CA,0x0007CA,0x0007CB,0x0007CB,0x0007CB,
0x0007CC,0x0007CC,0x0007CC,0x0007CD,0x0007CD,0x0007CD,0x0007CE,0x0007CE,
0x0007CE,0x0007CF,0x0007CF,0x0007CF,0x0007D0,0x0007D0,0x0007D0,0x0007D1,
0x0007D1,0x0007D1,0x0007D2,0x0007D2,0x0007D2,0x0007D3,0x0007D3,0x0007D3,
0x0007D4,0x0007D4,0x0007D4,0x0007D5,0x0007D5,0x0007D5,0x0007D6,0x0007D6,
0x0007D6,0x0007D7,0x0007D7,0x0007D7,0x0007D8,0x0007D8,0x0007D8,0x0007D9,
0x0007D9,0x0007D9,0x0007DA,0x0007DA,0x0007DA,0x0007DB,0x0007DB,0x0007DB,
0x0007DC,0x0007DC,0x0007DD,0x0007DD,0x0007DD,0x0007DE,0x0007DE,0x0007DE,
0x0007DF,0x0007DF,0x0007DF,0x0007E0,0x0007E0,0x0007E0,0x0007E1,0x0007E1,
0x0007E1,0x0007E2,0x0007E2,0x0007E2,0x0007E3,0x0007E3,0x0007E3,0x0007E4,
0x0007E4,0x0007E4,0x0007E5,0x0007E5,0x0007E5,0x0007E6,0x0007E6,0x0007E6,
0x0007E7,0x0007E7,0x0007E7,0x0007E8,0x0007E8,0x0007E8,0x0007E9,0x0007E9,
0x0007EA,0x0007EA,0x0007EA,0x0007EB,0x0007EB,0x0007EB,0x0007EC,0x0007EC,
0x0007EC,0x0007ED,0x0007ED,0x0007ED,0x0007EE,0x0007EE,0x0007EE,0x0007EF,
0x0007EF,0x0007EF,0x0007F0,0x0007F0,0x0007F0,0x0007F1,0x0007F1,0x0007F1,
0x0007F2,0x0007F2,0x0007F2,0x0007F3,0x0007F3,0x0007F3,0x0007F4,0x0007F4,
0x0007F5,0x0007F5,0x0007F5,0x0007F6,0x0007F6,0x0007F6,0x0007F7,0x0007F7,
0x0007F7,0x0007F8,0x0007F8,0x0007F8,0x0007F9,0x0007F9,0x0007F9,0x0007FA,
0x0007FA,0x0007FA,0x0007FB,0x0007FB,0x0007FB,0x0007FC,0x0007FC,0x0007FC,
0x0007FD,0x0007FD,0x0007FD,0x0007FE,0x0007FE,0x0007FF,0x0007FF,0x0007FF,
0x000800,0x000800,0x000800,0x000801,0x000801,0x000801,0x000802,0x000802,
0x000802,0x000803,0x000803,0x000803,0x000804,0x000804,0x000804,0x000805,
0x000805,0x000806,0x000806,0x000806,0x000807,0x000807,0x000807,0x000808,
0x000808,0x000808,0x000809,0x000809,0x000809,0x00080A,0x00080A,0x00080A,
0x00080B,0x00080B,0x00080B,0x00080C,0x00080C,0x00080C,0x00080D,0x00080D,
0x00080E,0x00080E,0x00080E,0x00080F,0x00080F,0x00080F,0x000810,0x000810,
0x000810,0x000811,0x000811,0x000811,0x000812,0x000812,0x000812,0x000813,
0x000813,0x000813,0x000814,0x000814,0x000815,0x000815,0x000815,0x000816,
0x000816,0x000816,0x000817,0x000817,0x000817,0x000818,0x000818,0x000818,
0x000819,0x000819,0x000819,0x00081A,0x00081A,0x00081A,0x00081B,0x00081B,
0x00081C,0x00081C,0x00081C,0x00081D,0x00081D,0x00081D,0x00081E,0x00081E,
0x00081E,0x00081F,0x00081F,0x00081F,0x000820,0x000820,0x000820,0x000821,
0x000821,0x000822,0x000822,0x000822,0x000823,0x000823,0x000823,0x000824,
0x000824,0x000824,0x000825,0x000825,0x000825,0x000826,0x000826,0x000826,
0x000827,0x000827,0x000828,0x000828,0x000828,0x000829,0x000829,0x000829,
0x00082A,0x00082A,0x00082A,0x00082B,0x00082B,0x00082B,0x00082C,0x00082C,
0x00082C,0x00082D,0x00082D,0x00082E,0x00082E,0x00082E,0x00082F,0x00082F,
0x00082F,0x000830,0x000830,0x000830,0x000831,0x000831,0x000831,0x000832,
0x000832,0x000832,0x000833,0x000833,0x000834,0x000834,0x000834,0x000835,
0x000835,0x000835,0x000836,0x000836,0x000836,0x000837,0x000837,0x000837,
0x000838,0x000838,0x000839,0x000839,0x000839,0x00083A,0x00083A,0x00083A,
0x00083B,0x00083B,0x00083B,0x00083C,0x00083C,0x00083C,0x00083D,0x00083D,
0x00083E,0x00083E,0x00083E,0x00083F,0x00083F,0x00083F,0x000840,0x000840,
0x000840,0x000841,0x000841,0x000841,0x000842,0x000842,0x000843,0x000843,
0x000843,0x000844,0x000844,0x000844,0x000845,0x000845,0x000845,0x000846,
0x000846,0x000846,0x000847,0x000847,0x000848,0x000848,0x000848,0x000849,
0x000849,0x000849,0x00084A,0x00084A,0x00084A,0x00084B,0x00084B,0x00084C,
0x00084C,0x00084C,0x00084D,0x00084D,0x00084D,0x00084E,0x00084E,0x00084E,
0x00084F,0x00084F,0x00084F,0x000850,0x000850,0x000851,0x000851,0x000851,
0x000852,0x000852,0x000852,0x000853,0x000853,0x000853,0x000854,0x000854,
0x000855,0x000855,0x000855,0x000856,0x000856,0x000856,0x000857,0x000857,
0x000857,0x000858,0x000858,0x000858,0x000859,0x000859,0x00085A,0x00085A,
0x00085A,0x00085B,0x00085B,0x00085B,0x00085C,0x00085C,0x00085C,0x00085D,
0x00085D,0x00085E,0x00085E,0x00085E,0x00085F,0x00085F,0x00085F,0x000860,
0x000860,0x000860,0x000861,0x000861,0x000862,0x000862,0x000862,0x000863,
0x000863,0x000863,0x000864,0x000864,0x000864,0x000865,0x000865,0x000866,
0x000866,0x000866,0x000867,0x000867,0x000867,0x000868,0x000868,0x000868,
0x000869,0x000869,0x00086A,0x00086A,0x00086A,0x00086B,0x00086B,0x00086B,
0x00086C,0x00086C,0x00086C,0x00086D,0x00086D,0x00086E,0x00086E,0x00086E,
0x00086F,0x00086F,0x00086F,0x000870,0x000870,0x000870,0x000871,0x000871,
0x000872,0x000872,0x000872,0x000873,0x000873,0x000873,0x000874,0x000874,
0x000875,0x000875,0x000875,0x000876,0x000876,0x000876,0x000877,0x000877,
0x000877,0x000878,0x000878,0x000879,0x000879,0x000879,0x00087A,0x00087A,
0x00087A,0x00087B,0x00087B,0x00087B,0x00087C,0x00087C,0x00087D,0x00087D,
0x00087D,0x00087E,0x00087E,0x00087E,0x00087F,0x00087F,0x000880,0x000880,
0x000880,0x000881,0x000881,0x000881,0x000882,0x000882,0x000882,0x000883,
0x000883,0x000884,0x000884,0x000884,0x000885,0x000885,0x000885,0x000886,
0x000886,0x000887,0x000887,0x000887,0x000888,0x000888,0x000888,0x000889,
0x000889,0x000889,0x00088A,0x00088A,0x00088B,0x00088B,0x00088B,0x00088C,
0x00088C,0x00088C,0x00088D,0x00088D,0x00088E,0x00088E,0x00088E,0x00088F,
0x00088F,0x00088F,0x000890,0x000890,0x000891,0x000891,0x000891,0x000892,
0x000892,0x000892,0x000893,0x000893,0x000894,0x000894,0x000894,0x000895,
0x000895,0x000895,0x000896,0x000896,0x000896,0x000897,0x000897,0x000898,
0x000898,0x000898,0x000899,0x000899,0x000899,0x00089A,0x00089A,0x00089B,
0x00089B,0x00089B,0x00089C,0x00089C,0x00089C,0x00089D,0x00089D,0x00089E,
0x00089E,0x00089E,0x00089F,0x00089F,0x00089F,0x0008A0,0x0008A0,0x0008A1,
0x0008A1,0x0008A1,0x0008A2,0x0008A2,0x0008A2,0x0008A3,0x0008A3,0x0008A4,
0x0008A4,0x0008A4,0x0008A5,0x0008A5,0x0008A5,0x0008A6,0x0008A6,0x0008A7,
0x0008A7,0x0008A7,0x0008A8,0x0008A8,0x0008A8,0x0008A9,0x0008A9,0x0008AA,
0x0008AA,0x0008AA,0x0008AB,0x0008AB,0x0008AB,0x0008AC,0x0008AC,0x0008AD,
0x0008AD,0x0008AD,0x0008AE,0x0008AE,0x0008AE,0x0008AF,0x0008AF,0x0008B0,
0x0008B0,0x0008B0,0x0008B1,0x0008B1,0x0008B1,0x0008B2,0x0008B2,0x0008B3,
0x0008B3,0x0008B3,0x0008B4,0x0008B4,0x0008B4,0x0008B5,0x0008B5,0x0008B6,
0x0008B6,0x0008B6,0x0008B7,0x0008B7,0x0008B7,0x0008B8,0x0008B8,0x0008B9,
0x0008B9,0x0008B9,0x0008BA,0x0008BA,0x0008BA,0x0008BB,0x0008BB,0x0008BC,
0x0008BC,0x0008BC,0x0008BD,0x0008BD,0x0008BE,0x0008BE,0x0008BE,0x0008BF,
0x0008BF,0x0008BF,0x0008C0,0x0008C0,0x0008C1,0x0008C1,0x0008C1,0x0008C2,
0x0008C2,0x0008C2,0x0008C3,0x0008C3,0x0008C4,0x0008C4,0x0008C4,0x0008C5,
0x0008C5,0x0008C5,0x0008C6,0x0008C6,0x0008C7,0x0008C7,0x0008C7,0x0008C8,
0x0008C8,0x0008C9,0x0008C9,0x0008C9,0x0008CA,0x0008CA,0x0008CA,0x0008CB,
0x0008CB,0x0008CC,0x0008CC,0x0008CC,0x0008CD,0x0008CD,0x0008CD,0x0008CE,
0x0008CE,0x0008CF,0x0008CF,0x0008CF,0x0008D0,0x0008D0,0x0008D1,0x0008D1,
0x0008D1,0x0008D2,0x0008D2,0x0008D2,0x0008D3,0x0008D3,0x0008D4,0x0008D4,
0x0008D4,0x0008D5,0x0008D5,0x0008D6,0x0008D6,0x0008D6,0x0008D7,0x0008D7,
0x0008D7,0x0008D8,0x0008D8,0x0008D9,0x0008D9,0x0008D9,0x0008DA,0x0008DA,
0x0008DA,0x0008DB,0x0008DB,0x0008DC,0x0008DC,0x0008DC,0x0008DD,0x0008DD,
0x0008DE,0x0008DE,0x0008DE,0x0008DF,0x0008DF,0x0008DF,0x0008E0,0x0008E0,
0x0008E1,0x0008E1,0x0008E1,0x0008E2,0x0008E2,0x0008E3,0x0008E3,0x0008E3,
0x0008E4,0x0008E4,0x0008E4,0x0008E5,0x0008E5,0x0008E6,0x0008E6,0x0008E6,
0x0008E7,0x0008E7,0x0008E8,0x0008E8,0x0008E8,0x0008E9,0x0008E9,0x0008EA,
0x0008EA,0x0008EA,0x0008EB,0x0008EB,0x0008EB,0x0008EC,0x0008EC,0x0008ED,
0x0008ED,0x0008ED,0x0008EE,0x0008EE,0x0008EF,0x0008EF,0x0008EF,0x0008F0,
0x0008F0,0x0008F0,0x0008F1,0x0008F1,0x0008F2,0x0008F2,0x0008F2,0x0008F3,
0x0008F3,0x0008F4,0x0008F4,0x0008F4,0x0008F5,0x0008F5,0x0008F6,0x0008F6,
0x0008F6,0x0008F7,0x0008F7,0x0008F7,0x0008F8,0x0008F8,0x0008F9,0x0008F9,
0x0008F9,0x0008FA,0x0008FA,0x0008FB,0x0008FB,0x0008FB,0x0008FC,0x0008FC,
0x0008FD,0x0008FD,0x0008FD,0x0008FE,0x0008FE,0x0008FE,0x0008FF,0x0008FF,
0x000900,0x000900,0x000900,0x000901,0x000901,0x000902,0x000902,0x000902,
0x000903,0x000903,0x000904,0x000904,0x000904,0x000905,0x000905,0x000905,
0x000906,0x000906,0x000907,0x000907,0x000907,0x000908,0x000908,0x000909,
0x000909,0x000909,0x00090A,0x00090A,0x00090B,0x00090B,0x00090B,0x00090C,
0x00090C,0x00090D,0x00090D,0x00090D,0x00090E,0x00090E,0x00090E,0x00090F,
0x00090F,0x000910,0x000910,0x000910,0x000911,0x000911,0x000912,0x000912,
0x000912,0x000913,0x000913,0x000914,0x000914,0x000914,0x000915,0x000915,
0x000916,0x000916,0x000916,0x000917,0x000917,0x000918,0x000918,0x000918,
0x000919,0x000919,0x000919,0x00091A,0x00091A,0x00091B,0x00091B,0x00091B,
0x00091C,0x00091C,0x00091D,0x00091D,0x00091D,0x00091E,0x00091E,0x00091F,
0x00091F,0x00091F,0x000920,0x000920,0x000921,0x000921,0x000921,0x000922,
0x000922,0x000923,0x000923,0x000923,0x000924,0x000924,0x000925,0x000925,
0x000925,0x000926,0x000926,0x000927,0x000927,0x000927,0x000928,0x000928,
0x000929,0x000929,0x000929,0x00092A,0x00092A,0x00092B,0x00092B,0x00092B,
0x00092C,0x00092C,0x00092C,0x00092D,0x00092D,0x00092E,0x00092E,0x00092E,
0x00092F,0x00092F,0x000930,0x000930,0x000930,0x000931,0x000931,0x000932,
0x000932,0x000932,0x000933,0x000933,0x000934,0x000934,0x000934,0x000935,
0x000935,0x000936,0x000936,0x000936,0x000937,0x000937,0x000938,0x000938,
0x000938,0x000939,0x000939,0x00093A,0x00093A,0x00093A,0x00093B,0x00093B,
0x00093C,0x00093C,0x00093C,0x00093D,0x00093D,0x00093E,0x00093E,0x00093E,
0x00093F,0x00093F,0x000940,0x000940,0x000940,0x000941,0x000941,0x000942,
0x000942,0x000942,0x000943,0x000943,0x000944,0x000944,0x000944,0x000945,
0x000945,0x000946,0x000946,0x000946,0x000947,0x000947,0x000948,0x000948,
0x000948,0x000949,0x000949,0x00094A,0x00094A,0x00094B,0x00094B,0x00094B,
0x00094C,0x00094C,0x00094D,0x00094D,0x00094D,0x00094E,0x00094E,0x00094F,
0x00094F,0x00094F,0x000950,0x000950,0x000951,0x000951,0x000951,0x000952,
0x000952,0x000953,0x000953,0x000953,0x000954,0x000954,0x000955,0x000955,
0x000955,0x000956,0x000956,0x000957,0x000957,0x000957,0x000958,0x000958,
0x000959,0x000959,0x000959,0x00095A,0x00095A,0x00095B,0x00095B,0x00095B,
0x00095C,0x00095C,0x00095D,0x00095D,0x00095D,0x00095E,0x00095E,0x00095F,
0x00095F,0x000960,0x000960,0x000960,0x000961,0x000961,0x000962,0x000962,
0x000962,0x000963,0x000963,0x000964,0x000964,0x000964,0x000965,0x000965,
0x000966,0x000966,0x000966,0x000967,0x000967,0x000968,0x000968,0x000968,
0x000969,0x000969,0x00096A,0x00096A,0x00096B,0x00096B,0x00096B,0x00096C,
0x00096C,0x00096D,0x00096D,0x00096D,0x00096E,0x00096E,0x00096F,0x00096F,
0x00096F,0x000970,0x000970,0x000971,0x000971,0x000971,0x000972,0x000972,
0x000973,0x000973,0x000974,0x000974,0x000974,0x000975,0x000975,0x000976,
0x000976,0x000976,0x000977,0x000977,0x000978,0x000978,0x000978,0x000979,
0x000979,0x00097A,0x00097A,0x00097A,0x00097B,0x00097B,0x00097C,0x00097C,
0x00097D,0x00097D,0x00097D,0x00097E,0x00097E,0x00097F,0x00097F,0x00097F,
0x000980,0x000980,0x000981,0x000981,0x000981,0x000982,0x000982,0x000983,
0x000983,0x000984,0x000984,0x000984,0x000985,0x000985,0x000986,0x000986,
0x000986,0x000987,0x000987,0x000988,0x000988,0x000988,0x000989,0x000989,
0x00098A,0x00098A,0x00098B,0x00098B,0x00098B,0x00098C,0x00098C,0x00098D,
0x00098D,0x00098D,0x00098E,0x00098E,0x00098F,0x00098F,0x000990,0x000990,
0x000990,0x000991,0x000991,0x000992,0x000992,0x000992,0x000993,0x000993,
0x000994,0x000994,0x000994,0x000995,0x000995,0x000996,0x000996,0x000997,
0x000997,0x000997,0x000998,0x000998,0x000999,0x000999,0x000999,0x00099A,
0x00099A,0x00099B,0x00099B,0x00099C,0x00099C,0x00099C,0x00099D,0x00099D,
0x00099E,0x00099E,0x00099E,0x00099F,0x00099F,0x0009A0,0x0009A0,0x0009A1,
0x0009A1,0x0009A1,0x0009A2,0x0009A2,0x0009A3,0x0009A3,0x0009A3,0x0009A4,
0x0009A4,0x0009A5,0x0009A5,0x0009A6,0x0009A6,0x0009A6,0x0009A7,0x0009A7,
0x0009A8,0x0009A8,0x0009A8,0x0009A9,0x0009A9,0x0009AA,0x0009AA,0x0009AB,
0x0009AB,0x0009AB,0x0009AC,0x0009AC,0x0009AD,0x0009AD,0x0009AE,0x0009AE,
0x0009AE,0x0009AF,0x0009AF,0x0009B0,0x0009B0,0x0009B0,0x0009B1,0x0009B1,
0x0009B2,0x0009B2,0x0009B3,0x0009B3,0x0009B3,0x0009B4,0x0009B4,0x0009B5,
0x0009B5,0x0009B6,0x0009B6,0x0009B6,0x0009B7,0x0009B7,0x0009B8,0x0009B8,
0x0009B8,0x0009B9,0x0009B9,0x0009BA,0x0009BA,0x0009BB,0x0009BB,0x0009BB,
0x0009BC,0x0009BC,0x0009BD,0x0009BD,0x0009BE,0x0009BE,0x0009BE,0x0009BF,
0x0009BF,0x0009C0,0x0009C0,0x0009C0,0x0009C1,0x0009C1,0x0009C2,0x0009C2,
0x0009C3,0x0009C3,0x0009C3,0x0009C4,0x0009C4,0x0009C5,0x0009C5,0x0009C6,
0x0009C6,0x0009C6,0x0009C7,0x0009C7,0x0009C8,0x0009C8,0x0009C9,0x0009C9,
0x0009C9,0x0009CA,0x0009CA,0x0009CB,0x0009CB,0x0009CB,0x0009CC,0x0009CC,
0x0009CD,0x0009CD,0x0009CE,0x0009CE,0x0009CE,0x0009CF,0x0009CF,0x0009D0,
0x0009D0,0x0009D1,0x0009D1,0x0009D1,0x0009D2,0x0009D2,0x0009D3,0x0009D3,
0x0009D4,0x0009D4,0x0009D4,0x0009D5,0x0009D5,0x0009D6,0x0009D6,0x0009D7,
0x0009D7,0x0009D7,0x0009D8,0x0009D8,0x0009D9,0x0009D9,0x0009DA,0x0009DA,
0x0009DA,0x0009DB,0x0009DB,0x0009DC,0x0009DC,0x0009DD,0x0009DD,0x0009DD,
0x0009DE,0x0009DE,0x0009DF,0x0009DF,0x0009E0,0x0009E0,0x0009E0,0x0009E1,
0x0009E1,0x0009E2,0x0009E2,0x0009E2,0x0009E3,0x0009E3,0x0009E4,0x0009E4,
0x0009E5,0x0009E5,0x0009E5,0x0009E6,0x0009E6,0x0009E7,0x0009E7,0x0009E8,
0x0009E8,0x0009E9,0x0009E9,0x0009E9,0x0009EA,0x0009EA,0x0009EB,0x0009EB,
0x0009EC,0x0009EC,0x0009EC,0x0009ED,0x0009ED,0x0009EE,0x0009EE,0x0009EF,
0x0009EF,0x0009EF,0x0009F0,0x0009F0,0x0009F1,0x0009F1,0x0009F2,0x0009F2,
0x0009F2,0x0009F3,0x0009F3,0x0009F4,0x0009F4,0x0009F5,0x0009F5,0x0009F5,
0x0009F6,0x0009F6,0x0009F7,0x0009F7,0x0009F8,0x0009F8,0x0009F8,0x0009F9,
0x0009F9,0x0009FA,0x0009FA,0x0009FB,0x0009FB,0x0009FB,0x0009FC,0x0009FC,
0x0009FD,0x0009FD,0x0009FE,0x0009FE,0x0009FE,0x0009FF,0x0009FF,0x000A00,
0x000A00,0x000A01,0x000A01,0x000A02,0x000A02,0x000A02,0x000A03,0x000A03,
0x000A04,0x000A04,0x000A05,0x000A05,0x000A05,0x000A06,0x000A06,0x000A07,
0x000A07,0x000A08,0x000A08,0x000A08,0x000A09,0x000A09,0x000A0A,0x000A0A,
0x000A0B,0x000A0B,0x000A0C,0x000A0C,0x000A0C,0x000A0D,0x000A0D,0x000A0E,
0x000A0E,0x000A0F,0x000A0F,0x000A0F,0x000A10,0x000A10,0x000A11,0x000A11,
0x000A12,0x000A12,0x000A12,0x000A13,0x000A13,0x000A14,0x000A14,0x000A15,
0x000A15,0x000A16,0x000A16,0x000A16,0x000A17,0x000A17,0x000A18,0x000A18,
0x000A19,0x000A19,0x000A19,0x000A1A,0x000A1A,0x000A1B,0x000A1B,0x000A1C,
0x000A1C,0x000A1D,0x000A1D,0x000A1D,0x000A1E,0x000A1E,0x000A1F,0x000A1F,
0x000A20,0x000A20,0x000A20,0x000A21,0x000A21,0x000A22,0x000A22,0x000A23,
0x000A23,0x000A24,0x000A24,0x000A24,0x000A25,0x000A25,0x000A26,0x000A26,
0x000A27,0x000A27,0x000A28,0x000A28,0x000A28,0x000A29,0x000A29,0x000A2A,
0x000A2A,0x000A2B,0x000A2B,0x000A2B,0x000A2C,0x000A2C,0x000A2D,0x000A2D,
0x000A2E,0x000A2E,0x000A2F,0x000A2F,0x000A2F,0x000A30,0x000A30,0x000A31,
0x000A31,0x000A32,0x000A32,0x000A33,0x000A33,0x000A33,0x000A34,0x000A34,
0x000A35,0x000A35,0x000A36,0x000A36,0x000A37,0x000A37,0x000A37,0x000A38,
0x000A38,0x000A39,0x000A39,0x000A3A,0x000A3A,0x000A3B,0x000A3B,0x000A3B,
0x000A3C,0x000A3C,0x000A3D,0x000A3D,0x000A3E,0x000A3E,0x000A3F,0x000A3F,
0x000A3F,0x000A40,0x000A40,0x000A41,0x000A41,0x000A42,0x000A42,0x000A42,
0x000A43,0x000A43,0x000A44,0x000A44,0x000A45,0x000A45,0x000A46,0x000A46,
0x000A47,0x000A47,0x000A47,0x000A48,0x000A48,0x000A49,0x000A49,0x000A4A,
0x000A4A,0x000A4B,0x000A4B,0x000A4B,0x000A4C,0x000A4C,0x000A4D,0x000A4D,
0x000A4E,0x000A4E,0x000A4F,0x000A4F,0x000A4F,0x000A50,0x000A50,0x000A51,
0x000A51,0x000A52,0x000A52,0x000A53,0x000A53,0x000A53,0x000A54,0x000A54,
0x000A55,0x000A55,0x000A56,0x000A56,0x000A57,0x000A57,0x000A57,0x000A58,
0x000A58,0x000A59,0x000A59,0x000A5A,0x000A5A,0x000A5B,0x000A5B,0x000A5C,
0x000A5C,0x000A5C,0x000A5D,0x000A5D,0x000A5E,0x000A5E,0x000A5F,0x000A5F,
0x000A60,0x000A60,0x000A60,0x000A61,0x000A61,0x000A62,0x000A62,0x000A63,
0x000A63,0x000A64,0x000A64,0x000A65,0x000A65,0x000A65,0x000A66,0x000A66,
0x000A67,0x000A67,0x000A68,0x000A68,0x000A69,0x000A69,0x000A69,0x000A6A,
0x000A6A,0x000A6B,0x000A6B,0x000A6C,0x000A6C,0x000A6D,0x000A6D,0x000A6E,
0x000A6E,0x000A6E,0x000A6F,0x000A6F,0x000A70,0x000A70,0x000A71,0x000A71,
0x000A72,0x000A72,0x000A72,0x000A73,0x000A73,0x000A74,0x000A74,0x000A75,
0x000A75,0x000A76,0x000A76,0x000A77,0x000A77,0x000A77,0x000A78,0x000A78,
0x000A79,0x000A79,0x000A7A,0x000A7A,0x000A7B,0x000A7B,0x000A7C,0x000A7C,
0x000A7C,0x000A7D,0x000A7D,0x000A7E,0x000A7E,0x000A7F,0x000A7F,0x000A80,
0x000A80,0x000A81,0x000A81,0x000A81,0x000A82,0x000A82,0x000A83,0x000A83,
0x000A84,0x000A84,0x000A85,0x000A85,0x000A86,0x000A86,0x000A86,0x000A87,
0x000A87,0x000A88,0x000A88,0x000A89,0x000A89,0x000A8A,0x000A8A,0x000A8B,
0x000A8B,0x000A8C,0x000A8C,0x000A8C,0x000A8D,0x000A8D,0x000A8E,0x000A8E,
0x000A8F,0x000A8F,0x000A90,0x000A90,0x000A91,0x000A91,0x000A91,0x000A92,
0x000A92,0x000A93,0x000A93,0x000A94,0x000A94,0x000A95,0x000A95,0x000A96,
0x000A96,0x000A96,0x000A97,0x000A97,0x000A98,0x000A98,0x000A99,0x000A99,
0x000A9A,0x000A9A,0x000A9B,0x000A9B,0x000A9C,0x000A9C,0x000A9C,0x000A9D,
0x000A9D,0x000A9E,0x000A9E,0x000A9F,0x000A9F,0x000AA0,0x000AA0,0x000AA1,
0x000AA1,0x000AA2,0x000AA2,0x000AA2,0x000AA3,0x000AA3,0x000AA4,0x000AA4,
0x000AA5,0x000AA5,0x000AA6,0x000AA6,0x000AA7,0x000AA7,0x000AA8,0x000AA8,
0x000AA8,0x000AA9,0x000AA9,0x000AAA,0x000AAA,0x000AAB,0x000AAB,0x000AAC,
0x000AAC,0x000AAD,0x000AAD,0x000AAE,0x000AAE,0x000AAE,0x000AAF,0x000AAF,
0x000AB0,0x000AB0,0x000AB1,0x000AB1,0x000AB2,0x000AB2,0x000AB3,0x000AB3,
0x000AB4,0x000AB4,0x000AB4,0x000AB5,0x000AB5,0x000AB6,0x000AB6,0x000AB7,
0x000AB7,0x000AB8,0x000AB8,0x000AB9,0x000AB9,0x000ABA,0x000ABA,0x000ABB,
0x000ABB,0x000ABB,0x000ABC,0x000ABC,0x000ABD,0x000ABD,0x000ABE,0x000ABE,
0x000ABF,0x000ABF,0x000AC0,0x000AC0,0x000AC1,0x000AC1,0x000AC1,0x000AC2,
0x000AC2,0x000AC3,0x000AC3,0x000AC4,0x000AC4,0x000AC5,0x000AC5,0x000AC6,
0x000AC6,0x000AC7,0x000AC7,0x000AC8,0x000AC8,0x000AC8,0x000AC9,0x000AC9,
0x000ACA,0x000ACA,0x000ACB,0x000ACB,0x000ACC,0x000ACC,0x000ACD,0x000ACD,
0x000ACE,0x000ACE,0x000ACF,0x000ACF,0x000AD0,0x000AD0,0x000AD0,0x000AD1,
0x000AD1,0x000AD2,0x000AD2,0x000AD3,0x000AD3,0x000AD4,0x000AD4,0x000AD5,
0x000AD5,0x000AD6,0x000AD6,0x000AD7,0x000AD7,0x000AD7,0x000AD8,0x000AD8,
0x000AD9,0x000AD9,0x000ADA,0x000ADA,0x000ADB,0x000ADB,0x000ADC,0x000ADC,
0x000ADD,0x000ADD,0x000ADE,0x000ADE,0x000ADF,0x000ADF,0x000ADF,0x000AE0,
0x000AE0,0x000AE1,0x000AE1,0x000AE2,0x000AE2,0x000AE3,0x000AE3,0x000AE4,
0x000AE4,0x000AE5,0x000AE5,0x000AE6,0x000AE6,0x000AE7,0x000AE7,0x000AE8,
0x000AE8,0x000AE8,0x000AE9,0x000AE9,0x000AEA,0x000AEA,0x000AEB,0x000AEB,
0x000AEC,0x000AEC,0x000AED,0x000AED,0x000AEE,0x000AEE,0x000AEF,0x000AEF,
0x000AF0,0x000AF0,0x000AF0,0x000AF1,0x000AF1,0x000AF2,0x000AF2,0x000AF3,
0x000AF3,0x000AF4,0x000AF4,0x000AF5,0x000AF5,0x000AF6,0x000AF6,0x000AF7,
0x000AF7,0x000AF8,0x000AF8,0x000AF9,0x000AF9,0x000AFA,0x000AFA,0x000AFA,
0x000AFB,0x000AFB,0x000AFC,0x000AFC,0x000AFD,0x000AFD,0x000AFE,0x000AFE,
0x000AFF,0x000AFF,0x000B00,0x000B00,0x000B01,0x000B01,0x000B02,0x000B02,
0x000B03,0x000B03,0x000B04,0x000B04,0x000B04,0x000B05,0x000B05,0x000B06,
0x000B06,0x000B07,0x000B07,0x000B08,0x000B08,0x000B09,0x000B09,0x000B0A,
0x000B0A,0x000B0B,0x000B0B,0x000B0C,0x000B0C,0x000B0D,0x000B0D,0x000B0E,
0x000B0E,0x000B0F,0x000B0F,0x000B0F,0x000B10,0x000B10,0x000B11,0x000B11,
0x000B12,0x000B12,0x000B13,0x000B13,0x000B14,0x000B14,0x000B15,0x000B15,
0x000B16,0x000B16,0x000B17,0x000B17,0x000B18,0x000B18,0x000B19,0x000B19,
0x000B1A,0x000B1A,0x000B1B,0x000B1B,0x000B1B,0x000B1C,0x000B1C,0x000B1D,
0x000B1D,0x000B1E,0x000B1E,0x000B1F,0x000B1F,0x000B20,0x000B20,0x000B21,
0x000B21,0x000B22,0x000B22,0x000B23,0x000B23,0x000B24,0x000B24,0x000B25,
0x000B25,0x000B26,0x000B26,0x000B27,0x000B27,0x000B28,0x000B28,0x000B29,
0x000B29,0x000B29,0x000B2A,0x000B2A,0x000B2B,0x000B2B,0x000B2C,0x000B2C,
0x000B2D,0x000B2D,0x000B2E,0x000B2E,0x000B2F,0x000B2F,0x000B30,0x000B30,
0x000B31,0x000B31,0x000B32,0x000B32,0x000B33,0x000B33,0x000B34,0x000B34,
0x000B35,0x000B35,0x000B36,0x000B36,0x000B37,0x000B37,0x000B38,0x000B38,
0x000B39,0x000B39,0x000B39,0x000B3A,0x000B3A,0x000B3B,0x000B3B,0x000B3C,
0x000B3C,0x000B3D,0x000B3D,0x000B3E,0x000B3E,0x000B3F,0x000B3F,0x000B40,
0x000B40,0x000B41,0x000B41,0x000B42,0x000B42,0x000B43,0x000B43,0x000B44,
0x000B44,0x000B45,0x000B45,0x000B46,0x000B46,0x000B47,0x000B47,0x000B48,
0x000B48,0x000B49,0x000B49,0x000B4A,0x000B4A,0x000B4B,0x000B4B,0x000B4C,
0x000B4C,0x000B4D,0x000B4D,0x000B4D,0x000B4E,0x000B4E,0x000B4F,0x000B4F,
0x000B50,0x000B50,0x000B51,0x000B51,0x000B52,0x000B52,0x000B53,0x000B53,
0x000B54,0x000B54,0x000B55,0x000B55,0x000B56,0x000B56,0x000B57,0x000B57,
0x000B58,0x000B58,0x000B59,0x000B59,0x000B5A,0x000B5A,0x000B5B,0x000B5B,
0x000B5C,0x000B5C,0x000B5D,0x000B5D,0x000B5E,0x000B5E,0x000B5F,0x000B5F,
0x000B60,0x000B60,0x000B61,0x000B61,0x000B62,0x000B62,0x000B63,0x000B63,
0x000B64,0x000B64,0x000B65,0x000B65,0x000B66,0x000B66,0x000B67,0x000B67,
0x000B68,0x000B68,0x000B69,0x000B69,0x000B6A,0x000B6A,0x000B6B,0x000B6B,
0x000B6C,0x000B6C,0x000B6D,0x000B6D,0x000B6D,0x000B6E,0x000B6E,0x000B6F,
0x000B6F,0x000B70,0x000B70,0x000B71,0x000B71,0x000B72,0x000B72,0x000B73,
0x000B73,0x000B74,0x000B74,0x000B75,0x000B75,0x000B76,0x000B76,0x000B77,
0x000B77,0x000B78,0x000B78,0x000B79,0x000B79,0x000B7A,0x000B7A,0x000B7B,
0x000B7B,0x000B7C,0x000B7C,0x000B7D,0x000B7D,0x000B7E,0x000B7E,0x000B7F,
0x000B7F,0x000B80,0x000B80,0x000B81,0x000B81,0x000B82,0x000B82,0x000B83,
0x000B83,0x000B84,0x000B84,0x000B85,0x000B85,0x000B86,0x000B86,0x000B87,
0x000B87,0x000B88,0x000B88,0x000B89,0x000B89,0x000B8A,0x000B8A,0x000B8B,
0x000B8B,0x000B8C,0x000B8C,0x000B8D,0x000B8D,0x000B8E,0x000B8E,0x000B8F,
0x000B8F,0x000B90,0x000B90,0x000B91,0x000B91,0x000B92,0x000B92,0x000B93,
0x000B93,0x000B94,0x000B94,0x000B95,0x000B95,0x000B96,0x000B96,0x000B97,
0x000B97,0x000B98,0x000B98,0x000B99,0x000B99,0x000B9A,0x000B9A,0x000B9B,
0x000B9B,0x000B9C,0x000B9C,0x000B9D,0x000B9D,0x000B9E,0x000B9E,0x000B9F,
0x000B9F,0x000BA0,0x000BA0,0x000BA1,0x000BA1,0x000BA2,0x000BA2,0x000BA3,
0x000BA3,0x000BA4,0x000BA4,0x000BA5,0x000BA5,0x000BA6,0x000BA6,0x000BA7,
0x000BA7,0x000BA8,0x000BA9,0x000BA9,0x000BAA,0x000BAA,0x000BAB,0x000BAB,
0x000BAC,0x000BAC,0x000BAD,0x000BAD,0x000BAE,0x000BAE,0x000BAF,0x000BAF,
0x000BB0,0x000BB0,0x000BB1,0x000BB1,0x000BB2,0x000BB2,0x000BB3,0x000BB3,
0x000BB4,0x000BB4,0x000BB5,0x000BB5,0x000BB6,0x000BB6,0x000BB7,0x000BB7,
0x000BB8,0x000BB8,0x000BB9,0x000BB9,0x000BBA,0x000BBA,0x000BBB,0x000BBB,
0x000BBC,0x000BBC,0x000BBD,0x000BBD,0x000BBE,0x000BBE,0x000BBF,0x000BBF,
0x000BC0,0x000BC0,0x000BC1,0x000BC1,0x000BC2,0x000BC2,0x000BC3,0x000BC3,
0x000BC4,0x000BC4,0x000BC5,0x000BC5,0x000BC6,0x000BC6,0x000BC7,0x000BC7,
0x000BC8,0x000BC8,0x000BC9,0x000BCA,0x000BCA,0x000BCB,0x000BCB,0x000BCC,
0x000BCC,0x000BCD,0x000BCD,0x000BCE,0x000BCE,0x000BCF,0x000BCF,0x000BD0,
0x000BD0,0x000BD1,0x000BD1,0x000BD2,0x000BD2,0x000BD3,0x000BD3,0x000BD4,
0x000BD4,0x000BD5,0x000BD5,0x000BD6,0x000BD6,0x000BD7,0x000BD7,0x000BD8,
0x000BD8,0x000BD9,0x000BD9,0x000BDA,0x000BDA,0x000BDB,0x000BDB,0x000BDC,
0x000BDC,0x000BDD,0x000BDE,0x000BDE,0x000BDF,0x000BDF,0x000BE0,0x000BE0,
0x000BE1,0x000BE1,0x000BE2,0x000BE2,0x000BE3,0x000BE3,0x000BE4,0x000BE4,
0x000BE5,0x000BE5,0x000BE6,0x000BE6,0x000BE7,0x000BE7,0x000BE8,0x000BE8,
0x000BE9,0x000BE9,0x000BEA,0x000BEA,0x000BEB,0x000BEB,0x000BEC,0x000BEC,
0x000BED,0x000BED,0x000BEE,0x000BEF,0x000BEF,0x000BF0,0x000BF0,0x000BF1,
0x000BF1,0x000BF2,0x000BF2,0x000BF3,0x000BF3,0x000BF4,0x000BF4,0x000BF5,
0x000BF5,0x000BF6,0x000BF6,0x000BF7,0x000BF7,0x000BF8,0x000BF8,0x000BF9,
0x000BF9,0x000BFA,0x000BFA,0x000BFB,0x000BFB,0x000BFC,0x000BFD,0x000BFD,
0x000BFE,0x000BFE,0x000BFF,0x000BFF,0x000C00,0x000C00,0x000C01,0x000C01,
0x000C02,0x000C02,0x000C03,0x000C03,0x000C04,0x000C04,0x000C05,0x000C05,
0x000C06,0x000C06,0x000C07,0x000C07,0x000C08,0x000C08,0x000C09,0x000C0A,
0x000C0A,0x000C0B,0x000C0B,0x000C0C,0x000C0C,0x000C0D,0x000C0D,0x000C0E,
0x000C0E,0x000C0F,0x000C0F,0x000C10,0x000C10,0x000C11,0x000C11,0x000C12,
0x000C12,0x000C13,0x000C13,0x000C14,0x000C14,0x000C15,0x000C16,0x000C16,
0x000C17,0x000C17,0x000C18,0x000C18,0x000C19,0x000C19,0x000C1A,0x000C1A,
0x000C1B,0x000C1B,0x000C1C,0x000C1C,0x000C1D,0x000C1D,0x000C1E,0x000C1E,
0x000C1F,0x000C1F,0x000C20,0x000C21,0x000C21,0x000C22,0x000C22,0x000C23,
0x000C23,0x000C24,0x000C24,0x000C25,0x000C25,0x000C26,0x000C26,0x000C27,
0x000C27,0x000C28,0x000C28,0x000C29,0x000C29,0x000C2A,0x000C2B,0x000C2B,
0x000C2C,0x000C2C,0x000C2D,0x000C2D,0x000C2E,0x000C2E,0x000C2F,0x000C2F,
0x000C30,0x000C30,0x000C31,0x000C31,0x000C32,0x000C32,0x000C33,0x000C34,
0x000C34,0x000C35,0x000C35,0x000C36,0x000C36,0x000C37,0x000C37,0x000C38,
0x000C38,0x000C39,0x000C39,0x000C3A,0x000C3A,0x000C3B,0x000C3B,0x000C3C,
0x000C3D,0x000C3D,0x000C3E,0x000C3E,0x000C3F,0x000C3F,0x000C40,0x000C40,
0x000C41,0x000C41,0x000C42,0x000C42,0x000C43,0x000C43,0x000C44,0x000C44,
0x000C45,0x000C46,0x000C46,0x000C47,0x000C47,0x000C48,0x000C48,0x000C49,
0x000C49,0x000C4A,0x000C4A,0x000C4B,0x000C4B,0x000C4C,0x000C4C,0x000C4D,
0x000C4E,0x000C4E,0x000C4F,0x000C4F,0x000C50,0x000C50,0x000C51,0x000C51,
0x000C52,0x000C52,0x000C53,0x000C53,0x000C54,0x000C54,0x000C55,0x000C56,
0x000C56,0x000C57,0x000C57,0x000C58,0x000C58,0x000C59,0x000C59,0x000C5A,
0x000C5A,0x000C5B,0x000C5B,0x000C5C,0x000C5C,0x000C5D,0x000C5E,0x000C5E,
0x000C5F,0x000C5F,0x000C60,0x000C60,0x000C61,0x000C61,0x000C62,0x000C62,
0x000C63,0x000C63,0x000C64,0x000C65,0x000C65,0x000C66,0x000C66,0x000C67,
0x000C67,0x000C68,0x000C68,0x000C69,0x000C69,0x000C6A,0x000C6A,0x000C6B,
0x000C6C,0x000C6C,0x000C6D,0x000C6D,0x000C6E,0x000C6E,0x000C6F,0x000C6F,
0x000C70,0x000C70,0x000C71,0x000C71,0x000C72,0x000C73,0x000C73,0x000C74,
0x000C74,0x000C75,0x000C75,0x000C76,0x000C76,0x000C77,0x000C77,0x000C78,
0x000C78,0x000C79,0x000C7A,0x000C7A,0x000C7B,0x000C7B,0x000C7C,0x000C7C,
0x000C7D,0x000C7D,0x000C7E,0x000C7E,0x000C7F,0x000C7F,0x000C80,0x000C81,
0x000C81,0x000C82,0x000C82,0x000C83,0x000C83,0x000C84,0x000C84,0x000C85,
0x000C85,0x000C86,0x000C87,0x000C87,0x000C88,0x000C88,0x000C89,0x000C89,
0x000C8A,0x000C8A,0x000C8B,0x000C8B,0x000C8C,0x000C8D,0x000C8D,0x000C8E,
0x000C8E,0x000C8F,0x000C8F,0x000C90,0x000C90,0x000C91,0x000C91,0x000C92,
0x000C93,0x000C93,0x000C94,0x000C94,0x000C95,0x000C95,0x000C96,0x000C96,
0x000C97,0x000C97,0x000C98,0x000C99,0x000C99,0x000C9A,0x000C9A,0x000C9B,
0x000C9B,0x000C9C,0x000C9C,0x000C9D,0x000C9D,0x000C9E,0x000C9F,0x000C9F,
0x000CA0,0x000CA0,0x000CA1,0x000CA1,0x000CA2,0x000CA2,0x000CA3,0x000CA3,
0x000CA4,0x000CA5,0x000CA5,0x000CA6,0x000CA6,0x000CA7,0x000CA7,0x000CA8,
0x000CA8,0x000CA9,0x000CA9,0x000CAA,0x000CAB,0x000CAB,0x000CAC,0x000CAC,
0x000CAD,0x000CAD,0x000CAE,0x000CAE,0x000CAF,0x000CB0,0x000CB0,0x000CB1,
0x000CB1,0x000CB2,0x000CB2,0x000CB3,0x000CB3,0x000CB4,0x000CB4,0x000CB5,
0x000CB6,0x000CB6,0x000CB7,0x000CB7,0x000CB8,0x000CB8,0x000CB9,0x000CB9,
0x000CBA,0x000CBB,0x000CBB,0x000CBC,0x000CBC,0x000CBD,0x000CBD,0x000CBE,
0x000CBE,0x000CBF,0x000CBF,0x000CC0,0x000CC1,0x000CC1,0x000CC2,0x000CC2,
0x000CC3,0x000CC3,0x000CC4,0x000CC4,0x000CC5,0x000CC6,0x000CC6,0x000CC7,
0x000CC7,0x000CC8,0x000CC8,0x000CC9,0x000CC9,0x000CCA,0x000CCB,0x000CCB,
0x000CCC,0x000CCC,0x000CCD,0x000CCD,0x000CCE,0x000CCE,0x000CCF,0x000CD0,
0x000CD0,0x000CD1,0x000CD1,0x000CD2,0x000CD2,0x000CD3,0x000CD3,0x000CD4,
0x000CD5,0x000CD5,0x000CD6,0x000CD6,0x000CD7,0x000CD7,0x000CD8,0x000CD8,
0x000CD9,0x000CDA,0x000CDA,0x000CDB,0x000CDB,0x000CDC,0x000CDC,0x000CDD,
0x000CDD,0x000CDE,0x000CDF,0x000CDF,0x000CE0,0x000CE0,0x000CE1,0x000CE1,
0x000CE2,0x000CE2,0x000CE3,0x000CE4,0x000CE4,0x000CE5,0x000CE5,0x000CE6,
0x000CE6,0x000CE7,0x000CE7,0x000CE8,0x000CE9,0x000CE9,0x000CEA,0x000CEA,
0x000CEB,0x000CEB,0x000CEC,0x000CED,0x000CED,0x000CEE,0x000CEE,0x000CEF,
0x000CEF,0x000CF0,0x000CF0,0x000CF1,0x000CF2,0x000CF2,0x000CF3,0x000CF3,
0x000CF4,0x000CF4,0x000CF5,0x000CF6,0x000CF6,0x000CF7,0x000CF7,0x000CF8,
0x000CF8,0x000CF9,0x000CF9,0x000CFA,0x000CFB,0x000CFB,0x000CFC,0x000CFC,
0x000CFD,0x000CFD,0x000CFE,0x000CFE,0x000CFF,0x000D00,0x000D00,0x000D01,
0x000D01,0x000D02,0x000D02,0x000D03,0x000D04,0x000D04,0x000D05,0x000D05,
0x000D06,0x000D06,0x000D07,0x000D08,0x000D08,0x000D09,0x000D09,0x000D0A,
0x000D0A,0x000D0B,0x000D0B,0x000D0C,0x000D0D,0x000D0D,0x000D0E,0x000D0E,
0x000D0F,0x000D0F,0x000D10,0x000D11,0x000D11,0x000D12,0x000D12,0x000D13,
0x000D13,0x000D14,0x000D15,0x000D15,0x000D16,0x000D16,0x000D17,0x000D17,
0x000D18,0x000D18,0x000D19,0x000D1A,0x000D1A,0x000D1B,0x000D1B,0x000D1C,
0x000D1C,0x000D1D,0x000D1E,0x000D1E,0x000D1F,0x000D1F,0x000D20,0x000D20,
0x000D21,0x000D22,0x000D22,0x000D23,0x000D23,0x000D24,0x000D24,0x000D25,
0x000D26,0x000D26,0x000D27,0x000D27,0x000D28,0x000D28,0x000D29,0x000D2A,
0x000D2A,0x000D2B,0x000D2B,0x000D2C,0x000D2C,0x000D2D,0x000D2E,0x000D2E,
0x000D2F,0x000D2F,0x000D30,0x000D30,0x000D31,0x000D32,0x000D32,0x000D33,
0x000D33,0x000D34,0x000D34,0x000D35,0x000D36,0x000D36,0x000D37,0x000D37,
0x000D38,0x000D38,0x000D39,0x000D3A,0x000D3A,0x000D3B,0x000D3B,0x000D3C,
0x000D3C,0x000D3D,0x000D3E,0x000D3E,0x000D3F,0x000D3F,0x000D40,0x000D40,
0x000D41,0x000D42,0x000D42,0x000D43,0x000D43,0x000D44,0x000D44,0x000D45,
0x000D46,0x000D46,0x000D47,0x000D47,0x000D48,0x000D48,0x000D49,0x000D4A,
0x000D4A,0x000D4B,0x000D4B,0x000D4C,0x000D4D,0x000D4D,0x000D4E,0x000D4E,
0x000D4F,0x000D4F,0x000D50,0x000D51,0x000D51,0x000D52,0x000D52,0x000D53,
0x000D53,0x000D54,0x000D55,0x000D55,0x000D56,0x000D56,0x000D57,0x000D57,
0x000D58,0x000D59,0x000D59,0x000D5A,0x000D5A,0x000D5B,0x000D5C,0x000D5C,
0x000D5D,0x000D5D,0x000D5E,0x000D5E,0x000D5F,0x000D60,0x000D60,0x000D61,
0x000D61,0x000D62,0x000D62,0x000D63,0x000D64,0x000D64,0x000D65,0x000D65,
0x000D66,0x000D67,0x000D67,0x000D68,0x000D68,0x000D69,0x000D69,0x000D6A,
0x000D6B,0x000D6B,0x000D6C,0x000D6C,0x000D6D,0x000D6E,0x000D6E,0x000D6F,
0x000D6F,0x000D70,0x000D70,0x000D71,0x000D72,0x000D72,0x000D73,0x000D73,
0x000D74,0x000D75,0x000D75,0x000D76,0x000D76,0x000D77,0x000D77,0x000D78,
0x000D79,0x000D79,0x000D7A,0x000D7A,0x000D7B,0x000D7C,0x000D7C,0x000D7D,
0x000D7D,0x000D7E,0x000D7E,0x000D7F,0x000D80,0x000D80,0x000D81,0x000D81,
0x000D82,0x000D83,0x000D83,0x000D84,0x000D84,0x000D85,0x000D85,0x000D86,
0x000D87,0x000D87,0x000D88,0x000D88,0x000D89,0x000D8A,0x000D8A,0x000D8B,
0x000D8B,0x000D8C,0x000D8D,0x000D8D,0x000D8E,0x000D8E,0x000D8F,0x000D8F,
0x000D90,0x000D91,0x000D91,0x000D92,0x000D92,0x000D93,0x000D94,0x000D94,
0x000D95,0x000D95,0x000D96,0x000D96,0x000D97,0x000D98,0x000D98,0x000D99,
0x000D99,0x000D9A,0x000D9B,0x000D9B,0x000D9C,0x000D9C,0x000D9D,0x000D9E,
0x000D9E,0x000D9F,0x000D9F,0x000DA0,0x000DA1,0x000DA1,0x000DA2,0x000DA2,
0x000DA3,0x000DA3,0x000DA4,0x000DA5,0x000DA5,0x000DA6,0x000DA6,0x000DA7,
0x000DA8,0x000DA8,0x000DA9,0x000DA9,0x000DAA,0x000DAB,0x000DAB,0x000DAC,
0x000DAC,0x000DAD,0x000DAE,0x000DAE,0x000DAF,0x000DAF,0x000DB0,0x000DB0,
0x000DB1,0x000DB2,0x000DB2,0x000DB3,0x000DB3,0x000DB4,0x000DB5,0x000DB5,
0x000DB6,0x000DB6,0x000DB7,0x000DB8,0x000DB8,0x000DB9,0x000DB9,0x000DBA,
0x000DBB,0x000DBB,0x000DBC,0x000DBC,0x000DBD,0x000DBE,0x000DBE,0x000DBF,
0x000DBF,0x000DC0,0x000DC1,0x000DC1,0x000DC2,0x000DC2,0x000DC3,0x000DC4,
0x000DC4,0x000DC5,0x000DC5,0x000DC6,0x000DC7,0x000DC7,0x000DC8,0x000DC8,
0x000DC9,0x000DC9,0x000DCA,0x000DCB,0x000DCB,0x000DCC,0x000DCC,0x000DCD,
0x000DCE,0x000DCE,0x000DCF,0x000DCF,0x000DD0,0x000DD1,0x000DD1,0x000DD2,
0x000DD2,0x000DD3,0x000DD4,0x000DD4,0x000DD5,0x000DD5,0x000DD6,0x000DD7,
0x000DD7,0x000DD8,0x000DD8,0x000DD9,0x000DDA,0x000DDA,0x000DDB,0x000DDB,
0x000DDC,0x000DDD,0x000DDD,0x000DDE,0x000DDE,0x000DDF,0x000DE0,0x000DE0,
0x000DE1,0x000DE1,0x000DE2,0x000DE3,0x000DE3,0x000DE4,0x000DE4,0x000DE5,
0x000DE6,0x000DE6,0x000DE7,0x000DE7,0x000DE8,0x000DE9,0x000DE9,0x000DEA,
0x000DEB,0x000DEB,0x000DEC,0x000DEC,0x000DED,0x000DEE,0x000DEE,0x000DEF,
0x000DEF,0x000DF0,0x000DF1,0x000DF1,0x000DF2,0x000DF2,0x000DF3,0x000DF4,
0x000DF4,0x000DF5,0x000DF5,0x000DF6,0x000DF7,0x000DF7,0x000DF8,0x000DF8,
0x000DF9,0x000DFA,0x000DFA,0x000DFB,0x000DFB,0x000DFC,0x000DFD,0x000DFD,
0x000DFE,0x000DFE,0x000DFF,0x000E00,0x000E00,0x000E01,0x000E01,0x000E02,
0x000E03,0x000E03,0x000E04,0x000E05,0x000E05,0x000E06,0x000E06,0x000E07,
0x000E08,0x000E08,0x000E09,0x000E09,0x000E0A,0x000E0B,0x000E0B,0x000E0C,
0x000E0C,0x000E0D,0x000E0E,0x000E0E,0x000E0F,0x000E0F,0x000E10,0x000E11,
0x000E11,0x000E12,0x000E13,0x000E13,0x000E14,0x000E14,0x000E15,0x000E16,
0x000E16,0x000E17,0x000E17,0x000E18,0x000E19,0x000E19,0x000E1A,0x000E1A,
0x000E1B,0x000E1C,0x000E1C,0x000E1D,0x000E1E,0x000E1E,0x000E1F,0x000E1F,
0x000E20,0x000E21,0x000E21,0x000E22,0x000E22,0x000E23,0x000E24,0x000E24,
0x000E25,0x000E25,0x000E26,0x000E27,0x000E27,0x000E28,0x000E29,0x000E29,
0x000E2A,0x000E2A,0x000E2B,0x000E2C,0x000E2C,0x000E2D,0x000E2D,0x000E2E,
0x000E2F,0x000E2F,0x000E30,0x000E31,0x000E31,0x000E32,0x000E32,0x000E33,
0x000E34,0x000E34,0x000E35,0x000E35,0x000E36,0x000E37,0x000E37,0x000E38,
0x000E39,0x000E39,0x000E3A,0x000E3A,0x000E3B,0x000E3C,0x000E3C,0x000E3D,
0x000E3D,0x000E3E,0x000E3F,0x000E3F,0x000E40,0x000E41,0x000E41,0x000E42,
0x000E42,0x000E43,0x000E44,0x000E44,0x000E45,0x000E45,0x000E46,0x000E47,
0x000E47,0x000E48,0x000E49,0x000E49,0x000E4A,0x000E4A,0x000E4B,0x000E4C,
0x000E4C,0x000E4D,0x000E4E,0x000E4E,0x000E4F,0x000E4F,0x000E50,0x000E51,
0x000E51,0x000E52,0x000E52,0x000E53,0x000E54,0x000E54,0x000E55,0x000E56,
0x000E56,0x000E57,0x000E57,0x000E58,0x000E59,0x000E59,0x000E5A,0x000E5B,
0x000E5B,0x000E5C,0x000E5C,0x000E5D,0x000E5E,0x000E5E,0x000E5F,0x000E60,
0x000E60,0x000E61,0x000E61,0x000E62,0x000E63,0x000E63,0x000E64,0x000E65,
0x000E65,0x000E66,0x000E66,0x000E67,0x000E68,0x000E68,0x000E69,0x000E6A,
0x000E6A,0x000E6B,0x000E6B,0x000E6C,0x000E6D,0x000E6D,0x000E6E,0x000E6F,
0x000E6F,0x000E70,0x000E70,0x000E71,0x000E72,0x000E72,0x000E73,0x000E74,
0x000E74,0x000E75,0x000E75,0x000E76,0x000E77,0x000E77,0x000E78,0x000E79,
0x000E79,0x000E7A,0x000E7A,0x000E7B,0x000E7C,0x000E7C,0x000E7D,0x000E7E,
0x000E7E,0x000E7F,0x000E7F,0x000E80,0x000E81,0x000E81,0x000E82,0x000E83,
0x000E83,0x000E84,0x000E84,0x000E85,0x000E86,0x000E86,0x000E87,0x000E88,
0x000E88,0x000E89,0x000E8A,0x000E8A,0x000E8B,0x000E8B,0x000E8C,0x000E8D,
0x000E8D,0x000E8E,0x000E8F,0x000E8F,0x000E90,0x000E90,0x000E91,0x000E92,
0x000E92,0x000E93,0x000E94,0x000E94,0x000E95,0x000E95,0x000E96,0x000E97,
0x000E97,0x000E98,0x000E99,0x000E99,0x000E9A,0x000E9B,0x000E9B,0x000E9C,
0x000E9C,0x000E9D,0x000E9E,0x000E9E,0x000E9F,0x000EA0,0x000EA0,0x000EA1,
0x000EA2,0x000EA2,0x000EA3,0x000EA3,0x000EA4,0x000EA5,0x000EA5,0x000EA6,
0x000EA7,0x000EA7,0x000EA8,0x000EA8,0x000EA9,0x000EAA,0x000EAA,0x000EAB,
0x000EAC,0x000EAC,0x000EAD,0x000EAE,0x000EAE,0x000EAF,0x000EAF,0x000EB0,
0x000EB1,0x000EB1,0x000EB2,0x000EB3,0x000EB3,0x000EB4,0x000EB5,0x000EB5,
0x000EB6,0x000EB6,0x000EB7,0x000EB8,0x000EB8,0x000EB9,0x000EBA,0x000EBA,
0x000EBB,0x000EBC,0x000EBC,0x000EBD,0x000EBE,0x000EBE,0x000EBF,0x000EBF,
0x000EC0,0x000EC1,0x000EC1,0x000EC2,0x000EC3,0x000EC3,0x000EC4,0x000EC5,
0x000EC5,0x000EC6,0x000EC6,0x000EC7,0x000EC8,0x000EC8,0x000EC9,0x000ECA,
0x000ECA,0x000ECB,0x000ECC,0x000ECC,0x000ECD,0x000ECE,0x000ECE,0x000ECF,
0x000ECF,0x000ED0,0x000ED1,0x000ED1,0x000ED2,0x000ED3,0x000ED3,0x000ED4,
0x000ED5,0x000ED5,0x000ED6,0x000ED7,0x000ED7,0x000ED8,0x000ED8,0x000ED9,
0x000EDA,0x000EDA,0x000EDB,0x000EDC,0x000EDC,0x000EDD,0x000EDE,0x000EDE,
0x000EDF,0x000EE0,0x000EE0,0x000EE1,0x000EE1,0x000EE2,0x000EE3,0x000EE3,
0x000EE4,0x000EE5,0x000EE5,0x000EE6,0x000EE7,0x000EE7,0x000EE8,0x000EE9,
0x000EE9,0x000EEA,0x000EEA,0x000EEB,0x000EEC,0x000EEC,0x000EED,0x000EEE,
0x000EEE,0x000EEF,0x000EF0,0x000EF0,0x000EF1,0x000EF2,0x000EF2,0x000EF3,
0x000EF4,0x000EF4,0x000EF5,0x000EF5,0x000EF6,0x000EF7,0x000EF7,0x000EF8,
0x000EF9,0x000EF9,0x000EFA,0x000EFB,0x000EFB,0x000EFC,0x000EFD,0x000EFD,
0x000EFE,0x000EFF,0x000EFF,0x000F00,0x000F01,0x000F01,0x000F02,0x000F02,
0x000F03,0x000F04,0x000F04,0x000F05,0x000F06,0x000F06,0x000F07,0x000F08,
0x000F08,0x000F09,0x000F0A,0x000F0A,0x000F0B,0x000F0C,0x000F0C,0x000F0D,
0x000F0E,0x000F0E,0x000F0F,0x000F0F,0x000F10,0x000F11,0x000F11,0x000F12,
0x000F13,0x000F13,0x000F14,0x000F15,0x000F15,0x000F16,0x000F17,0x000F17,
0x000F18,0x000F19,0x000F19,0x000F1A,0x000F1B,0x000F1B,0x000F1C,0x000F1D,
0x000F1D,0x000F1E,0x000F1F,0x000F1F,0x000F20,0x000F21,0x000F21,0x000F22,
0x000F22,0x000F23,0x000F24,0x000F24,0x000F25,0x000F26,0x000F26,0x000F27,
0x000F28,0x000F28,0x000F29,0x000F2A,0x000F2A,0x000F2B,0x000F2C,0x000F2C,
0x000F2D,0x000F2E,0x000F2E,0x000F2F,0x000F30,0x000F30,0x000F31,0x000F32,
0x000F32,0x000F33,0x000F34,0x000F34,0x000F35,0x000F36,0x000F36,0x000F37,
0x000F38,0x000F38,0x000F39,0x000F39,0x000F3A,0x000F3B,0x000F3B,0x000F3C,
0x000F3D,0x000F3D,0x000F3E,0x000F3F,0x000F3F,0x000F40,0x000F41,0x000F41,
0x000F42,0x000F43,0x000F43,0x000F44,0x000F45,0x000F45,0x000F46,0x000F47,
0x000F47,0x000F48,0x000F49,0x000F49,0x000F4A,0x000F4B,0x000F4B,0x000F4C,
0x000F4D,0x000F4D,0x000F4E,0x000F4F,0x000F4F,0x000F50,0x000F51,0x000F51,
0x000F52,0x000F53,0x000F53,0x000F54,0x000F55,0x000F55,0x000F56,0x000F57,
0x000F57,0x000F58,0x000F59,0x000F59,0x000F5A,0x000F5B,0x000F5B,0x000F5C,
0x000F5D,0x000F5D,0x000F5E,0x000F5F,0x000F5F,0x000F60,0x000F61,0x000F61,
0x000F62,0x000F63,0x000F63,0x000F64,0x000F65,0x000F65,0x000F66,0x000F67,
0x000F67,0x000F68,0x000F69,0x000F69,0x000F6A,0x000F6B,0x000F6B,0x000F6C,
0x000F6D,0x000F6D,0x000F6E,0x000F6F,0x000F6F,0x000F70,0x000F71,0x000F71,
0x000F72,0x000F73,0x000F73,0x000F74,0x000F75,0x000F75,0x000F76,0x000F77,
0x000F77,0x000F78,0x000F79,0x000F79,0x000F7A,0x000F7B,0x000F7B,0x000F7C,
0x000F7D,0x000F7D,0x000F7E,0x000F7F,0x000F7F,0x000F80,0x000F81,0x000F81,
0x000F82,0x000F83,0x000F83,0x000F84,0x000F85,0x000F85,0x000F86,0x000F87,
0x000F87,0x000F88,0x000F89,0x000F89,0x000F8A,0x000F8B,0x000F8B,0x000F8C,
0x000F8D,0x000F8D,0x000F8E,0x000F8F,0x000F90,0x000F90,0x000F91,0x000F92,
0x000F92,0x000F93,0x000F94,0x000F94,0x000F95,0x000F96,0x000F96,0x000F97,
0x000F98,0x000F98,0x000F99,0x000F9A,0x000F9A,0x000F9B,0x000F9C,0x000F9C,
0x000F9D,0x000F9E,0x000F9E,0x000F9F,0x000FA0,0x000FA0,0x000FA1,0x000FA2,
0x000FA2,0x000FA3,0x000FA4,0x000FA4,0x000FA5,0x000FA6,0x000FA6,0x000FA7,
0x000FA8,0x000FA9,0x000FA9,0x000FAA,0x000FAB,0x000FAB,0x000FAC,0x000FAD,
0x000FAD,0x000FAE,0x000FAF,0x000FAF,0x000FB0,0x000FB1,0x000FB1,0x000FB2,
0x000FB3,0x000FB3,0x000FB4,0x000FB5,0x000FB5,0x000FB6,0x000FB7,0x000FB7,
0x000FB8,0x000FB9,0x000FBA,0x000FBA,0x000FBB,0x000FBC,0x000FBC,0x000FBD,
0x000FBE,0x000FBE,0x000FBF,0x000FC0,0x000FC0,0x000FC1,0x000FC2,0x000FC2,
0x000FC3,0x000FC4,0x000FC4,0x000FC5,0x000FC6,0x000FC6,0x000FC7,0x000FC8,
0x000FC9,0x000FC9,0x000FCA,0x000FCB,0x000FCB,0x000FCC,0x000FCD,0x000FCD,
0x000FCE,0x000FCF,0x000FCF,0x000FD0,0x000FD1,0x000FD1,0x000FD2,0x000FD3,
0x000FD4,0x000FD4,0x000FD5,0x000FD6,0x000FD6,0x000FD7,0x000FD8,0x000FD8,
0x000FD9,0x000FDA,0x000FDA,0x000FDB,0x000FDC,0x000FDC,0x000FDD,0x000FDE,
0x000FDE,0x000FDF,0x000FE0,0x000FE1,0x000FE1,0x000FE2,0x000FE3,0x000FE3,
0x000FE4,0x000FE5,0x000FE5,0x000FE6,0x000FE7,0x000FE7,0x000FE8,0x000FE9,
0x000FEA,0x000FEA,0x000FEB,0x000FEC,0x000FEC,0x000FED,0x000FEE,0x000FEE,
0x000FEF,0x000FF0,0x000FF0,0x000FF1,0x000FF2,0x000FF2,0x000FF3,0x000FF4,
0x000FF5,0x000FF5,0x000FF6,0x000FF7,0x000FF7,0x000FF8,0x000FF9,0x000FF9,
0x000FFA,0x000FFB,0x000FFB,0x000FFC,0x000FFD,0x000FFE,0x000FFE,0x000FFF,
0x001000,0x001000,0x001001,0x001002,0x001003,0x001003,0x001004,0x001005,
0x001005,0x001006,0x001007,0x001007,0x001008,0x001009,0x001009,0x00100A,
0x00100B,0x00100C,0x00100C,0x00100D,0x00100E,0x00100E,0x00100F,0x001010,
0x001010,0x001011,0x001012,0x001013,0x001013,0x001014,0x001015,0x001015,
0x001016,0x001017,0x001017,0x001018,0x001019,0x001019,0x00101A,0x00101B,
0x00101C,0x00101C,0x00101D,0x00101E,0x00101E,0x00101F,0x001020,0x001020,
0x001021,0x001022,0x001023,0x001023,0x001024,0x001025,0x001025,0x001026,
0x001027,0x001027,0x001028,0x001029,0x00102A,0x00102A,0x00102B,0x00102C,
0x00102C,0x00102D,0x00102E,0x00102E,0x00102F,0x001030,0x001031,0x001031,
0x001032,0x001033,0x001033,0x001034,0x001035,0x001035,0x001036,0x001037,
0x001038,0x001038,0x001039,0x00103A,0x00103A,0x00103B,0x00103C,0x00103D,
0x00103D,0x00103E,0x00103F,0x00103F,0x001040,0x001041,0x001041,0x001042,
0x001043,0x001044,0x001044,0x001045,0x001046,0x001046,0x001047,0x001048,
0x001048,0x001049,0x00104A,0x00104B,0x00104B,0x00104C,0x00104D,0x00104D,
0x00104E,0x00104F,0x001050,0x001050,0x001051,0x001052,0x001052,0x001053,
0x001054,0x001054,0x001055,0x001056,0x001057,0x001057,0x001058,0x001059,
0x001059,0x00105A,0x00105B,0x00105C,0x00105C,0x00105D,0x00105E,0x00105E,
0x00105F,0x001060,0x001061,0x001061,0x001062,0x001063,0x001063,0x001064,
0x001065,0x001065,0x001066,0x001067,0x001068,0x001068,0x001069,0x00106A,
0x00106A,0x00106B,0x00106C,0x00106D,0x00106D,0x00106E,0x00106F,0x00106F,
0x001070,0x001071,0x001072,0x001072,0x001073,0x001074,0x001074,0x001075,
0x001076,0x001077,0x001077,0x001078,0x001079,0x001079,0x00107A,0x00107B,
0x00107C,0x00107C,0x00107D,0x00107E,0x00107E,0x00107F,0x001080,0x001081,
0x001081,0x001082,0x001083,0x001083,0x001084,0x001085,0x001086,0x001086,
0x001087,0x001088,0x001088,0x001089,0x00108A,0x00108B,0x00108B,0x00108C,
0x00108D,0x00108D,0x00108E,0x00108F,0x001090,0x001090,0x001091,0x001092,
0x001092,0x001093,0x001094,0x001095,0x001095,0x001096,0x001097,0x001098,
0x001098,0x001099,0x00109A,0x00109A,0x00109B,0x00109C,0x00109D,0x00109D,
0x00109E,0x00109F,0x00109F,0x0010A0,0x0010A1,0x0010A2,0x0010A2,0x0010A3,
0x0010A4,0x0010A4,0x0010A5,0x0010A6,0x0010A7,0x0010A7,0x0010A8,0x0010A9,
0x0010AA,0x0010AA,0x0010AB,0x0010AC,0x0010AC,0x0010AD,0x0010AE,0x0010AF,
0x0010AF,0x0010B0,0x0010B1,0x0010B1,0x0010B2,0x0010B3,0x0010B4,0x0010B4,
0x0010B5,0x0010B6,0x0010B7,0x0010B7,0x0010B8,0x0010B9,0x0010B9,0x0010BA,
0x0010BB,0x0010BC,0x0010BC,0x0010BD,0x0010BE,0x0010BF,0x0010BF,0x0010C0,
0x0010C1,0x0010C1,0x0010C2,0x0010C3,0x0010C4,0x0010C4,0x0010C5,0x0010C6,
0x0010C7,0x0010C7,0x0010C8,0x0010C9,0x0010C9,0x0010CA,0x0010CB,0x0010CC,
0x0010CC,0x0010CD,0x0010CE,0x0010CF,0x0010CF,0x0010D0,0x0010D1,0x0010D1,
0x0010D2,0x0010D3,0x0010D4,0x0010D4,0x0010D5,0x0010D6,0x0010D7,0x0010D7,
0x0010D8,0x0010D9,0x0010D9,0x0010DA,0x0010DB,0x0010DC,0x0010DC,0x0010DD,
0x0010DE,0x0010DF,0x0010DF,0x0010E0,0x0010E1,0x0010E1,0x0010E2,0x0010E3,
0x0010E4,0x0010E4,0x0010E5,0x0010E6,0x0010E7,0x0010E7,0x0010E8,0x0010E9,
0x0010EA,0x0010EA,0x0010EB,0x0010EC,0x0010EC,0x0010ED,0x0010EE,0x0010EF,
0x0010EF,0x0010F0,0x0010F1,0x0010F2,0x0010F2,0x0010F3,0x0010F4,0x0010F5,
0x0010F5,0x0010F6,0x0010F7,0x0010F7,0x0010F8,0x0010F9,0x0010FA,0x0010FA,
0x0010FB,0x0010FC,0x0010FD,0x0010FD,0x0010FE,0x0010FF,0x001100,0x001100,
0x001101,0x001102,0x001103,0x001103,0x001104,0x001105,0x001105,0x001106,
0x001107,0x001108,0x001108,0x001109,0x00110A,0x00110B,0x00110B,0x00110C,
0x00110D,0x00110E,0x00110E,0x00110F,0x001110,0x001111,0x001111,0x001112,
0x001113,0x001113,0x001114,0x001115,0x001116,0x001116,0x001117,0x001118,
0x001119,0x001119,0x00111A,0x00111B,0x00111C,0x00111C,0x00111D,0x00111E,
0x00111F,0x00111F,0x001120,0x001121,0x001122,0x001122,0x001123,0x001124,
0x001125,0x001125,0x001126,0x001127,0x001128,0x001128,0x001129,0x00112A,
0x00112A,0x00112B,0x00112C,0x00112D,0x00112D,0x00112E,0x00112F,0x001130,
0x001130,0x001131,0x001132,0x001133,0x001133,0x001134,0x001135,0x001136,
0x001136,0x001137,0x001138,0x001139,0x001139,0x00113A,0x00113B,0x00113C,
0x00113C,0x00113D,0x00113E,0x00113F,0x00113F,0x001140,0x001141,0x001142,
0x001142,0x001143,0x001144,0x001145,0x001145,0x001146,0x001147,0x001148,
0x001148,0x001149,0x00114A,0x00114B,0x00114B,0x00114C,0x00114D,0x00114E,
0x00114E,0x00114F,0x001150,0x001151,0x001151,0x001152,0x001153,0x001154,
0x001154,0x001155,0x001156,0x001157,0x001157,0x001158,0x001159,0x00115A,
0x00115A,0x00115B,0x00115C,0x00115D,0x00115D,0x00115E,0x00115F,0x001160,
0x001160,0x001161,0x001162,0x001163,0x001163,0x001164,0x001165,0x001166,
0x001166,0x001167,0x001168,0x001169,0x001169,0x00116A,0x00116B,0x00116C,
0x00116C,0x00116D,0x00116E,0x00116F,0x00116F,0x001170,0x001171,0x001172,
0x001172,0x001173,0x001174,0x001175,0x001175,0x001176,0x001177,0x001178,
0x001179,0x001179,0x00117A,0x00117B,0x00117C,0x00117C,0x00117D,0x00117E,
0x00117F,0x00117F,0x001180,0x001181,0x001182,0x001182,0x001183,0x001184,
0x001185,0x001185,0x001186,0x001187,0x001188,0x001188,0x001189,0x00118A,
0x00118B,0x00118B,0x00118C,0x00118D,0x00118E,0x00118F,0x00118F,0x001190,
0x001191,0x001192,0x001192,0x001193,0x001194,0x001195,0x001195,0x001196,
0x001197,0x001198,0x001198,0x001199,0x00119A,0x00119B,0x00119B,0x00119C,
0x00119D,0x00119E,0x00119F,0x00119F,0x0011A0,0x0011A1,0x0011A2,0x0011A2,
0x0011A3,0x0011A4,0x0011A5,0x0011A5,0x0011A6,0x0011A7,0x0011A8,0x0011A8,
0x0011A9,0x0011AA,0x0011AB,0x0011AC,0x0011AC,0x0011AD,0x0011AE,0x0011AF,
0x0011AF,0x0011B0,0x0011B1,0x0011B2,0x0011B2,0x0011B3,0x0011B4,0x0011B5,
0x0011B5,0x0011B6,0x0011B7,0x0011B8,0x0011B9,0x0011B9,0x0011BA,0x0011BB,
0x0011BC,0x0011BC,0x0011BD,0x0011BE,0x0011BF,0x0011BF,0x0011C0,0x0011C1,
0x0011C2,0x0011C3,0x0011C3,0x0011C4,0x0011C5,0x0011C6,0x0011C6,0x0011C7,
0x0011C8,0x0011C9,0x0011C9,0x0011CA,0x0011CB,0x0011CC,0x0011CD,0x0011CD,
0x0011CE,0x0011CF,0x0011D0,0x0011D0,0x0011D1,0x0011D2,0x0011D3,0x0011D4,
0x0011D4,0x0011D5,0x0011D6,0x0011D7,0x0011D7,0x0011D8,0x0011D9,0x0011DA,
0x0011DA,0x0011DB,0x0011DC,0x0011DD,0x0011DE,0x0011DE,0x0011DF,0x0011E0,
0x0011E1,0x0011E1,0x0011E2,0x0011E3,0x0011E4,0x0011E5,0x0011E5,0x0011E6,
0x0011E7,0x0011E8,0x0011E8,0x0011E9,0x0011EA,0x0011EB,0x0011EC,0x0011EC,
0x0011ED,0x0011EE,0x0011EF,0x0011EF,0x0011F0,0x0011F1,0x0011F2,0x0011F3,
0x0011F3,0x0011F4,0x0011F5,0x0011F6,0x0011F6,0x0011F7,0x0011F8,0x0011F9,
0x0011FA,0x0011FA,0x0011FB,0x0011FC,0x0011FD,0x0011FD,0x0011FE,0x0011FF,
0x001200,0x001201,0x001201,0x001202,0x001203,0x001204,0x001204,0x001205,
0x001206,0x001207,0x001208,0x001208,0x001209,0x00120A,0x00120B,0x00120B,
0x00120C,0x00120D,0x00120E,0x00120F,0x00120F,0x001210,0x001211,0x001212,
0x001212,0x001213,0x001214,0x001215,0x001216,0x001216,0x001217,0x001218,
0x001219,0x00121A,0x00121A,0x00121B,0x00121C,0x00121D,0x00121D,0x00121E,
0x00121F,0x001220,0x001221,0x001221,0x001222,0x001223,0x001224,0x001225,
0x001225,0x001226,0x001227,0x001228,0x001228,0x001229,0x00122A,0x00122B,
0x00122C,0x00122C,0x00122D,0x00122E,0x00122F,0x001230,0x001230,0x001231,
0x001232,0x001233,0x001233,0x001234,0x001235,0x001236,0x001237,0x001237,
0x001238,0x001239,0x00123A,0x00123B,0x00123B,0x00123C,0x00123D,0x00123E,
0x00123F,0x00123F,0x001240,0x001241,0x001242,0x001243,0x001243,0x001244,
0x001245,0x001246,0x001246,0x001247,0x001248,0x001249,0x00124A,0x00124A,
0x00124B,0x00124C,0x00124D,0x00124E,0x00124E,0x00124F,0x001250,0x001251,
0x001252,0x001252,0x001253,0x001254,0x001255,0x001256,0x001256,0x001257,
0x001258,0x001259,0x001259,0x00125A,0x00125B,0x00125C,0x00125D,0x00125D,
0x00125E,0x00125F,0x001260,0x001261,0x001261,0x001262,0x001263,0x001264,
0x001265,0x001265,0x001266,0x001267,0x001268,0x001269,0x001269,0x00126A,
0x00126B,0x00126C,0x00126D,0x00126D,0x00126E,0x00126F,0x001270,0x001271,
0x001271,0x001272,0x001273,0x001274,0x001275,0x001275,0x001276,0x001277,
0x001278,0x001279,0x001279,0x00127A,0x00127B,0x00127C,0x00127D,0x00127D,
0x00127E,0x00127F,0x001280,0x001281,0x001281,0x001282,0x001283,0x001284,
0x001285,0x001285,0x001286,0x001287,0x001288,0x001289,0x001289,0x00128A,
0x00128B,0x00128C,0x00128D,0x00128D,0x00128E,0x00128F,0x001290,0x001291,
0x001291,0x001292,0x001293,0x001294,0x001295,0x001296,0x001296,0x001297,
0x001298,0x001299,0x00129A,0x00129A,0x00129B,0x00129C,0x00129D,0x00129E,
0x00129E,0x00129F,0x0012A0,0x0012A1,0x0012A2,0x0012A2,0x0012A3,0x0012A4,
0x0012A5,0x0012A6,0x0012A6,0x0012A7,0x0012A8,0x0012A9,0x0012AA,0x0012AA,
0x0012AB,0x0012AC,0x0012AD,0x0012AE,0x0012AF,0x0012AF,0x0012B0,0x0012B1,
0x0012B2,0x0012B3,0x0012B3,0x0012B4,0x0012B5,0x0012B6,0x0012B7,0x0012B7,
0x0012B8,0x0012B9,0x0012BA,0x0012BB,0x0012BB,0x0012BC,0x0012BD,0x0012BE,
0x0012BF,0x0012C0,0x0012C0,0x0012C1,0x0012C2,0x0012C3,0x0012C4,0x0012C4,
0x0012C5,0x0012C6,0x0012C7,0x0012C8,0x0012C8,0x0012C9,0x0012CA,0x0012CB,
0x0012CC,0x0012CD,0x0012CD,0x0012CE,0x0012CF,0x0012D0,0x0012D1,0x0012D1,
0x0012D2,0x0012D3,0x0012D4,0x0012D5,0x0012D6,0x0012D6,0x0012D7,0x0012D8,
0x0012D9,0x0012DA,0x0012DA,0x0012DB,0x0012DC,0x0012DD,0x0012DE,0x0012DF,
0x0012DF,0x0012E0,0x0012E1,0x0012E2,0x0012E3,0x0012E3,0x0012E4,0x0012E5,
0x0012E6,0x0012E7,0x0012E8,0x0012E8,0x0012E9,0x0012EA,0x0012EB,0x0012EC,
0x0012EC,0x0012ED,0x0012EE,0x0012EF,0x0012F0,0x0012F1,0x0012F1,0x0012F2,
0x0012F3,0x0012F4,0x0012F5,0x0012F5,0x0012F6,0x0012F7,0x0012F8,0x0012F9,
0x0012FA,0x0012FA,0x0012FB,0x0012FC,0x0012FD,0x0012FE,0x0012FF,0x0012FF,
0x001300,0x001301,0x001302,0x001303,0x001303,0x001304,0x001305,0x001306,
0x001307,0x001308,0x001308,0x001309,0x00130A,0x00130B,0x00130C,0x00130D,
0x00130D,0x00130E,0x00130F,0x001310,0x001311,0x001311,0x001312,0x001313,
0x001314,0x001315,0x001316,0x001316,0x001317,0x001318,0x001319,0x00131A,
0x00131B,0x00131B,0x00131C,0x00131D,0x00131E,0x00131F,0x001320,0x001320,
0x001321,0x001322,0x001323,0x001324,0x001325,0x001325,0x001326,0x001327,
0x001328,0x001329,0x001329,0x00132A,0x00132B,0x00132C,0x00132D,0x00132E,
0x00132E,0x00132F,0x001330,0x001331,0x001332,0x001333,0x001333,0x001334,
0x001335,0x001336,0x001337,0x001338,0x001338,0x001339,0x00133A,0x00133B,
0x00133C,0x00133D,0x00133D,0x00133E,0x00133F,0x001340,0x001341,0x001342,
0x001342,0x001343,0x001344,0x001345,0x001346,0x001347,0x001347,0x001348,
0x001349,0x00134A,0x00134B,0x00134C,0x00134C,0x00134D,0x00134E,0x00134F,
0x001350,0x001351,0x001351,0x001352,0x001353,0x001354,0x001355,0x001356,
0x001357,0x001357,0x001358,0x001359,0x00135A,0x00135B,0x00135C,0x00135C,
0x00135D,0x00135E,0x00135F,0x001360,0x001361,0x001361,0x001362,0x001363,
0x001364,0x001365,0x001366,0x001366,0x001367,0x001368,0x001369,0x00136A,
0x00136B,0x00136C,0x00136C,0x00136D,0x00136E,0x00136F,0x001370,0x001371,
0x001371,0x001372,0x001373,0x001374,0x001375,0x001376,0x001376,0x001377,
0x001378,0x001379,0x00137A,0x00137B,0x00137C,0x00137C,0x00137D,0x00137E,
0x00137F,0x001380,0x001381,0x001381,0x001382,0x001383,0x001384,0x001385,
0x001386,0x001387,0x001387,0x001388,0x001389,0x00138A,0x00138B,0x00138C,
0x00138C,0x00138D,0x00138E,0x00138F,0x001390,0x001391,0x001392,0x001392,
0x001393,0x001394,0x001395,0x001396,0x001397,0x001397,0x001398,0x001399,
0x00139A,0x00139B,0x00139C,0x00139D,0x00139D,0x00139E,0x00139F,0x0013A0,
0x0013A1,0x0013A2,0x0013A3,0x0013A3,0x0013A4,0x0013A5,0x0013A6,0x0013A7,
0x0013A8,0x0013A8,0x0013A9,0x0013AA,0x0013AB,0x0013AC,0x0013AD,0x0013AE,
0x0013AE,0x0013AF,0x0013B0,0x0013B1,0x0013B2,0x0013B3,0x0013B4,0x0013B4,
0x0013B5,0x0013B6,0x0013B7,0x0013B8,0x0013B9,0x0013BA,0x0013BA,0x0013BB,
0x0013BC,0x0013BD,0x0013BE,0x0013BF,0x0013C0,0x0013C0,0x0013C1,0x0013C2,
0x0013C3,0x0013C4,0x0013C5,0x0013C5,0x0013C6,0x0013C7,0x0013C8,0x0013C9,
0x0013CA,0x0013CB,0x0013CB,0x0013CC,0x0013CD,0x0013CE,0x0013CF,0x0013D0,
0x0013D1,0x0013D2,0x0013D2,0x0013D3,0x0013D4,0x0013D5,0x0013D6,0x0013D7,
0x0013D8,0x0013D8,0x0013D9,0x0013DA,0x0013DB,0x0013DC,0x0013DD,0x0013DE,
0x0013DE,0x0013DF,0x0013E0,0x0013E1,0x0013E2,0x0013E3,0x0013E4,0x0013E4,
0x0013E5,0x0013E6,0x0013E7,0x0013E8,0x0013E9,0x0013EA,0x0013EA,0x0013EB,
0x0013EC,0x0013ED,0x0013EE,0x0013EF,0x0013F0,0x0013F1,0x0013F1,0x0013F2,
0x0013F3,0x0013F4,0x0013F5,0x0013F6,0x0013F7,0x0013F7,0x0013F8,0x0013F9,
0x0013FA,0x0013FB,0x0013FC,0x0013FD,0x0013FD,0x0013FE,0x0013FF,0x001400,
0x001401,0x001402,0x001403,0x001404,0x001404,0x001405,0x001406,0x001407,
0x001408,0x001409,0x00140A,0x00140A,0x00140B,0x00140C,0x00140D,0x00140E,
0x00140F,0x001410,0x001411,0x001411,0x001412,0x001413,0x001414,0x001415,
0x001416,0x001417,0x001418,0x001418,0x001419,0x00141A,0x00141B,0x00141C,
0x00141D,0x00141E,0x00141E,0x00141F,0x001420,0x001421,0x001422,0x001423,
0x001424,0x001425,0x001425,0x001426,0x001427,0x001428,0x001429,0x00142A,
0x00142B,0x00142C,0x00142C,0x00142D,0x00142E,0x00142F,0x001430,0x001431,
0x001432,0x001433,0x001433,0x001434,0x001435,0x001436,0x001437,0x001438,
0x001439,0x00143A,0x00143A,0x00143B,0x00143C,0x00143D,0x00143E,0x00143F,
0x001440,0x001441,0x001441,0x001442,0x001443,0x001444,0x001445,0x001446,
0x001447,0x001448,0x001449,0x001449,0x00144A,0x00144B,0x00144C,0x00144D,
0x00144E,0x00144F,0x001450,0x001450,0x001451,0x001452,0x001453,0x001454,
0x001455,0x001456,0x001457,0x001457,0x001458,0x001459,0x00145A,0x00145B,
0x00145C,0x00145D,0x00145E,0x00145F,0x00145F,0x001460,0x001461,0x001462,
0x001463,0x001464,0x001465,0x001466,0x001466,0x001467,0x001468,0x001469,
0x00146A,0x00146B,0x00146C,0x00146D,0x00146E,0x00146E,0x00146F,0x001470,
0x001471,0x001472,0x001473,0x001474,0x001475,0x001476,0x001476,0x001477,
0x001478,0x001479,0x00147A,0x00147B,0x00147C,0x00147D,0x00147E,0x00147E,
0x00147F,0x001480,0x001481,0x001482,0x001483,0x001484,0x001485,0x001485,
0x001486,0x001487,0x001488,0x001489,0x00148A,0x00148B,0x00148C,0x00148D,
0x00148E,0x00148E,0x00148F,0x001490,0x001491,0x001492,0x001493,0x001494,
0x001495,0x001496,0x001496,0x001497,0x001498,0x001499,0x00149A,0x00149B,
0x00149C,0x00149D,0x00149E,0x00149E,0x00149F,0x0014A0,0x0014A1,0x0014A2,
0x0014A3,0x0014A4,0x0014A5,0x0014A6,0x0014A6,0x0014A7,0x0014A8,0x0014A9,
0x0014AA,0x0014AB,0x0014AC,0x0014AD,0x0014AE,0x0014AF,0x0014AF,0x0014B0,
0x0014B1,0x0014B2,0x0014B3,0x0014B4,0x0014B5,0x0014B6,0x0014B7,0x0014B8,
0x0014B8,0x0014B9,0x0014BA,0x0014BB,0x0014BC,0x0014BD,0x0014BE,0x0014BF,
0x0014C0,0x0014C1,0x0014C1,0x0014C2,0x0014C3,0x0014C4,0x0014C5,0x0014C6,
0x0014C7,0x0014C8,0x0014C9,0x0014CA,0x0014CA,0x0014CB,0x0014CC,0x0014CD,
0x0014CE,0x0014CF,0x0014D0,0x0014D1,0x0014D2,0x0014D3,0x0014D3,0x0014D4,
0x0014D5,0x0014D6,0x0014D7,0x0014D8,0x0014D9,0x0014DA,0x0014DB,0x0014DC,
0x0014DC,0x0014DD,0x0014DE,0x0014DF,0x0014E0,0x0014E1,0x0014E2,0x0014E3,
0x0014E4,0x0014E5,0x0014E5,0x0014E6,0x0014E7,0x0014E8,0x0014E9,0x0014EA,
0x0014EB,0x0014EC,0x0014ED,0x0014EE,0x0014EF,0x0014EF,0x0014F0,0x0014F1,
0x0014F2,0x0014F3,0x0014F4,0x0014F5,0x0014F6,0x0014F7,0x0014F8,0x0014F9,
0x0014F9,0x0014FA,0x0014FB,0x0014FC,0x0014FD,0x0014FE,0x0014FF,0x001500,
0x001501,0x001502,0x001503,0x001503,0x001504,0x001505,0x001506,0x001507,
0x001508,0x001509,0x00150A,0x00150B,0x00150C,0x00150D,0x00150D,0x00150E,
0x00150F,0x001510,0x001511,0x001512,0x001513,0x001514,0x001515,0x001516,
0x001517,0x001518,0x001518,0x001519,0x00151A,0x00151B,0x00151C,0x00151D,
0x00151E,0x00151F,0x001520,0x001521,0x001522,0x001522,0x001523,0x001524,
0x001525,0x001526,0x001527,0x001528,0x001529,0x00152A,0x00152B,0x00152C,
0x00152D,0x00152D,0x00152E,0x00152F,0x001530,0x001531,0x001532,0x001533,
0x001534,0x001535,0x001536,0x001537,0x001538,0x001539,0x001539,0x00153A,
0x00153B,0x00153C,0x00153D,0x00153E,0x00153F,0x001540,0x001541,0x001542,
0x001543,0x001544,0x001544,0x001545,0x001546,0x001547,0x001548,0x001549,
0x00154A,0x00154B,0x00154C,0x00154D,0x00154E,0x00154F,0x001550,0x001550,
0x001551,0x001552,0x001553,0x001554,0x001555,0x001556,0x001557,0x001558,
0x001559,0x00155A,0x00155B,0x00155C,0x00155C,0x00155D,0x00155E,0x00155F,
0x001560,0x001561,0x001562,0x001563,0x001564,0x001565,0x001566,0x001567,
0x001568,0x001569,0x001569,0x00156A,0x00156B,0x00156C,0x00156D,0x00156E,
0x00156F,0x001570,0x001571,0x001572,0x001573,0x001574,0x001575,0x001576,
0x001576,0x001577,0x001578,0x001579,0x00157A,0x00157B,0x00157C,0x00157D,
0x00157E,0x00157F,0x001580,0x001581,0x001582,0x001583,0x001583,0x001584,
0x001585,0x001586,0x001587,0x001588,0x001589,0x00158A,0x00158B,0x00158C,
0x00158D,0x00158E,0x00158F,0x001590,0x001591,0x001591,0x001592,0x001593,
0x001594,0x001595,0x001596,0x001597,0x001598,0x001599,0x00159A,0x00159B,
0x00159C,0x00159D,0x00159E,0x00159F,0x0015A0,0x0015A0,0x0015A1,0x0015A2,
0x0015A3,0x0015A4,0x0015A5,0x0015A6,0x0015A7,0x0015A8,0x0015A9,0x0015AA,
0x0015AB,0x0015AC,0x0015AD,0x0015AE,0x0015AF,0x0015AF,0x0015B0,0x0015B1,
0x0015B2,0x0015B3,0x0015B4,0x0015B5,0x0015B6,0x0015B7,0x0015B8,0x0015B9,
0x0015BA,0x0015BB,0x0015BC,0x0015BD,0x0015BE,0x0015BF,0x0015BF,0x0015C0,
0x0015C1,0x0015C2,0x0015C3,0x0015C4,0x0015C5,0x0015C6,0x0015C7,0x0015C8,
0x0015C9,0x0015CA,0x0015CB,0x0015CC,0x0015CD,0x0015CE,0x0015CF,0x0015D0,
0x0015D0,0x0015D1,0x0015D2,0x0015D3,0x0015D4,0x0015D5,0x0015D6,0x0015D7,
0x0015D8,0x0015D9,0x0015DA,0x0015DB,0x0015DC,0x0015DD,0x0015DE,0x0015DF,
0x0015E0,0x0015E1,0x0015E1,0x0015E2,0x0015E3,0x0015E4,0x0015E5,0x0015E6,
0x0015E7,0x0015E8,0x0015E9,0x0015EA,0x0015EB,0x0015EC,0x0015ED,0x0015EE,
0x0015EF,0x0015F0,0x0015F1,0x0015F2,0x0015F3,0x0015F4,0x0015F4,0x0015F5,
0x0015F6,0x0015F7,0x0015F8,0x0015F9,0x0015FA,0x0015FB,0x0015FC,0x0015FD,
0x0015FE,0x0015FF,0x001600,0x001601,0x001602,0x001603,0x001604,0x001605,
0x001606,0x001607,0x001608,0x001608,0x001609,0x00160A,0x00160B,0x00160C,
0x00160D,0x00160E,0x00160F,0x001610,0x001611,0x001612,0x001613,0x001614,
0x001615,0x001616,0x001617,0x001618,0x001619,0x00161A,0x00161B,0x00161C,
0x00161D,0x00161E,0x00161E,0x00161F,0x001620,0x001621,0x001622,0x001623,
0x001624,0x001625,0x001626,0x001627,0x001628,0x001629,0x00162A,0x00162B,
0x00162C,0x00162D,0x00162E,0x00162F,0x001630,0x001631,0x001632,0x001633,
0x001634,0x001635,0x001636,0x001637,0x001637,0x001638,0x001639,0x00163A,
0x00163B,0x00163C,0x00163D,0x00163E,0x00163F,0x001640,0x001641,0x001642,
0x001643,0x001644,0x001645,0x001646,0x001647,0x001648,0x001649,0x00164A,
0x00164B,0x00164C,0x00164D,0x00164E,0x00164F,0x001650,0x001651,0x001652,
0x001652,0x001653,0x001654,0x001655,0x001656,0x001657,0x001658,0x001659,
0x00165A,0x00165B,0x00165C,0x00165D,0x00165E,0x00165F,0x001660,0x001661,
0x001662,0x001663,0x001664,0x001665,0x001666,0x001667,0x001668,0x001669,
0x00166A,0x00166B,0x00166C,0x00166D,0x00166E,0x00166F,0x001670,0x001671,
0x001672,0x001672,0x001673,0x001674,0x001675,0x001676,0x001677,0x001678,
0x001679,0x00167A,0x00167B,0x00167C,0x00167D,0x00167E,0x00167F,0x001680,
0x001681,0x001682,0x001683,0x001684,0x001685,0x001686,0x001687,0x001688,
0x001689,0x00168A,0x00168B,0x00168C,0x00168D,0x00168E,0x00168F,0x001690,
0x001691,0x001692,0x001693,0x001694,0x001695,0x001696,0x001697,0x001698,
0x001699,0x00169A,0x00169A,0x00169B,0x00169C,0x00169D,0x00169E,0x00169F,
0x0016A0,0x0016A1,0x0016A2,0x0016A3,0x0016A4,0x0016A5,0x0016A6,0x0016A7,
0x0016A8,0x0016A9,0x0016AA,0x0016AB,0x0016AC,0x0016AD,0x0016AE,0x0016AF,
0x0016B0,0x0016B1,0x0016B2,0x0016B3,0x0016B4,0x0016B5,0x0016B6,0x0016B7,
0x0016B8,0x0016B9,0x0016BA,0x0016BB,0x0016BC,0x0016BD,0x0016BE,0x0016BF,
0x0016C0,0x0016C1,0x0016C2,0x0016C3,0x0016C4,0x0016C5,0x0016C6,0x0016C7,
0x0016C8,0x0016C9,0x0016CA,0x0016CB,0x0016CC,0x0016CD,0x0016CE,0x0016CF,
0x0016D0,0x0016D1,0x0016D2,0x0016D3,0x0016D4,0x0016D5,0x0016D6,0x0016D7,
0x0016D8,0x0016D9,0x0016DA,0x0016DA,0x0016DB,0x0016DC,0x0016DD,0x0016DE,
0x0016DF,0x0016E0,0x0016E1,0x0016E2,0x0016E3,0x0016E4,0x0016E5,0x0016E6,
0x0016E7,0x0016E8,0x0016E9,0x0016EA,0x0016EB,0x0016EC,0x0016ED,0x0016EE,
0x0016EF,0x0016F0,0x0016F1,0x0016F2,0x0016F3,0x0016F4,0x0016F5,0x0016F6,
0x0016F7,0x0016F8,0x0016F9,0x0016FA,0x0016FB,0x0016FC,0x0016FD,0x0016FE,
0x0016FF,0x001700,0x001701,0x001702,0x001703,0x001704,0x001705,0x001706,
0x001707,0x001708,0x001709,0x00170A,0x00170B,0x00170C,0x00170D,0x00170E,
0x00170F,0x001710,0x001711,0x001712,0x001713,0x001714,0x001715,0x001716,
0x001717,0x001718,0x001719,0x00171A,0x00171B,0x00171C,0x00171D,0x00171E,
0x00171F,0x001720,0x001721,0x001722,0x001723,0x001724,0x001725,0x001726,
0x001727,0x001728,0x001729,0x00172A,0x00172B,0x00172C,0x00172D,0x00172E,
0x00172F,0x001730,0x001731,0x001732,0x001733,0x001734,0x001735,0x001736,
0x001737,0x001738,0x001739,0x00173A,0x00173B,0x00173C,0x00173D,0x00173E,
0x00173F,0x001740,0x001741,0x001742,0x001743,0x001744,0x001745,0x001746,
0x001747,0x001748,0x001749,0x00174A,0x00174B,0x00174C,0x00174D,0x00174E,
0x00174F,0x001750,0x001752,0x001753,0x001754,0x001755,0x001756,0x001757,
0x001758,0x001759,0x00175A,0x00175B,0x00175C,0x00175D,0x00175E,0x00175F,
0x001760,0x001761,0x001762,0x001763,0x001764,0x001765,0x001766,0x001767,
0x001768,0x001769,0x00176A,0x00176B,0x00176C,0x00176D,0x00176E,0x00176F,
0x001770,0x001771,0x001772,0x001773,0x001774,0x001775,0x001776,0x001777,
0x001778,0x001779,0x00177A,0x00177B,0x00177C,0x00177D,0x00177E,0x00177F,
0x001780,0x001781,0x001782,0x001783,0x001784,0x001785,0x001786,0x001787,
0x001788,0x001789,0x00178A,0x00178B,0x00178C,0x00178D,0x00178E,0x00178F,
0x001790,0x001791,0x001793,0x001794,0x001795,0x001796,0x001797,0x001798,
0x001799,0x00179A,0x00179B,0x00179C,0x00179D,0x00179E,0x00179F,0x0017A0,
0x0017A1,0x0017A2,0x0017A3,0x0017A4,0x0017A5,0x0017A6,0x0017A7,0x0017A8,
0x0017A9,0x0017AA,0x0017AB,0x0017AC,0x0017AD,0x0017AE,0x0017AF,0x0017B0,
0x0017B1,0x0017B2,0x0017B3,0x0017B4,0x0017B5,0x0017B6,0x0017B7,0x0017B8,
0x0017B9,0x0017BA,0x0017BC,0x0017BD,0x0017BE,0x0017BF,0x0017C0,0x0017C1,
0x0017C2,0x0017C3,0x0017C4,0x0017C5,0x0017C6,0x0017C7,0x0017C8,0x0017C9,
0x0017CA,0x0017CB,0x0017CC,0x0017CD,0x0017CE,0x0017CF,0x0017D0,0x0017D1,
0x0017D2,0x0017D3,0x0017D4,0x0017D5,0x0017D6,0x0017D7,0x0017D8,0x0017D9,
0x0017DA,0x0017DB,0x0017DC,0x0017DE,0x0017DF,0x0017E0,0x0017E1,0x0017E2,
0x0017E3,0x0017E4,0x0017E5,0x0017E6,0x0017E7,0x0017E8,0x0017E9,0x0017EA,
0x0017EB,0x0017EC,0x0017ED,0x0017EE,0x0017EF,0x0017F0,0x0017F1,0x0017F2,
0x0017F3,0x0017F4,0x0017F5,0x0017F6,0x0017F7,0x0017F8,0x0017FA,0x0017FB,
0x0017FC,0x0017FD,0x0017FE,0x0017FF,0x001800,0x001801,0x001802,0x001803,
0x001804,0x001805,0x001806,0x001807,0x001808,0x001809,0x00180A,0x00180B,
0x00180C,0x00180D,0x00180E,0x00180F,0x001810,0x001811,0x001812,0x001814,
0x001815,0x001816,0x001817,0x001818,0x001819,0x00181A,0x00181B,0x00181C,
0x00181D,0x00181E,0x00181F,0x001820,0x001821,0x001822,0x001823,0x001824,
0x001825,0x001826,0x001827,0x001828,0x001829,0x00182B,0x00182C,0x00182D,
0x00182E,0x00182F,0x001830,0x001831,0x001832,0x001833,0x001834,0x001835,
0x001836,0x001837,0x001838,0x001839,0x00183A,0x00183B,0x00183C,0x00183D,
0x00183E,0x00183F,0x001841,0x001842,0x001843,0x001844,0x001845,0x001846,
0x001847,0x001848,0x001849,0x00184A,0x00184B,0x00184C,0x00184D,0x00184E,
0x00184F,0x001850,0x001851,0x001852,0x001853,0x001855,0x001856,0x001857,
0x001858,0x001859,0x00185A,0x00185B,0x00185C,0x00185D,0x00185E,0x00185F,
0x001860,0x001861,0x001862,0x001863,0x001864,0x001865,0x001866,0x001868,
0x001869,0x00186A,0x00186B,0x00186C,0x00186D,0x00186E,0x00186F,0x001870,
0x001871,0x001872,0x001873,0x001874,0x001875,0x001876,0x001877,0x001878,
0x00187A,0x00187B,0x00187C,0x00187D,0x00187E,0x00187F,0x001880,0x001881,
0x001882,0x001883,0x001884,0x001885,0x001886,0x001887,0x001888,0x001889,
0x00188B,0x00188C,0x00188D,0x00188E,0x00188F,0x001890,0x001891,0x001892,
0x001893,0x001894,0x001895,0x001896,0x001897,0x001898,0x001899,0x00189A,
0x00189C,0x00189D,0x00189E,0x00189F,0x0018A0,0x0018A1,0x0018A2,0x0018A3,
0x0018A4,0x0018A5,0x0018A6,0x0018A7,0x0018A8,0x0018A9,0x0018AB,0x0018AC,
0x0018AD,0x0018AE,0x0018AF,0x0018B0,0x0018B1,0x0018B2,0x0018B3,0x0018B4,
0x0018B5,0x0018B6,0x0018B7,0x0018B8,0x0018B9,0x0018BB,0x0018BC,0x0018BD,
0x0018BE,0x0018BF,0x0018C0,0x0018C1,0x0018C2,0x0018C3,0x0018C4,0x0018C5,
0x0018C6,0x0018C7,0x0018C9,0x0018CA,0x0018CB,0x0018CC,0x0018CD,0x0018CE,
0x0018CF,0x0018D0,0x0018D1,0x0018D2,0x0018D3,0x0018D4,0x0018D5,0x0018D6,
0x0018D8,0x0018D9,0x0018DA,0x0018DB,0x0018DC,0x0018DD,0x0018DE,0x0018DF,
0x0018E0,0x0018E1,0x0018E2,0x0018E3,0x0018E4,0x0018E6,0x0018E7,0x0018E8,
0x0018E9,0x0018EA,0x0018EB,0x0018EC,0x0018ED,0x0018EE,0x0018EF,0x0018F0,
0x0018F1,0x0018F3,0x0018F4,0x0018F5,0x0018F6,0x0018F7,0x0018F8,0x0018F9,
0x0018FA,0x0018FB,0x0018FC,0x0018FD,0x0018FE,0x0018FF,0x001901,0x001902,
0x001903,0x001904,0x001905,0x001906,0x001907,0x001908,0x001909,0x00190A,
0x00190B,0x00190D,0x00190E,0x00190F,0x001910,0x001911,0x001912,0x001913,
0x001914,0x001915,0x001916,0x001917,0x001918,0x00191A,0x00191B,0x00191C,
0x00191D,0x00191E,0x00191F,0x001920,0x001921,0x001922,0x001923,0x001924,
0x001926,0x001927,0x001928,0x001929,0x00192A,0x00192B,0x00192C,0x00192D,
0x00192E,0x00192F,0x001930,0x001932,0x001933,0x001934,0x001935,0x001936,
0x001937,0x001938,0x001939,0x00193A,0x00193B,0x00193C,0x00193E,0x00193F,
0x001940,0x001941,0x001942,0x001943,0x001944,0x001945,0x001946,0x001947,
0x001948,0x00194A,0x00194B,0x00194C,0x00194D,0x00194E,0x00194F,0x001950,
0x001951,0x001952,0x001953,0x001955,0x001956,0x001957,0x001958,0x001959,
0x00195A,0x00195B,0x00195C,0x00195D,0x00195E,0x001960,0x001961,0x001962,
0x001963,0x001964,0x001965,0x001966,0x001967,0x001968,0x001969,0x00196B,
0x00196C,0x00196D,0x00196E,0x00196F,0x001970,0x001971,0x001972,0x001973,
0x001974,0x001976,0x001977,0x001978,0x001979,0x00197A,0x00197B,0x00197C,
0x00197D,0x00197E,0x00197F,0x001981,0x001982,0x001983,0x001984,0x001985,
0x001986,0x001987,0x001988,0x001989,0x00198B,0x00198C,0x00198D,0x00198E,
0x00198F,0x001990,0x001991,0x001992,0x001993,0x001994,0x001996,0x001997,
0x001998,0x001999,0x00199A,0x00199B,0x00199C,0x00199D,0x00199E,0x0019A0,
0x0019A1,0x0019A2,0x0019A3,0x0019A4,0x0019A5,0x0019A6,0x0019A7,0x0019A8,
0x0019AA,0x0019AB,0x0019AC,0x0019AD,0x0019AE,0x0019AF,0x0019B0,0x0019B1,
0x0019B2,0x0019B4,0x0019B5,0x0019B6,0x0019B7,0x0019B8,0x0019B9,0x0019BA,
0x0019BB,0x0019BD,0x0019BE,0x0019BF,0x0019C0,0x0019C1,0x0019C2,0x0019C3,
0x0019C4,0x0019C5,0x0019C7,0x0019C8,0x0019C9,0x0019CA,0x0019CB,0x0019CC,
0x0019CD,0x0019CE,0x0019CF,0x0019D1,0x0019D2,0x0019D3,0x0019D4,0x0019D5,
0x0019D6,0x0019D7,0x0019D8,0x0019DA,0x0019DB,0x0019DC,0x0019DD,0x0019DE,
0x0019DF,0x0019E0,0x0019E1,0x0019E3,0x0019E4,0x0019E5,0x0019E6,0x0019E7,
0x0019E8,0x0019E9,0x0019EA,0x0019EC,0x0019ED,0x0019EE,0x0019EF,0x0019F0,
0x0019F1,0x0019F2,0x0019F3,0x0019F4,0x0019F6,0x0019F7,0x0019F8,0x0019F9,
0x0019FA,0x0019FB,0x0019FC,0x0019FD,0x0019FF,0x001A00,0x001A01,0x001A02,
0x001A03,0x001A04,0x001A05,0x001A07,0x001A08,0x001A09,0x001A0A,0x001A0B,
0x001A0C,0x001A0D,0x001A0E,0x001A10,0x001A11,0x001A12,0x001A13,0x001A14,
0x001A15,0x001A16,0x001A17,0x001A19,0x001A1A,0x001A1B,0x001A1C,0x001A1D,
0x001A1E,0x001A1F,0x001A20,0x001A22,0x001A23,0x001A24,0x001A25,0x001A26,
0x001A27,0x001A28,0x001A2A,0x001A2B,0x001A2C,0x001A2D,0x001A2E,0x001A2F,
0x001A30,0x001A31,0x001A33,0x001A34,0x001A35,0x001A36,0x001A37,0x001A38,
0x001A39,0x001A3B,0x001A3C,0x001A3D,0x001A3E,0x001A3F,0x001A40,0x001A41,
0x001A43,0x001A44,0x001A45,0x001A46,0x001A47,0x001A48,0x001A49,0x001A4B,
0x001A4C,0x001A4D,0x001A4E,0x001A4F,0x001A50,0x001A51,0x001A52,0x001A54,
0x001A55,0x001A56,0x001A57,0x001A58,0x001A59,0x001A5A,0x001A5C,0x001A5D,
0x001A5E,0x001A5F,0x001A60,0x001A61,0x001A62,0x001A64,0x001A65,0x001A66,
0x001A67,0x001A68,0x001A69,0x001A6A,0x001A6C,0x001A6D,0x001A6E,0x001A6F,
0x001A70,0x001A71,0x001A72,0x001A74,0x001A75,0x001A76,0x001A77,0x001A78,
0x001A79,0x001A7B,0x001A7C,0x001A7D,0x001A7E,0x001A7F,0x001A80,0x001A81,
0x001A83,0x001A84,0x001A85,0x001A86,0x001A87,0x001A88,0x001A89,0x001A8B,
0x001A8C,0x001A8D,0x001A8E,0x001A8F,0x001A90,0x001A91,0x001A93,0x001A94,
0x001A95,0x001A96,0x001A97,0x001A98,0x001A9A,0x001A9B,0x001A9C,0x001A9D,
0x001A9E,0x001A9F,0x001AA0,0x001AA2,0x001AA3,0x001AA4,0x001AA5,0x001AA6,
0x001AA7,0x001AA9,0x001AAA,0x001AAB,0x001AAC,0x001AAD,0x001AAE,0x001AAF,
0x001AB1,0x001AB2,0x001AB3,0x001AB4,0x001AB5,0x001AB6,0x001AB8,0x001AB9,
0x001ABA,0x001ABB,0x001ABC,0x001ABD,0x001ABF,0x001AC0,0x001AC1,0x001AC2,
0x001AC3,0x001AC4,0x001AC5,0x001AC7,0x001AC8,0x001AC9,0x001ACA,0x001ACB,
0x001ACC,0x001ACE,0x001ACF,0x001AD0,0x001AD1,0x001AD2,0x001AD3,0x001AD5,
0x001AD6,0x001AD7,0x001AD8,0x001AD9,0x001ADA,0x001ADC,0x001ADD,0x001ADE,
0x001ADF,0x001AE0,0x001AE1,0x001AE3,0x001AE4,0x001AE5,0x001AE6,0x001AE7,
0x001AE8,0x001AEA,0x001AEB,0x001AEC,0x001AED,0x001AEE,0x001AEF,0x001AF1,
0x001AF2,0x001AF3,0x001AF4,0x001AF5,0x001AF6,0x001AF8,0x001AF9,0x001AFA,
0x001AFB,0x001AFC,0x001AFD,0x001AFF,0x001B00,0x001B01,0x001B02,0x001B03,
0x001B04,0x001B06,0x001B07,0x001B08,0x001B09,0x001B0A,0x001B0B,0x001B0D,
0x001B0E,0x001B0F,0x001B10,0x001B11,0x001B12,0x001B14,0x001B15,0x001B16,
0x001B17,0x001B18,0x001B1A,0x001B1B,0x001B1C,0x001B1D,0x001B1E,0x001B1F,
0x001B21,0x001B22,0x001B23,0x001B24,0x001B25,0x001B26,0x001B28,0x001B29,
0x001B2A,0x001B2B,0x001B2C,0x001B2D,0x001B2F,0x001B30,0x001B31,0x001B32,
0x001B33,0x001B35,0x001B36,0x001B37,0x001B38,0x001B39,0x001B3A,0x001B3C,
0x001B3D,0x001B3E,0x001B3F,0x001B40,0x001B42,0x001B43,0x001B44,0x001B45,
0x001B46,0x001B47,0x001B49,0x001B4A,0x001B4B,0x001B4C,0x001B4D,0x001B4F,
0x001B50,0x001B51,0x001B52,0x001B53,0x001B54,0x001B56,0x001B57,0x001B58,
0x001B59,0x001B5A,0x001B5C,0x001B5D,0x001B5E,0x001B5F,0x001B60,0x001B61,
0x001B63,0x001B64,0x001B65,0x001B66,0x001B67,0x001B69,0x001B6A,0x001B6B,
0x001B6C,0x001B6D,0x001B6F,0x001B70,0x001B71,0x001B72,0x001B73,0x001B75,
0x001B76,0x001B77,0x001B78,0x001B79,0x001B7A,0x001B7C,0x001B7D,0x001B7E,
0x001B7F,0x001B80,0x001B82,0x001B83,0x001B84,0x001B85,0x001B86,0x001B88,
0x001B89,0x001B8A,0x001B8B,0x001B8C,0x001B8E,0x001B8F,0x001B90,0x001B91,
0x001B92,0x001B93,0x001B95,0x001B96,0x001B97,0x001B98,0x001B99,0x001B9B,
0x001B9C,0x001B9D,0x001B9E,0x001B9F,0x001BA1,0x001BA2,0x001BA3,0x001BA4,
0x001BA5,0x001BA7,0x001BA8,0x001BA9,0x001BAA,0x001BAB,0x001BAD,0x001BAE,
0x001BAF,0x001BB0,0x001BB1,0x001BB3,0x001BB4,0x001BB5,0x001BB6,0x001BB7,
0x001BB9,0x001BBA,0x001BBB,0x001BBC,0x001BBD,0x001BBF,0x001BC0,0x001BC1,
0x001BC2,0x001BC3,0x001BC5,0x001BC6,0x001BC7,0x001BC8,0x001BC9,0x001BCB,
0x001BCC,0x001BCD,0x001BCE,0x001BCF,0x001BD1,0x001BD2,0x001BD3,0x001BD4,
0x001BD6,0x001BD7,0x001BD8,0x001BD9,0x001BDA,0x001BDC,0x001BDD,0x001BDE,
0x001BDF,0x001BE0,0x001BE2,0x001BE3,0x001BE4,0x001BE5,0x001BE6,0x001BE8,
0x001BE9,0x001BEA,0x001BEB,0x001BEC,0x001BEE,0x001BEF,0x001BF0,0x001BF1,
0x001BF3,0x001BF4,0x001BF5,0x001BF6,0x001BF7,0x001BF9,0x001BFA,0x001BFB,
0x001BFC,0x001BFD,0x001BFF,0x001C00,0x001C01,0x001C02,0x001C03,0x001C05,
0x001C06,0x001C07,0x001C08,0x001C0A,0x001C0B,0x001C0C,0x001C0D,0x001C0E,
0x001C10,0x001C11,0x001C12,0x001C13,0x001C14,0x001C16,0x001C17,0x001C18,
0x001C19,0x001C1B,0x001C1C,0x001C1D,0x001C1E,0x001C1F,0x001C21,0x001C22,
0x001C23,0x001C24,0x001C26,0x001C27,0x001C28,0x001C29,0x001C2A,0x001C2C,
0x001C2D,0x001C2E,0x001C2F,0x001C31,0x001C32,0x001C33,0x001C34,0x001C35,
0x001C37,0x001C38,0x001C39,0x001C3A,0x001C3C,0x001C3D,0x001C3E,0x001C3F,
0x001C40,0x001C42,0x001C43,0x001C44,0x001C45,0x001C47,0x001C48,0x001C49,
0x001C4A,0x001C4B,0x001C4D,0x001C4E,0x001C4F,0x001C50,0x001C52,0x001C53,
0x001C54,0x001C55,0x001C56,0x001C58,0x001C59,0x001C5A,0x001C5B,0x001C5D,
0x001C5E,0x001C5F,0x001C60,0x001C62,0x001C63,0x001C64,0x001C65,0x001C66,
0x001C68,0x001C69,0x001C6A,0x001C6B,0x001C6D,0x001C6E,0x001C6F,0x001C70,
0x001C72,0x001C73,0x001C74,0x001C75,0x001C76,0x001C78,0x001C79,0x001C7A,
0x001C7B,0x001C7D,0x001C7E,0x001C7F,0x001C80,0x001C82,0x001C83,0x001C84,
0x001C85,0x001C87,0x001C88,0x001C89,0x001C8A,0x001C8B,0x001C8D,0x001C8E,
0x001C8F,0x001C90,0x001C92,0x001C93,0x001C94,0x001C95,0x001C97,0x001C98,
0x001C99,0x001C9A,0x001C9C,0x001C9D,0x001C9E,0x001C9F,0x001CA1,0x001CA2,
0x001CA3,0x001CA4,0x001CA5,0x001CA7,0x001CA8,0x001CA9,0x001CAA,0x001CAC,
0x001CAD,0x001CAE,0x001CAF,0x001CB1,0x001CB2,0x001CB3,0x001CB4,0x001CB6,
0x001CB7,0x001CB8,0x001CB9,0x001CBB,0x001CBC,0x001CBD,0x001CBE,0x001CC0,
0x001CC1,0x001CC2,0x001CC3,0x001CC5,0x001CC6,0x001CC7,0x001CC8,0x001CCA,
0x001CCB,0x001CCC,0x001CCD,0x001CCF,0x001CD0,0x001CD1,0x001CD2,0x001CD4,
0x001CD5,0x001CD6,0x001CD7,0x001CD9,0x001CDA,0x001CDB,0x001CDC,0x001CDE,
0x001CDF,0x001CE0,0x001CE1,0x001CE3,0x001CE4,0x001CE5,0x001CE6,0x001CE8,
0x001CE9,0x001CEA,0x001CEB,0x001CED,0x001CEE,0x001CEF,0x001CF0,0x001CF2,
0x001CF3,0x001CF4,0x001CF5,0x001CF7,0x001CF8,0x001CF9,0x001CFA,0x001CFC,
0x001CFD,0x001CFE,0x001CFF,0x001D01,0x001D02,0x001D03,0x001D04,0x001D06,
0x001D07,0x001D08,0x001D09,0x001D0B,0x001D0C,0x001D0D,0x001D0E,0x001D10,
0x001D11,0x001D12,0x001D14,0x001D15,0x001D16,0x001D17,0x001D19,0x001D1A,
0x001D1B,0x001D1C,0x001D1E,0x001D1F,0x001D20,0x001D21,0x001D23,0x001D24,
0x001D25,0x001D26,0x001D28,0x001D29,0x001D2A,0x001D2B,0x001D2D,0x001D2E,
0x001D2F,0x001D31,0x001D32,0x001D33,0x001D34,0x001D36,0x001D37,0x001D38,
0x001D39,0x001D3B,0x001D3C,0x001D3D,0x001D3E,0x001D40,0x001D41,0x001D42,
0x001D44,0x001D45,0x001D46,0x001D47,0x001D49,0x001D4A,0x001D4B,0x001D4C,
0x001D4E,0x001D4F,0x001D50,0x001D51,0x001D53,0x001D54,0x001D55,0x001D57,
0x001D58,0x001D59,0x001D5A,0x001D5C,0x001D5D,0x001D5E,0x001D5F,0x001D61,
0x001D62,0x001D63,0x001D65,0x001D66,0x001D67,0x001D68,0x001D6A,0x001D6B,
0x001D6C,0x001D6D,0x001D6F,0x001D70,0x001D71,0x001D73,0x001D74,0x001D75,
0x001D76,0x001D78,0x001D79,0x001D7A,0x001D7C,0x001D7D,0x001D7E,0x001D7F,
0x001D81,0x001D82,0x001D83,0x001D84,0x001D86,0x001D87,0x001D88,0x001D8A,
0x001D8B,0x001D8C,0x001D8D,0x001D8F,0x001D90,0x001D91,0x001D93,0x001D94,
0x001D95,0x001D96,0x001D98,0x001D99,0x001D9A,0x001D9C,0x001D9D,0x001D9E,
0x001D9F,0x001DA1,0x001DA2,0x001DA3,0x001DA5,0x001DA6,0x001DA7,0x001DA8,
0x001DAA,0x001DAB,0x001DAC,0x001DAE,0x001DAF,0x001DB0,0x001DB1,0x001DB3,
0x001DB4,0x001DB5,0x001DB7,0x001DB8,0x001DB9,0x001DBA,0x001DBC,0x001DBD,
0x001DBE,0x001DC0,0x001DC1,0x001DC2,0x001DC3,0x001DC5,0x001DC6,0x001DC7,
0x001DC9,0x001DCA,0x001DCB,0x001DCC,0x001DCE,0x001DCF,0x001DD0,0x001DD2,
0x001DD3,0x001DD4,0x001DD5,0x001DD7,0x001DD8,0x001DD9,0x001DDB,0x001DDC,
0x001DDD,0x001DDF,0x001DE0,0x001DE1,0x001DE2,0x001DE4,0x001DE5,0x001DE6,
0x001DE8,0x001DE9,0x001DEA,0x001DEB,0x001DED,0x001DEE,0x001DEF,0x001DF1,
0x001DF2,0x001DF3,0x001DF5,0x001DF6,0x001DF7,0x001DF8,0x001DFA,0x001DFB,
0x001DFC,0x001DFE,0x001DFF,0x001E00,0x001E02,0x001E03,0x001E04,0x001E05,
0x001E07,0x001E08,0x001E09,0x001E0B,0x001E0C,0x001E0D,0x001E0F,0x001E10,
0x001E11,0x001E12,0x001E14,0x001E15,0x001E16,0x001E18,0x001E19,0x001E1A,
0x001E1C,0x001E1D,0x001E1E,0x001E1F,0x001E21,0x001E22,0x001E23,0x001E25,
0x001E26,0x001E27,0x001E29,0x001E2A,0x001E2B,0x001E2D,0x001E2E,0x001E2F,
0x001E30,0x001E32,0x001E33,0x001E34,0x001E36,0x001E37,0x001E38,0x001E3A,
0x001E3B,0x001E3C,0x001E3E,0x001E3F,0x001E40,0x001E42,0x001E43,0x001E44,
0x001E45,0x001E47,0x001E48,0x001E49,0x001E4B,0x001E4C,0x001E4D,0x001E4F,
0x001E50,0x001E51,0x001E53,0x001E54,0x001E55,0x001E57,0x001E58,0x001E59,
0x001E5A,0x001E5C,0x001E5D,0x001E5E,0x001E60,0x001E61,0x001E62,0x001E64,
0x001E65,0x001E66,0x001E68,0x001E69,0x001E6A,0x001E6C,0x001E6D,0x001E6E,
0x001E70,0x001E71,0x001E72,0x001E73,0x001E75,0x001E76,0x001E77,0x001E79,
0x001E7A,0x001E7B,0x001E7D,0x001E7E,0x001E7F,0x001E81,0x001E82,0x001E83,
0x001E85,0x001E86,0x001E87,0x001E89,0x001E8A,0x001E8B,0x001E8D,0x001E8E,
0x001E8F,0x001E91,0x001E92,0x001E93,0x001E95,0x001E96,0x001E97,0x001E98,
0x001E9A,0x001E9B,0x001E9C,0x001E9E,0x001E9F,0x001EA0,0x001EA2,0x001EA3,
0x001EA4,0x001EA6,0x001EA7,0x001EA8,0x001EAA,0x001EAB,0x001EAC,0x001EAE,
0x001EAF,0x001EB0,0x001EB2,0x001EB3,0x001EB4,0x001EB6,0x001EB7,0x001EB8,
0x001EBA,0x001EBB,0x001EBC,0x001EBE,0x001EBF,0x001EC0,0x001EC2,0x001EC3,
0x001EC4,0x001EC6,0x001EC7,0x001EC8,0x001ECA,0x001ECB,0x001ECC,0x001ECE,
0x001ECF,0x001ED0,0x001ED2,0x001ED3,0x001ED4,0x001ED6,0x001ED7,0x001ED8,
0x001EDA,0x001EDB,0x001EDC,0x001EDE,0x001EDF,0x001EE0,0x001EE2,0x001EE3,
0x001EE4,0x001EE6,0x001EE7,0x001EE8,0x001EEA,0x001EEB,0x001EEC,0x001EEE,
0x001EEF,0x001EF0,0x001EF2,0x001EF3,0x001EF4,0x001EF6,0x001EF7,0x001EF9,
0x001EFA,0x001EFB,0x001EFD,0x001EFE,0x001EFF,0x001F01,0x001F02,0x001F03,
0x001F05,0x001F06,0x001F07,0x001F09,0x001F0A,0x001F0B,0x001F0D,0x001F0E,
0x001F0F,0x001F11,0x001F12,0x001F13,0x001F15,0x001F16,0x001F17,0x001F19,
0x001F1A,0x001F1B,0x001F1D,0x001F1E,0x001F20,0x001F21,0x001F22,0x001F24,
0x001F25,0x001F26,0x001F28,0x001F29,0x001F2A,0x001F2C,0x001F2D,0x001F2E,
0x001F30,0x001F31,0x001F32,0x001F34,0x001F35,0x001F36,0x001F38,0x001F39,
0x001F3B,0x001F3C,0x001F3D,0x001F3F,0x001F40,0x001F41,0x001F43,0x001F44,
0x001F45,0x001F47,0x001F48,0x001F49,0x001F4B,0x001F4C,0x001F4D,0x001F4F,
0x001F50,0x001F52,0x001F53,0x001F54,0x001F56,0x001F57,0x001F58,0x001F5A,
0x001F5B,0x001F5C,0x001F5E,0x001F5F,0x001F61,0x001F62,0x001F63,0x001F65,
0x001F66,0x001F67,0x001F69,0x001F6A,0x001F6B,0x001F6D,0x001F6E,0x001F6F,
0x001F71,0x001F72,0x001F74,0x001F75,0x001F76,0x001F78,0x001F79,0x001F7A,
0x001F7C,0x001F7D,0x001F7E,0x001F80,0x001F81,0x001F83,0x001F84,0x001F85,
0x001F87,0x001F88,0x001F89,0x001F8B,0x001F8C,0x001F8D,0x001F8F,0x001F90,
0x001F92,0x001F93,0x001F94,0x001F96,0x001F97,0x001F98,0x001F9A,0x001F9B,
0x001F9D,0x001F9E,0x001F9F,0x001FA1,0x001FA2,0x001FA3,0x001FA5,0x001FA6,
0x001FA8,0x001FA9,0x001FAA,0x001FAC,0x001FAD,0x001FAE,0x001FB0,0x001FB1,
0x001FB2,0x001FB4,0x001FB5,0x001FB7,0x001FB8,0x001FB9,0x001FBB,0x001FBC,
0x001FBD,0x001FBF,0x001FC0,0x001FC2,0x001FC3,0x001FC4,0x001FC6,0x001FC7,
0x001FC8,0x001FCA,0x001FCB,0x001FCD,0x001FCE,0x001FCF,0x001FD1,0x001FD2,
0x001FD4,0x001FD5,0x001FD6,0x001FD8,0x001FD9,0x001FDA,0x001FDC,0x001FDD,
0x001FDF,0x001FE0,0x001FE1,0x001FE3,0x001FE4,0x001FE5,0x001FE7,0x001FE8,
0x001FEA,0x001FEB,0x001FEC,0x001FEE,0x001FEF,0x001FF1,0x001FF2,0x001FF3,
0x001FF5,0x001FF6,0x001FF7,0x001FF9,0x001FFA,0x001FFC,0x001FFD,0x001FFE,
0x002000,0x002001,0x002003,0x002004,0x002006,0x002007,0x002008,0x00200A,
0x00200B,0x00200C,0x00200E,0x00200F,0x002011,0x002012,0x002013,0x002015,
0x002016,0x002018,0x002019,0x00201A,0x00201C,0x00201D,0x00201F,0x002020,
0x002021,0x002023,0x002024,0x002026,0x002027,0x002028,0x00202A,0x00202B,
0x00202C,0x00202E,0x00202F,0x002031,0x002032,0x002033,0x002035,0x002036,
0x002038,0x002039,0x00203A,0x00203C,0x00203D,0x00203F,0x002040,0x002041,
0x002043,0x002044,0x002046,0x002047,0x002048,0x00204A,0x00204B,0x00204D,
0x00204E,0x00204F,0x002051,0x002052,0x002054,0x002055,0x002056,0x002058,
0x002059,0x00205B,0x00205C,0x00205D,0x00205F,0x002060,0x002062,0x002063,
0x002064,0x002066,0x002067,0x002069,0x00206A,0x00206B,0x00206D,0x00206E,
0x002070,0x002071,0x002072,0x002074,0x002075,0x002077,0x002078,0x00207A,
0x00207B,0x00207C,0x00207E,0x00207F,0x002081,0x002082,0x002083,0x002085,
0x002086,0x002088,0x002089,0x00208A,0x00208C,0x00208D,0x00208F,0x002090,
0x002091,0x002093,0x002094,0x002096,0x002097,0x002099,0x00209A,0x00209B,
0x00209D,0x00209E,0x0020A0,0x0020A1,0x0020A2,0x0020A4,0x0020A5,0x0020A7,
0x0020A8,0x0020A9,0x0020AB,0x0020AC,0x0020AE,0x0020AF,0x0020B1,0x0020B2,
0x0020B3,0x0020B5,0x0020B6,0x0020B8,0x0020B9,0x0020BA,0x0020BC,0x0020BD,
0x0020BF,0x0020C0,0x0020C2,0x0020C3,0x0020C4,0x0020C6,0x0020C7,0x0020C9,
0x0020CA,0x0020CB,0x0020CD,0x0020CE,0x0020D0,0x0020D1,0x0020D3,0x0020D4,
0x0020D5,0x0020D7,0x0020D8,0x0020DA,0x0020DB,0x0020DD,0x0020DE,0x0020DF,
0x0020E1,0x0020E2,0x0020E4,0x0020E5,0x0020E7,0x0020E8,0x0020E9,0x0020EB,
0x0020EC,0x0020EE,0x0020EF,0x0020F1,0x0020F2,0x0020F3,0x0020F5,0x0020F6,
0x0020F8,0x0020F9,0x0020FB,0x0020FC,0x0020FD,0x0020FF,0x002100,0x002102,
0x002103,0x002105,0x002106,0x002107,0x002109,0x00210A,0x00210C,0x00210D,
0x00210F,0x002110,0x002111,0x002113,0x002114,0x002116,0x002117,0x002119,
0x00211A,0x00211B,0x00211D,0x00211E,0x002120,0x002121,0x002123,0x002124,
0x002125,0x002127,0x002128,0x00212A,0x00212B,0x00212D,0x00212E,0x002130,
0x002131,0x002132,0x002134,0x002135,0x002137,0x002138,0x00213A,0x00213B,
0x00213C,0x00213E,0x00213F,0x002141,0x002142,0x002144,0x002145,0x002147,
0x002148,0x002149,0x00214B,0x00214C,0x00214E,0x00214F,0x002151,0x002152,
0x002154,0x002155,0x002156,0x002158,0x002159,0x00215B,0x00215C,0x00215E,
0x00215F,0x002161,0x002162,0x002163,0x002165,0x002166,0x002168,0x002169,
0x00216B,0x00216C,0x00216E,0x00216F,0x002170,0x002172,0x002173,0x002175,
0x002176,0x002178,0x002179,0x00217B,0x00217C,0x00217E,0x00217F,0x002180,
0x002182,0x002183,0x002185,0x002186,0x002188,0x002189,0x00218B,0x00218C,
0x00218E,0x00218F,0x002190,0x002192,0x002193,0x002195,0x002196,0x002198,
0x002199,0x00219B,0x00219C,0x00219E,0x00219F,0x0021A0,0x0021A2,0x0021A3,
0x0021A5,0x0021A6,0x0021A8,0x0021A9,0x0021AB,0x0021AC,0x0021AE,0x0021AF,
0x0021B0,0x0021B2,0x0021B3,0x0021B5,0x0021B6,0x0021B8,0x0021B9,0x0021BB,
0x0021BC,0x0021BE,0x0021BF,0x0021C1,0x0021C2,0x0021C3,0x0021C5,0x0021C6,
0x0021C8,0x0021C9,0x0021CB,0x0021CC,0x0021CE,0x0021CF,0x0021D1,0x0021D2,
0x0021D4,0x0021D5,0x0021D6,0x0021D8,0x0021D9,0x0021DB,0x0021DC,0x0021DE,
0x0021DF,0x0021E1,0x0021E2,0x0021E4,0x0021E5,0x0021E7,0x0021E8,0x0021EA,
0x0021EB,0x0021ED,0x0021EE,0x0021EF,0x0021F1,0x0021F2,0x0021F4,0x0021F5,
0x0021F7,0x0021F8,0x0021FA,0x0021FB,0x0021FD,0x0021FE,0x002200,0x002201,
0x002203,0x002204,0x002206,0x002207,0x002208,0x00220A,0x00220B,0x00220D,
0x00220E,0x002210,0x002211,0x002213,0x002214,0x002216,0x002217,0x002219,
0x00221A,0x00221C,0x00221D,0x00221F,0x002220,0x002222,0x002223,0x002225,
0x002226,0x002227,0x002229,0x00222A,0x00222C,0x00222D,0x00222F,0x002230,
0x002232,0x002233,0x002235,0x002236,0x002238,0x002239,0x00223B,0x00223C,
0x00223E,0x00223F,0x002241,0x002242,0x002244,0x002245,0x002247,0x002248,
0x00224A,0x00224B,0x00224D,0x00224E,0x002250,0x002251,0x002253,0x002254,
0x002255,0x002257,0x002258,0x00225A,0x00225B,0x00225D,0x00225E,0x002260,
0x002261,0x002263,0x002264,0x002266,0x002267,0x002269,0x00226A,0x00226C,
0x00226D,0x00226F,0x002270,0x002272,0x002273,0x002275,0x002276,0x002278,
0x002279,0x00227B,0x00227C,0x00227E,0x00227F,0x002281,0x002282,0x002284,
0x002285,0x002287,0x002288,0x00228A,0x00228B,0x00228D,0x00228E,0x002290,
0x002291,0x002293,0x002294,0x002296,0x002297,0x002299,0x00229A,0x00229C,
0x00229D,0x00229F,0x0022A0,0x0022A2,0x0022A3,0x0022A5,0x0022A6,0x0022A8,
0x0022A9,0x0022AB,0x0022AC,0x0022AE,0x0022AF,0x0022B1,0x0022B2,0x0022B4,
0x0022B5,0x0022B7,0x0022B8,0x0022BA,0x0022BB,0x0022BD,0x0022BE,0x0022C0,
0x0022C1,0x0022C3,0x0022C4,0x0022C6,0x0022C7,0x0022C9,0x0022CA,0x0022CC,
0x0022CD,0x0022CF,0x0022D0,0x0022D2,0x0022D3,0x0022D5,0x0022D6,0x0022D8,
0x0022D9,0x0022DB,0x0022DC,0x0022DE,0x0022DF,0x0022E1,0x0022E2,0x0022E4,
0x0022E5,0x0022E7,0x0022E8,0x0022EA,0x0022EB,0x0022ED,0x0022EF,0x0022F0,
0x0022F2,0x0022F3,0x0022F5,0x0022F6,0x0022F8,0x0022F9,0x0022FB,0x0022FC,
0x0022FE,0x0022FF,0x002301,0x002302,0x002304,0x002305,0x002307,0x002308,
0x00230A,0x00230B,0x00230D,0x00230E,0x002310,0x002311,0x002313,0x002314,
0x002316,0x002317,0x002319,0x00231B,0x00231C,0x00231E,0x00231F,0x002321,
0x002322,0x002324,0x002325,0x002327,0x002328,0x00232A,0x00232B,0x00232D,
0x00232E,0x002330,0x002331,0x002333,0x002334,0x002336,0x002337,0x002339,
0x00233B,0x00233C,0x00233E,0x00233F,0x002341,0x002342,0x002344,0x002345,
0x002347,0x002348,0x00234A,0x00234B,0x00234D,0x00234E,0x002350,0x002351,
0x002353,0x002354,0x002356,0x002358,0x002359,0x00235B,0x00235C,0x00235E,
0x00235F,0x002361,0x002362,0x002364,0x002365,0x002367,0x002368,0x00236A,
0x00236B,0x00236D,0x00236F,0x002370,0x002372,0x002373,0x002375,0x002376,
0x002378,0x002379,0x00237B,0x00237C,0x00237E,0x00237F,0x002381,0x002383,
0x002384,0x002386,0x002387,0x002389,0x00238A,0x00238C,0x00238D,0x00238F,
0x002390,0x002392,0x002393,0x002395,0x002397,0x002398,0x00239A,0x00239B,
0x00239D,0x00239E,0x0023A0,0x0023A1,0x0023A3,0x0023A4,0x0023A6,0x0023A8,
0x0023A9,0x0023AB,0x0023AC,0x0023AE,0x0023AF,0x0023B1,0x0023B2,0x0023B4,
0x0023B5,0x0023B7,0x0023B9,0x0023BA,0x0023BC,0x0023BD,0x0023BF,0x0023C0,
0x0023C2,0x0023C3,0x0023C5,0x0023C6,0x0023C8,0x0023CA,0x0023CB,0x0023CD,
0x0023CE,0x0023D0,0x0023D1,0x0023D3,0x0023D4,0x0023D6,0x0023D8,0x0023D9,
0x0023DB,0x0023DC,0x0023DE,0x0023DF,0x0023E1,0x0023E2,0x0023E4,0x0023E6,
0x0023E7,0x0023E9,0x0023EA,0x0023EC,0x0023ED,0x0023EF,0x0023F0,0x0023F2,
0x0023F4,0x0023F5,0x0023F7,0x0023F8,0x0023FA,0x0023FB,0x0023FD,0x0023FE,
0x002400,0x002402,0x002403,0x002405,0x002406,0x002408,0x002409,0x00240B,
0x00240C,0x00240E,0x002410,0x002411,0x002413,0x002414,0x002416,0x002417,
0x002419,0x00241B,0x00241C,0x00241E,0x00241F,0x002421,0x002422,0x002424,
0x002425,0x002427,0x002429,0x00242A,0x00242C,0x00242D,0x00242F,0x002430,
0x002432,0x002434,0x002435,0x002437,0x002438,0x00243A,0x00243B,0x00243D,
0x00243F,0x002440,0x002442,0x002443,0x002445,0x002446,0x002448,0x00244A,
0x00244B,0x00244D,0x00244E,0x002450,0x002451,0x002453,0x002455,0x002456,
0x002458,0x002459,0x00245B,0x00245C,0x00245E,0x002460,0x002461,0x002463,
0x002464,0x002466,0x002467,0x002469,0x00246B,0x00246C,0x00246E,0x00246F,
0x002471,0x002473,0x002474,0x002476,0x002477,0x002479,0x00247A,0x00247C,
0x00247E,0x00247F,0x002481,0x002482,0x002484,0x002486,0x002487,0x002489,
0x00248A,0x00248C,0x00248D,0x00248F,0x002491,0x002492,0x002494,0x002495,
0x002497,0x002499,0x00249A,0x00249C,0x00249D,0x00249F,0x0024A0,0x0024A2,
0x0024A4,0x0024A5,0x0024A7,0x0024A8,0x0024AA,0x0024AC,0x0024AD,0x0024AF,
0x0024B0,0x0024B2,0x0024B3,0x0024B5,0x0024B7,0x0024B8,0x0024BA,0x0024BB,
0x0024BD,0x0024BF,0x0024C0,0x0024C2,0x0024C3,0x0024C5,0x0024C7,0x0024C8,
0x0024CA,0x0024CB,0x0024CD,0x0024CF,0x0024D0,0x0024D2,0x0024D3,0x0024D5,
0x0024D7,0x0024D8,0x0024DA,0x0024DB,0x0024DD,0x0024DF,0x0024E0,0x0024E2,
0x0024E3,0x0024E5,0x0024E7,0x0024E8,0x0024EA,0x0024EB,0x0024ED,0x0024EF,
0x0024F0,0x0024F2,0x0024F3,0x0024F5,0x0024F7,0x0024F8,0x0024FA,0x0024FB,
0x0024FD,0x0024FF,0x002500,0x002502,0x002503,0x002505,0x002507,0x002508,
0x00250A,0x00250B,0x00250D,0x00250F,0x002510,0x002512,0x002513,0x002515,
0x002517,0x002518,0x00251A,0x00251B,0x00251D,0x00251F,0x002520,0x002522,
0x002523,0x002525,0x002527,0x002528,0x00252A,0x00252C,0x00252D,0x00252F,
0x002530,0x002532,0x002534,0x002535,0x002537,0x002538,0x00253A,0x00253C,
0x00253D,0x00253F,0x002540,0x002542,0x002544,0x002545,0x002547,0x002549,
0x00254A,0x00254C,0x00254D,0x00254F,0x002551,0x002552,0x002554,0x002555,
0x002557,0x002559,0x00255A,0x00255C,0x00255E,0x00255F,0x002561,0x002562,
0x002564,0x002566,0x002567,0x002569,0x00256B,0x00256C,0x00256E,0x00256F,
0x002571,0x002573,0x002574,0x002576,0x002577,0x002579,0x00257B,0x00257C,
0x00257E,0x002580,0x002581,0x002583,0x002584,0x002586,0x002588,0x002589,
0x00258B,0x00258D,0x00258E,0x002590,0x002591,0x002593,0x002595,0x002596,
0x002598,0x00259A,0x00259B,0x00259D,0x00259F,0x0025A0,0x0025A2,0x0025A3,
0x0025A5,0x0025A7,0x0025A8,0x0025AA,0x0025AC,0x0025AD,0x0025AF,0x0025B0,
0x0025B2,0x0025B4,0x0025B5,0x0025B7,0x0025B9,0x0025BA,0x0025BC,0x0025BE,
0x0025BF,0x0025C1,0x0025C2,0x0025C4,0x0025C6,0x0025C7,0x0025C9,0x0025CB,
0x0025CC,0x0025CE,0x0025D0,0x0025D1,0x0025D3,0x0025D4,0x0025D6,0x0025D8,
0x0025D9,0x0025DB,0x0025DD,0x0025DE,0x0025E0,0x0025E2,0x0025E3,0x0025E5,
0x0025E6,0x0025E8,0x0025EA,0x0025EB,0x0025ED,0x0025EF,0x0025F0,0x0025F2,
0x0025F4,0x0025F5,0x0025F7,0x0025F9,0x0025FA,0x0025FC,0x0025FE,0x0025FF,
0x002601,0x002602,0x002604,0x002606,0x002607,0x002609,0x00260B,0x00260C,
0x00260E,0x002610,0x002611,0x002613,0x002615,0x002616,0x002618,0x00261A,
0x00261B,0x00261D,0x00261E,0x002620,0x002622,0x002623,0x002625,0x002627,
0x002628,0x00262A,0x00262C,0x00262D,0x00262F,0x002631,0x002632,0x002634,
0x002636,0x002637,0x002639,0x00263B,0x00263C,0x00263E,0x002640,0x002641,
0x002643,0x002645,0x002646,0x002648,0x00264A,0x00264B,0x00264D,0x00264E,
0x002650,0x002652,0x002653,0x002655,0x002657,0x002658,0x00265A,0x00265C,
0x00265D,0x00265F,0x002661,0x002662,0x002664,0x002666,0x002667,0x002669,
0x00266B,0x00266C,0x00266E,0x002670,0x002671,0x002673,0x002675,0x002676,
0x002678,0x00267A,0x00267B,0x00267D,0x00267F,0x002680,0x002682,0x002684,
0x002685,0x002687,0x002689,0x00268A,0x00268C,0x00268E,0x00268F,0x002691,
0x002693,0x002694,0x002696,0x002698,0x002699,0x00269B,0x00269D,0x00269E,
0x0026A0,0x0026A2,0x0026A3,0x0026A5,0x0026A7,0x0026A9,0x0026AA,0x0026AC,
0x0026AE,0x0026AF,0x0026B1,0x0026B3,0x0026B4,0x0026B6,0x0026B8,0x0026B9,
0x0026BB,0x0026BD,0x0026BE,0x0026C0,0x0026C2,0x0026C3,0x0026C5,0x0026C7,
0x0026C8,0x0026CA,0x0026CC,0x0026CD,0x0026CF,0x0026D1,0x0026D2,0x0026D4,
0x0026D6,0x0026D8,0x0026D9,0x0026DB,0x0026DD,0x0026DE,0x0026E0,0x0026E2,
0x0026E3,0x0026E5,0x0026E7,0x0026E8,0x0026EA,0x0026EC,0x0026ED,0x0026EF,
0x0026F1,0x0026F2,0x0026F4,0x0026F6,0x0026F8,0x0026F9,0x0026FB,0x0026FD,
0x0026FE,0x002700,0x002702,0x002703,0x002705,0x002707,0x002708,0x00270A,
0x00270C,0x00270E,0x00270F,0x002711,0x002713,0x002714,0x002716,0x002718,
0x002719,0x00271B,0x00271D,0x00271E,0x002720,0x002722,0x002724,0x002725,
0x002727,0x002729,0x00272A,0x00272C,0x00272E,0x00272F,0x002731,0x002733,
0x002735,0x002736,0x002738,0x00273A,0x00273B,0x00273D,0x00273F,0x002740,
0x002742,0x002744,0x002746,0x002747,0x002749,0x00274B,0x00274C,0x00274E,
0x002750,0x002751,0x002753,0x002755,0x002757,0x002758,0x00275A,0x00275C,
0x00275D,0x00275F,0x002761,0x002762,0x002764,0x002766,0x002768,0x002769,
0x00276B,0x00276D,0x00276E,0x002770,0x002772,0x002774,0x002775,0x002777,
0x002779,0x00277A,0x00277C,0x00277E,0x002780,0x002781,0x002783,0x002785,
0x002786,0x002788,0x00278A,0x00278B,0x00278D,0x00278F,0x002791,0x002792,
0x002794,0x002796,0x002797,0x002799,0x00279B,0x00279D,0x00279E,0x0027A0,
0x0027A2,0x0027A4,0x0027A5,0x0027A7,0x0027A9,0x0027AA,0x0027AC,0x0027AE,
0x0027B0,0x0027B1,0x0027B3,0x0027B5,0x0027B6,0x0027B8,0x0027BA,0x0027BC,
0x0027BD,0x0027BF,0x0027C1,0x0027C2,0x0027C4,0x0027C6,0x0027C8,0x0027C9,
0x0027CB,0x0027CD,0x0027CF,0x0027D0,0x0027D2,0x0027D4,0x0027D5,0x0027D7,
0x0027D9,0x0027DB,0x0027DC,0x0027DE,0x0027E0,0x0027E2,0x0027E3,0x0027E5,
0x0027E7,0x0027E8,0x0027EA,0x0027EC,0x0027EE,0x0027EF,0x0027F1,0x0027F3,
0x0027F5,0x0027F6,0x0027F8,0x0027FA,0x0027FB,0x0027FD,0x0027FF,0x002801,
0x002802,0x002804,0x002806,0x002808,0x002809,0x00280B,0x00280D,0x00280F,
0x002810,0x002812,0x002814,0x002815,0x002817,0x002819,0x00281B,0x00281C,
0x00281E,0x002820,0x002822,0x002823,0x002825,0x002827,0x002829,0x00282A,
0x00282C,0x00282E,0x002830,0x002831,0x002833,0x002835,0x002837,0x002838,
0x00283A,0x00283C,0x00283D,0x00283F,0x002841,0x002843,0x002844,0x002846,
0x002848,0x00284A,0x00284B,0x00284D,0x00284F,0x002851,0x002852,0x002854,
0x002856,0x002858,0x002859,0x00285B,0x00285D,0x00285F,0x002860,0x002862,
0x002864,0x002866,0x002867,0x002869,0x00286B,0x00286D,0x00286E,0x002870,
0x002872,0x002874,0x002875,0x002877,0x002879,0x00287B,0x00287C,0x00287E,
0x002880,0x002882,0x002883,0x002885,0x002887,0x002889,0x00288A,0x00288C,
0x00288E,0x002890,0x002892,0x002893,0x002895,0x002897,0x002899,0x00289A,
0x00289C,0x00289E,0x0028A0,0x0028A1,0x0028A3,0x0028A5,0x0028A7,0x0028A8,
0x0028AA,0x0028AC,0x0028AE,0x0028AF,0x0028B1,0x0028B3,0x0028B5,0x0028B6,
0x0028B8,0x0028BA,0x0028BC,0x0028BE,0x0028BF,0x0028C1,0x0028C3,0x0028C5,
0x0028C6,0x0028C8,0x0028CA,0x0028CC,0x0028CD,0x0028CF,0x0028D1,0x0028D3,
0x0028D5,0x0028D6,0x0028D8,0x0028DA,0x0028DC,0x0028DD,0x0028DF,0x0028E1,
0x0028E3,0x0028E4,0x0028E6,0x0028E8,0x0028EA,0x0028EC,0x0028ED,0x0028EF,
0x0028F1,0x0028F3,0x0028F4,0x0028F6,0x0028F8,0x0028FA,0x0028FC,0x0028FD,
0x0028FF,0x002901,0x002903,0x002904,0x002906,0x002908,0x00290A,0x00290B,
0x00290D,0x00290F,0x002911,0x002913,0x002914,0x002916,0x002918,0x00291A,
0x00291C,0x00291D,0x00291F,0x002921,0x002923,0x002924,0x002926,0x002928,
0x00292A,0x00292C,0x00292D,0x00292F,0x002931,0x002933,0x002934,0x002936,
0x002938,0x00293A,0x00293C,0x00293D,0x00293F,0x002941,0x002943,0x002945,
0x002946,0x002948,0x00294A,0x00294C,0x00294D,0x00294F,0x002951,0x002953,
0x002955,0x002956,0x002958,0x00295A,0x00295C,0x00295E,0x00295F,0x002961,
0x002963,0x002965,0x002967,0x002968,0x00296A,0x00296C,0x00296E,0x002970,
0x002971,0x002973,0x002975,0x002977,0x002979,0x00297A,0x00297C,0x00297E,
0x002980,0x002982,0x002983,0x002985,0x002987,0x002989,0x00298B,0x00298C,
0x00298E,0x002990,0x002992,0x002994,0x002995,0x002997,0x002999,0x00299B,
0x00299D,0x00299E,0x0029A0,0x0029A2,0x0029A4,0x0029A6,0x0029A7,0x0029A9,
0x0029AB,0x0029AD,0x0029AF,0x0029B0,0x0029B2,0x0029B4,0x0029B6,0x0029B8,
0x0029B9,0x0029BB,0x0029BD,0x0029BF,0x0029C1,0x0029C2,0x0029C4,0x0029C6,
0x0029C8,0x0029CA,0x0029CB,0x0029CD,0x0029CF,0x0029D1,0x0029D3,0x0029D5,
0x0029D6,0x0029D8,0x0029DA,0x0029DC,0x0029DE,0x0029DF,0x0029E1,0x0029E3,
0x0029E5,0x0029E7,0x0029E8,0x0029EA,0x0029EC,0x0029EE,0x0029F0,0x0029F2,
0x0029F3,0x0029F5,0x0029F7,0x0029F9,0x0029FB,0x0029FC,0x0029FE,0x002A00,
0x002A02,0x002A04,0x002A06,0x002A07,0x002A09,0x002A0B,0x002A0D,0x002A0F,
0x002A11,0x002A12,0x002A14,0x002A16,0x002A18,0x002A1A,0x002A1B,0x002A1D,
0x002A1F,0x002A21,0x002A23,0x002A25,0x002A26,0x002A28,0x002A2A,0x002A2C,
0x002A2E,0x002A30,0x002A31,0x002A33,0x002A35,0x002A37,0x002A39,0x002A3B,
0x002A3C,0x002A3E,0x002A40,0x002A42,0x002A44,0x002A45,0x002A47,0x002A49,
0x002A4B,0x002A4D,0x002A4F,0x002A50,0x002A52,0x002A54,0x002A56,0x002A58,
0x002A5A,0x002A5B,0x002A5D,0x002A5F,0x002A61,0x002A63,0x002A65,0x002A67,
0x002A68,0x002A6A,0x002A6C,0x002A6E,0x002A70,0x002A72,0x002A73,0x002A75,
0x002A77,0x002A79,0x002A7B,0x002A7D,0x002A7E,0x002A80,0x002A82,0x002A84,
0x002A86,0x002A88,0x002A89,0x002A8B,0x002A8D,0x002A8F,0x002A91,0x002A93,
0x002A95,0x002A96,0x002A98,0x002A9A,0x002A9C,0x002A9E,0x002AA0,0x002AA1,
0x002AA3,0x002AA5,0x002AA7,0x002AA9,0x002AAB,0x002AAD,0x002AAE,0x002AB0,
0x002AB2,0x002AB4,0x002AB6,0x002AB8,0x002AB9,0x002ABB,0x002ABD,0x002ABF,
0x002AC1,0x002AC3,0x002AC5,0x002AC6,0x002AC8,0x002ACA,0x002ACC,0x002ACE,
0x002AD0,0x002AD2,0x002AD3,0x002AD5,0x002AD7,0x002AD9,0x002ADB,0x002ADD,
0x002ADF,0x002AE0,0x002AE2,0x002AE4,0x002AE6,0x002AE8,0x002AEA,0x002AEC,
0x002AED,0x002AEF,0x002AF1,0x002AF3,0x002AF5,0x002AF7,0x002AF9,0x002AFA,
0x002AFC,0x002AFE,0x002B00,0x002B02,0x002B04,0x002B06,0x002B07,0x002B09,
0x002B0B,0x002B0D,0x002B0F,0x002B11,0x002B13,0x002B15,0x002B16,0x002B18,
0x002B1A,0x002B1C,0x002B1E,0x002B20,0x002B22,0x002B23,0x002B25,0x002B27,
0x002B29,0x002B2B,0x002B2D,0x002B2F,0x002B31,0x002B32,0x002B34,0x002B36,
0x002B38,0x002B3A,0x002B3C,0x002B3E,0x002B40,0x002B41,0x002B43,0x002B45,
0x002B47,0x002B49,0x002B4B,0x002B4D,0x002B4F,0x002B50,0x002B52,0x002B54,
0x002B56,0x002B58,0x002B5A,0x002B5C,0x002B5E,0x002B5F,0x002B61,0x002B63,
0x002B65,0x002B67,0x002B69,0x002B6B,0x002B6D,0x002B6E,0x002B70,0x002B72,
0x002B74,0x002B76,0x002B78,0x002B7A,0x002B7C,0x002B7E,0x002B7F,0x002B81,
0x002B83,0x002B85,0x002B87,0x002B89,0x002B8B,0x002B8D,0x002B8F,0x002B90,
0x002B92,0x002B94,0x002B96,0x002B98,0x002B9A,0x002B9C,0x002B9E,0x002BA0,
0x002BA1,0x002BA3,0x002BA5,0x002BA7,0x002BA9,0x002BAB,0x002BAD,0x002BAF,
0x002BB1,0x002BB2,0x002BB4,0x002BB6,0x002BB8,0x002BBA,0x002BBC,0x002BBE,
0x002BC0,0x002BC2,0x002BC3,0x002BC5,0x002BC7,0x002BC9,0x002BCB,0x002BCD,
0x002BCF,0x002BD1,0x002BD3,0x002BD5,0x002BD6,0x002BD8,0x002BDA,0x002BDC,
0x002BDE,0x002BE0,0x002BE2,0x002BE4,0x002BE6,0x002BE8,0x002BE9,0x002BEB,
0x002BED,0x002BEF,0x002BF1,0x002BF3,0x002BF5,0x002BF7,0x002BF9,0x002BFB,
0x002BFD,0x002BFE,0x002C00,0x002C02,0x002C04,0x002C06,0x002C08,0x002C0A,
0x002C0C,0x002C0E,0x002C10,0x002C11,0x002C13,0x002C15,0x002C17,0x002C19,
0x002C1B,0x002C1D,0x002C1F,0x002C21,0x002C23,0x002C25,0x002C27,0x002C28,
0x002C2A,0x002C2C,0x002C2E,0x002C30,0x002C32,0x002C34,0x002C36,0x002C38,
0x002C3A,0x002C3C,0x002C3D,0x002C3F,0x002C41,0x002C43,0x002C45,0x002C47,
0x002C49,0x002C4B,0x002C4D,0x002C4F,0x002C51,0x002C53,0x002C55,0x002C56,
0x002C58,0x002C5A,0x002C5C,0x002C5E,0x002C60,0x002C62,0x002C64,0x002C66,
0x002C68,0x002C6A,0x002C6C,0x002C6E,0x002C6F,0x002C71,0x002C73,0x002C75,
0x002C77,0x002C79,0x002C7B,0x002C7D,0x002C7F,0x002C81,0x002C83,0x002C85,
0x002C87,0x002C88,0x002C8A,0x002C8C,0x002C8E,0x002C90,0x002C92,0x002C94,
0x002C96,0x002C98,0x002C9A,0x002C9C,0x002C9E,0x002CA0,0x002CA2,0x002CA4,
0x002CA5,0x002CA7,0x002CA9,0x002CAB,0x002CAD,0x002CAF,0x002CB1,0x002CB3,
0x002CB5,0x002CB7,0x002CB9,0x002CBB,0x002CBD,0x002CBF,0x002CC1,0x002CC3,
0x002CC4,0x002CC6,0x002CC8,0x002CCA,0x002CCC,0x002CCE,0x002CD0,0x002CD2,
0x002CD4,0x002CD6,0x002CD8,0x002CDA,0x002CDC,0x002CDE,0x002CE0,0x002CE2,
0x002CE4,0x002CE5,0x002CE7,0x002CE9,0x002CEB,0x002CED,0x002CEF,0x002CF1,
0x002CF3,0x002CF5,0x002CF7,0x002CF9,0x002CFB,0x002CFD,0x002CFF,0x002D01,
0x002D03,0x002D05,0x002D07,0x002D09,0x002D0A,0x002D0C,0x002D0E,0x002D10,
0x002D12,0x002D14,0x002D16,0x002D18,0x002D1A,0x002D1C,0x002D1E,0x002D20,
0x002D22,0x002D24,0x002D26,0x002D28,0x002D2A,0x002D2C,0x002D2E,0x002D30,
0x002D32,0x002D34,0x002D35,0x002D37,0x002D39,0x002D3B,0x002D3D,0x002D3F,
0x002D41,0x002D43,0x002D45,0x002D47,0x002D49,0x002D4B,0x002D4D,0x002D4F,
0x002D51,0x002D53,0x002D55,0x002D57,0x002D59,0x002D5B,0x002D5D,0x002D5F,
0x002D61,0x002D63,0x002D65,0x002D67,0x002D69,0x002D6A,0x002D6C,0x002D6E,
0x002D70,0x002D72,0x002D74,0x002D76,0x002D78,0x002D7A,0x002D7C,0x002D7E,
0x002D80,0x002D82,0x002D84,0x002D86,0x002D88,0x002D8A,0x002D8C,0x002D8E,
0x002D90,0x002D92,0x002D94,0x002D96,0x002D98,0x002D9A,0x002D9C,0x002D9E,
0x002DA0,0x002DA2,0x002DA4,0x002DA6,0x002DA8,0x002DAA,0x002DAC,0x002DAE,
0x002DB0,0x002DB2,0x002DB4,0x002DB5,0x002DB7,0x002DB9,0x002DBB,0x002DBD,
0x002DBF,0x002DC1,0x002DC3,0x002DC5,0x002DC7,0x002DC9,0x002DCB,0x002DCD,
0x002DCF,0x002DD1,0x002DD3,0x002DD5,0x002DD7,0x002DD9,0x002DDB,0x002DDD,
0x002DDF,0x002DE1,0x002DE3,0x002DE5,0x002DE7,0x002DE9,0x002DEB,0x002DED,
0x002DEF,0x002DF1,0x002DF3,0x002DF5,0x002DF7,0x002DF9,0x002DFB,0x002DFD,
0x002DFF,0x002E01,0x002E03,0x002E05,0x002E07,0x002E09,0x002E0B,0x002E0D,
0x002E0F,0x002E11,0x002E13,0x002E15,0x002E17,0x002E19,0x002E1B,0x002E1D,
0x002E1F,0x002E21,0x002E23,0x002E25,0x002E27,0x002E29,0x002E2B,0x002E2D,
0x002E2F,0x002E31,0x002E33,0x002E35,0x002E37,0x002E39,0x002E3B,0x002E3D,
0x002E3F,0x002E41,0x002E43,0x002E45,0x002E47,0x002E49,0x002E4B,0x002E4D,
0x002E4F,0x002E51,0x002E53,0x002E55,0x002E57,0x002E59,0x002E5B,0x002E5D,
0x002E5F,0x002E61,0x002E63,0x002E65,0x002E67,0x002E69,0x002E6B,0x002E6D,
0x002E6F,0x002E71,0x002E73,0x002E75,0x002E77,0x002E79,0x002E7B,0x002E7D,
0x002E7F,0x002E81,0x002E83,0x002E85,0x002E87,0x002E89,0x002E8B,0x002E8D,
0x002E8F,0x002E91,0x002E93,0x002E95,0x002E97,0x002E99,0x002E9B,0x002E9D,
0x002E9F,0x002EA1,0x002EA4,0x002EA6,0x002EA8,0x002EAA,0x002EAC,0x002EAE,
0x002EB0,0x002EB2,0x002EB4,0x002EB6,0x002EB8,0x002EBA,0x002EBC,0x002EBE,
0x002EC0,0x002EC2,0x002EC4,0x002EC6,0x002EC8,0x002ECA,0x002ECC,0x002ECE,
0x002ED0,0x002ED2,0x002ED4,0x002ED6,0x002ED8,0x002EDA,0x002EDC,0x002EDE,
0x002EE0,0x002EE2,0x002EE4,0x002EE6,0x002EE8,0x002EEA,0x002EEC,0x002EEF,
0x002EF1,0x002EF3,0x002EF5,0x002EF7,0x002EF9,0x002EFB,0x002EFD,0x002EFF,
0x002F01,0x002F03,0x002F05,0x002F07,0x002F09,0x002F0B,0x002F0D,0x002F0F,
0x002F11,0x002F13,0x002F15,0x002F17,0x002F19,0x002F1B,0x002F1D,0x002F1F,
0x002F21,0x002F23,0x002F26,0x002F28,0x002F2A,0x002F2C,0x002F2E,0x002F30,
0x002F32,0x002F34,0x002F36,0x002F38,0x002F3A,0x002F3C,0x002F3E,0x002F40,
0x002F42,0x002F44,0x002F46,0x002F48,0x002F4A,0x002F4C,0x002F4E,0x002F50,
0x002F53,0x002F55,0x002F57,0x002F59,0x002F5B,0x002F5D,0x002F5F,0x002F61,
0x002F63,0x002F65,0x002F67,0x002F69,0x002F6B,0x002F6D,0x002F6F,0x002F71,
0x002F73,0x002F75,0x002F78,0x002F7A,0x002F7C,0x002F7E,0x002F80,0x002F82,
0x002F84,0x002F86,0x002F88,0x002F8A,0x002F8C,0x002F8E,0x002F90,0x002F92,
0x002F94,0x002F96,0x002F98,0x002F9B,0x002F9D,0x002F9F,0x002FA1,0x002FA3,
0x002FA5,0x002FA7,0x002FA9,0x002FAB,0x002FAD,0x002FAF,0x002FB1,0x002FB3,
0x002FB5,0x002FB7,0x002FB9,0x002FBC,0x002FBE,0x002FC0,0x002FC2,0x002FC4,
0x002FC6,0x002FC8,0x002FCA,0x002FCC,0x002FCE,0x002FD0,0x002FD2,0x002FD4,
0x002FD6,0x002FD9,0x002FDB,0x002FDD,0x002FDF,0x002FE1,0x002FE3,0x002FE5,
0x002FE7,0x002FE9,0x002FEB,0x002FED,0x002FEF,0x002FF1,0x002FF4,0x002FF6,
0x002FF8,0x002FFA,0x002FFC,0x002FFE,0x003000,0x003002,0x003004,0x003006,
0x003008,0x00300A,0x00300C,0x00300F,0x003011,0x003013,0x003015,0x003017,
0x003019,0x00301B,0x00301D,0x00301F,0x003021,0x003023,0x003025,0x003028,
0x00302A,0x00302C,0x00302E,0x003030,0x003032,0x003034,0x003036,0x003038,
0x00303A,0x00303C,0x00303F,0x003041,0x003043,0x003045,0x003047,0x003049,
0x00304B,0x00304D,0x00304F,0x003051,0x003053,0x003056,0x003058,0x00305A,
0x00305C,0x00305E,0x003060,0x003062,0x003064,0x003066,0x003068,0x00306A,
0x00306D,0x00306F,0x003071,0x003073,0x003075,0x003077,0x003079,0x00307B,
0x00307D,0x00307F,0x003082,0x003084,0x003086,0x003088,0x00308A,0x00308C,
0x00308E,0x003090,0x003092,0x003095,0x003097,0x003099,0x00309B,0x00309D,
0x00309F,0x0030A1,0x0030A3,0x0030A5,0x0030A7,0x0030AA,0x0030AC,0x0030AE,
0x0030B0,0x0030B2,0x0030B4,0x0030B6,0x0030B8,0x0030BA,0x0030BD,0x0030BF,
0x0030C1,0x0030C3,0x0030C5,0x0030C7,0x0030C9,0x0030CB,0x0030CD,0x0030D0,
0x0030D2,0x0030D4,0x0030D6,0x0030D8,0x0030DA,0x0030DC,0x0030DE,0x0030E1,
0x0030E3,0x0030E5,0x0030E7,0x0030E9,0x0030EB,0x0030ED,0x0030EF,0x0030F1,
0x0030F4,0x0030F6,0x0030F8,0x0030FA,0x0030FC,0x0030FE,0x003100,0x003102,
0x003105,0x003107,0x003109,0x00310B,0x00310D,0x00310F,0x003111,0x003113,
0x003116,0x003118,0x00311A,0x00311C,0x00311E,0x003120,0x003122,0x003124,
0x003127,0x003129,0x00312B,0x00312D,0x00312F,0x003131,0x003133,0x003135,
0x003138,0x00313A,0x00313C,0x00313E,0x003140,0x003142,0x003144,0x003147,
0x003149,0x00314B,0x00314D,0x00314F,0x003151,0x003153,0x003156,0x003158,
0x00315A,0x00315C,0x00315E,0x003160,0x003162,0x003164,0x003167,0x003169,
0x00316B,0x00316D,0x00316F,0x003171,0x003173,0x003176,0x003178,0x00317A,
0x00317C,0x00317E,0x003180,0x003182,0x003185,0x003187,0x003189,0x00318B,
0x00318D,0x00318F,0x003192,0x003194,0x003196,0x003198,0x00319A,0x00319C,
0x00319E,0x0031A1,0x0031A3,0x0031A5,0x0031A7,0x0031A9,0x0031AB,0x0031AD,
0x0031B0,0x0031B2,0x0031B4,0x0031B6,0x0031B8,0x0031BA,0x0031BD,0x0031BF,
0x0031C1,0x0031C3,0x0031C5,0x0031C7,0x0031C9,0x0031CC,0x0031CE,0x0031D0,
0x0031D2,0x0031D4,0x0031D6,0x0031D9,0x0031DB,0x0031DD,0x0031DF,0x0031E1,
0x0031E3,0x0031E6,0x0031E8,0x0031EA,0x0031EC,0x0031EE,0x0031F0,0x0031F3,
0x0031F5,0x0031F7,0x0031F9,0x0031FB,0x0031FD,0x0031FF,0x003202,0x003204,
0x003206,0x003208,0x00320A,0x00320C,0x00320F,0x003211,0x003213,0x003215,
0x003217,0x00321A,0x00321C,0x00321E,0x003220,0x003222,0x003224,0x003227,
0x003229,0x00322B,0x00322D,0x00322F,0x003231,0x003234,0x003236,0x003238,
0x00323A,0x00323C,0x00323E,0x003241,0x003243,0x003245,0x003247,0x003249,
0x00324C,0x00324E,0x003250,0x003252,0x003254,0x003256,0x003259,0x00325B,
0x00325D,0x00325F,0x003261,0x003264,0x003266,0x003268,0x00326A,0x00326C,
0x00326E,0x003271,0x003273,0x003275,0x003277,0x003279,0x00327C,0x00327E,
0x003280,0x003282,0x003284,0x003286,0x003289,0x00328B,0x00328D,0x00328F,
0x003291,0x003294,0x003296,0x003298,0x00329A,0x00329C,0x00329F,0x0032A1,
0x0032A3,0x0032A5,0x0032A7,0x0032AA,0x0032AC,0x0032AE,0x0032B0,0x0032B2,
0x0032B5,0x0032B7,0x0032B9,0x0032BB,0x0032BD,0x0032C0,0x0032C2,0x0032C4,
0x0032C6,0x0032C8,0x0032CB,0x0032CD,0x0032CF,0x0032D1,0x0032D3,0x0032D6,
0x0032D8,0x0032DA,0x0032DC,0x0032DE,0x0032E1,0x0032E3,0x0032E5,0x0032E7,
0x0032E9,0x0032EC,0x0032EE,0x0032F0,0x0032F2,0x0032F4,0x0032F7,0x0032F9,
0x0032FB,0x0032FD,0x0032FF,0x003302,0x003304,0x003306,0x003308,0x00330A,
0x00330D,0x00330F,0x003311,0x003313,0x003316,0x003318,0x00331A,0x00331C,
0x00331E,0x003321,0x003323,0x003325,0x003327,0x003329,0x00332C,0x00332E,
0x003330,0x003332,0x003335,0x003337,0x003339,0x00333B,0x00333D,0x003340,
0x003342,0x003344,0x003346,0x003349,0x00334B,0x00334D,0x00334F,0x003351,
0x003354,0x003356,0x003358,0x00335A,0x00335D,0x00335F,0x003361,0x003363,
0x003365,0x003368,0x00336A,0x00336C,0x00336E,0x003371,0x003373,0x003375,
0x003377,0x00337A,0x00337C,0x00337E,0x003380,0x003382,0x003385,0x003387,
0x003389,0x00338B,0x00338E,0x003390,0x003392,0x003394,0x003397,0x003399,
0x00339B,0x00339D,0x00339F,0x0033A2,0x0033A4,0x0033A6,0x0033A8,0x0033AB,
0x0033AD,0x0033AF,0x0033B1,0x0033B4,0x0033B6,0x0033B8,0x0033BA,0x0033BD,
0x0033BF,0x0033C1,0x0033C3,0x0033C6,0x0033C8,0x0033CA,0x0033CC,0x0033CF,
0x0033D1,0x0033D3,0x0033D5,0x0033D8,0x0033DA,0x0033DC,0x0033DE,0x0033E0,
0x0033E3,0x0033E5,0x0033E7,0x0033E9,0x0033EC,0x0033EE,0x0033F0,0x0033F2,
0x0033F5,0x0033F7,0x0033F9,0x0033FB,0x0033FE,0x003400,0x003402,0x003405,
0x003407,0x003409,0x00340B,0x00340E,0x003410,0x003412,0x003414,0x003417,
0x003419,0x00341B,0x00341D,0x003420,0x003422,0x003424,0x003426,0x003429,
0x00342B,0x00342D,0x00342F,0x003432,0x003434,0x003436,0x003438,0x00343B,
0x00343D,0x00343F,0x003441,0x003444,0x003446,0x003448,0x00344B,0x00344D,
0x00344F,0x003451,0x003454,0x003456,0x003458,0x00345A,0x00345D,0x00345F,
0x003461,0x003463,0x003466,0x003468,0x00346A,0x00346D,0x00346F,0x003471,
0x003473,0x003476,0x003478,0x00347A,0x00347C,0x00347F,0x003481,0x003483,
0x003486,0x003488,0x00348A,0x00348C,0x00348F,0x003491,0x003493,0x003496,
0x003498,0x00349A,0x00349C,0x00349F,0x0034A1,0x0034A3,0x0034A5,0x0034A8,
0x0034AA,0x0034AC,0x0034AF,0x0034B1,0x0034B3,0x0034B5,0x0034B8,0x0034BA,
0x0034BC,0x0034BF,0x0034C1,0x0034C3,0x0034C5,0x0034C8,0x0034CA,0x0034CC,
0x0034CF,0x0034D1,0x0034D3,0x0034D5,0x0034D8,0x0034DA,0x0034DC,0x0034DF,
0x0034E1,0x0034E3,0x0034E5,0x0034E8,0x0034EA,0x0034EC,0x0034EF,0x0034F1,
0x0034F3,0x0034F6,0x0034F8,0x0034FA,0x0034FC,0x0034FF,0x003501,0x003503,
0x003506,0x003508,0x00350A,0x00350C,0x00350F,0x003511,0x003513,0x003516,
0x003518,0x00351A,0x00351D,0x00351F,0x003521,0x003523,0x003526,0x003528,
0x00352A,0x00352D,0x00352F,0x003531,0x003534,0x003536,0x003538,0x00353B,
0x00353D,0x00353F,0x003541,0x003544,0x003546,0x003548,0x00354B,0x00354D,
0x00354F,0x003552,0x003554,0x003556,0x003559,0x00355B,0x00355D,0x00355F,
0x003562,0x003564,0x003566,0x003569,0x00356B,0x00356D,0x003570,0x003572,
0x003574,0x003577,0x003579,0x00357B,0x00357E,0x003580,0x003582,0x003585,
0x003587,0x003589,0x00358B,0x00358E,0x003590,0x003592,0x003595,0x003597,
0x003599,0x00359C,0x00359E,0x0035A0,0x0035A3,0x0035A5,0x0035A7,0x0035AA,
0x0035AC,0x0035AE,0x0035B1,0x0035B3,0x0035B5,0x0035B8,0x0035BA,0x0035BC,
0x0035BF,0x0035C1,0x0035C3,0x0035C6,0x0035C8,0x0035CA,0x0035CD,0x0035CF,
0x0035D1,0x0035D4,0x0035D6,0x0035D8,0x0035DB,0x0035DD,0x0035DF,0x0035E2,
0x0035E4,0x0035E6,0x0035E9,0x0035EB,0x0035ED,0x0035F0,0x0035F2,0x0035F4,
0x0035F7,0x0035F9,0x0035FB,0x0035FE,0x003600,0x003602,0x003605,0x003607,
0x003609,0x00360C,0x00360E,0x003610,0x003613,0x003615,0x003617,0x00361A,
0x00361C,0x00361E,0x003621,0x003623,0x003625,0x003628,0x00362A,0x00362C,
0x00362F,0x003631,0x003634,0x003636,0x003638,0x00363B,0x00363D,0x00363F,
0x003642,0x003644,0x003646,0x003649,0x00364B,0x00364D,0x003650,0x003652,
0x003654,0x003657,0x003659,0x00365B,0x00365E,0x003660,0x003663,0x003665,
0x003667,0x00366A,0x00366C,0x00366E,0x003671,0x003673,0x003675,0x003678,
0x00367A,0x00367C,0x00367F,0x003681,0x003684,0x003686,0x003688,0x00368B,
0x00368D,0x00368F,0x003692,0x003694,0x003696,0x003699,0x00369B,0x00369E,
0x0036A0,0x0036A2,0x0036A5,0x0036A7,0x0036A9,0x0036AC,0x0036AE,0x0036B1,
0x0036B3,0x0036B5,0x0036B8,0x0036BA,0x0036BC,0x0036BF,0x0036C1,0x0036C3,
0x0036C6,0x0036C8,0x0036CB,0x0036CD,0x0036CF,0x0036D2,0x0036D4,0x0036D6,
0x0036D9,0x0036DB,0x0036DE,0x0036E0,0x0036E2,0x0036E5,0x0036E7,0x0036EA,
0x0036EC,0x0036EE,0x0036F1,0x0036F3,0x0036F5,0x0036F8,0x0036FA,0x0036FD,
0x0036FF,0x003701,0x003704,0x003706,0x003708,0x00370B,0x00370D,0x003710,
0x003712,0x003714,0x003717,0x003719,0x00371C,0x00371E,0x003720,0x003723,
0x003725,0x003727,0x00372A,0x00372C,0x00372F,0x003731,0x003733,0x003736,
0x003738,0x00373B,0x00373D,0x00373F,0x003742,0x003744,0x003747,0x003749,
0x00374B,0x00374E,0x003750,0x003753,0x003755,0x003757,0x00375A,0x00375C,
0x00375F,0x003761,0x003763,0x003766,0x003768,0x00376B,0x00376D,0x00376F,
0x003772,0x003774,0x003777,0x003779,0x00377B,0x00377E,0x003780,0x003783,
0x003785,0x003787,0x00378A,0x00378C,0x00378F,0x003791,0x003793,0x003796,
0x003798,0x00379B,0x00379D,0x00379F,0x0037A2,0x0037A4,0x0037A7,0x0037A9,
0x0037AC,0x0037AE,0x0037B0,0x0037B3,0x0037B5,0x0037B8,0x0037BA,0x0037BC,
0x0037BF,0x0037C1,0x0037C4,0x0037C6,0x0037C8,0x0037CB,0x0037CD,0x0037D0,
0x0037D2,0x0037D5,0x0037D7,0x0037D9,0x0037DC,0x0037DE,0x0037E1,0x0037E3,
0x0037E6,0x0037E8,0x0037EA,0x0037ED,0x0037EF,0x0037F2,0x0037F4,0x0037F6,
0x0037F9,0x0037FB,0x0037FE,0x003800,0x003803,0x003805,0x003807,0x00380A,
0x00380C,0x00380F,0x003811,0x003814,0x003816,0x003818,0x00381B,0x00381D,
0x003820,0x003822,0x003825,0x003827,0x003829,0x00382C,0x00382E,0x003831,
0x003833,0x003836,0x003838,0x00383B,0x00383D,0x00383F,0x003842,0x003844,
0x003847,0x003849,0x00384C,0x00384E,0x003850,0x003853,0x003855,0x003858,
0x00385A,0x00385D,0x00385F,0x003862,0x003864,0x003866,0x003869,0x00386B,
0x00386E,0x003870,0x003873,0x003875,0x003878,0x00387A,0x00387C,0x00387F,
0x003881,0x003884,0x003886,0x003889,0x00388B,0x00388E,0x003890,0x003892,
0x003895,0x003897,0x00389A,0x00389C,0x00389F,0x0038A1,0x0038A4,0x0038A6,
0x0038A9,0x0038AB,0x0038AD,0x0038B0,0x0038B2,0x0038B5,0x0038B7,0x0038BA,
0x0038BC,0x0038BF,0x0038C1,0x0038C4,0x0038C6,0x0038C9,0x0038CB,0x0038CD,
0x0038D0,0x0038D2,0x0038D5,0x0038D7,0x0038DA,0x0038DC,0x0038DF,0x0038E1,
0x0038E4,0x0038E6,0x0038E9,0x0038EB,0x0038ED,0x0038F0,0x0038F2,0x0038F5,
0x0038F7,0x0038FA,0x0038FC,0x0038FF,0x003901,0x003904,0x003906,0x003909,
0x00390B,0x00390E,0x003910,0x003912,0x003915,0x003917,0x00391A,0x00391C,
0x00391F,0x003921,0x003924,0x003926,0x003929,0x00392B,0x00392E,0x003930,
0x003933,0x003935,0x003938,0x00393A,0x00393D,0x00393F,0x003942,0x003944,
0x003947,0x003949,0x00394B,0x00394E,0x003950,0x003953,0x003955,0x003958,
0x00395A,0x00395D,0x00395F,0x003962,0x003964,0x003967,0x003969,0x00396C,
0x00396E,0x003971,0x003973,0x003976,0x003978,0x00397B,0x00397D,0x003980,
0x003982,0x003985,0x003987,0x00398A,0x00398C,0x00398F,0x003991,0x003994,
0x003996,0x003999,0x00399B,0x00399E,0x0039A0,0x0039A3,0x0039A5,0x0039A8,
0x0039AA,0x0039AD,0x0039AF,0x0039B2,0x0039B4,0x0039B7,0x0039B9,0x0039BC,
0x0039BE,0x0039C1,0x0039C3,0x0039C6,0x0039C8,0x0039CB,0x0039CD,0x0039D0,
0x0039D2,0x0039D5,0x0039D7,0x0039DA,0x0039DC,0x0039DF,0x0039E1,0x0039E4,
0x0039E6,0x0039E9,0x0039EB,0x0039EE,0x0039F0,0x0039F3,0x0039F5,0x0039F8,
0x0039FA,0x0039FD,0x0039FF,0x003A02,0x003A04,0x003A07,0x003A09,0x003A0C,
0x003A0E,0x003A11,0x003A13,0x003A16,0x003A18,0x003A1B,0x003A1D,0x003A20,
0x003A22,0x003A25,0x003A28,0x003A2A,0x003A2D,0x003A2F,0x003A32,0x003A34,
0x003A37,0x003A39,0x003A3C,0x003A3E,0x003A41,0x003A43,0x003A46,0x003A48,
0x003A4B,0x003A4D,0x003A50,0x003A52,0x003A55,0x003A57,0x003A5A,0x003A5D,
0x003A5F,0x003A62,0x003A64,0x003A67,0x003A69,0x003A6C,0x003A6E,0x003A71,
0x003A73,0x003A76,0x003A78,0x003A7B,0x003A7D,0x003A80,0x003A82,0x003A85,
0x003A88,0x003A8A,0x003A8D,0x003A8F,0x003A92,0x003A94,0x003A97,0x003A99,
0x003A9C,0x003A9E,0x003AA1,0x003AA3,0x003AA6,0x003AA9,0x003AAB,0x003AAE,
0x003AB0,0x003AB3,0x003AB5,0x003AB8,0x003ABA,0x003ABD,0x003ABF,0x003AC2,
0x003AC5,0x003AC7,0x003ACA,0x003ACC,0x003ACF,0x003AD1,0x003AD4,0x003AD6,
0x003AD9,0x003ADB,0x003ADE,0x003AE1,0x003AE3,0x003AE6,0x003AE8,0x003AEB,
0x003AED,0x003AF0,0x003AF2,0x003AF5,0x003AF8,0x003AFA,0x003AFD,0x003AFF,
0x003B02,0x003B04,0x003B07,0x003B09,0x003B0C,0x003B0F,0x003B11,0x003B14,
0x003B16,0x003B19,0x003B1B,0x003B1E,0x003B20,0x003B23,0x003B26,0x003B28,
0x003B2B,0x003B2D,0x003B30,0x003B32,0x003B35,0x003B38,0x003B3A,0x003B3D,
0x003B3F,0x003B42,0x003B44,0x003B47,0x003B4A,0x003B4C,0x003B4F,0x003B51,
0x003B54,0x003B56,0x003B59,0x003B5C,0x003B5E,0x003B61,0x003B63,0x003B66,
0x003B68,0x003B6B,0x003B6E,0x003B70,0x003B73,0x003B75,0x003B78,0x003B7A,
0x003B7D,0x003B80,0x003B82,0x003B85,0x003B87,0x003B8A,0x003B8C,0x003B8F,
0x003B92,0x003B94,0x003B97,0x003B99,0x003B9C,0x003B9F,0x003BA1,0x003BA4,
0x003BA6,0x003BA9,0x003BAB,0x003BAE,0x003BB1,0x003BB3,0x003BB6,0x003BB8,
0x003BBB,0x003BBE,0x003BC0,0x003BC3,0x003BC5,0x003BC8,0x003BCA,0x003BCD,
0x003BD0,0x003BD2,0x003BD5,0x003BD7,0x003BDA,0x003BDD,0x003BDF,0x003BE2,
0x003BE4,0x003BE7,0x003BEA,0x003BEC,0x003BEF,0x003BF1,0x003BF4,0x003BF7,
0x003BF9,0x003BFC,0x003BFE,0x003C01,0x003C04,0x003C06,0x003C09,0x003C0B,
0x003C0E,0x003C11,0x003C13,0x003C16,0x003C18,0x003C1B,0x003C1E,0x003C20,
0x003C23,0x003C25,0x003C28,0x003C2B,0x003C2D,0x003C30,0x003C32,0x003C35,
0x003C38,0x003C3A,0x003C3D,0x003C3F,0x003C42,0x003C45,0x003C47,0x003C4A,
0x003C4D,0x003C4F,0x003C52,0x003C54,0x003C57,0x003C5A,0x003C5C,0x003C5F,
0x003C61,0x003C64,0x003C67,0x003C69,0x003C6C,0x003C6F,0x003C71,0x003C74,
0x003C76,0x003C79,0x003C7C,0x003C7E,0x003C81,0x003C84,0x003C86,0x003C89,
0x003C8B,0x003C8E,0x003C91,0x003C93,0x003C96,0x003C98,0x003C9B,0x003C9E,
0x003CA0,0x003CA3,0x003CA6,0x003CA8,0x003CAB,0x003CAE,0x003CB0,0x003CB3,
0x003CB5,0x003CB8,0x003CBB,0x003CBD,0x003CC0,0x003CC3,0x003CC5,0x003CC8,
0x003CCA,0x003CCD,0x003CD0,0x003CD2,0x003CD5,0x003CD8,0x003CDA,0x003CDD,
0x003CE0,0x003CE2,0x003CE5,0x003CE7,0x003CEA,0x003CED,0x003CEF,0x003CF2,
0x003CF5,0x003CF7,0x003CFA,0x003CFD,0x003CFF,0x003D02,0x003D04,0x003D07,
0x003D0A,0x003D0C,0x003D0F,0x003D12,0x003D14,0x003D17,0x003D1A,0x003D1C,
0x003D1F,0x003D22,0x003D24,0x003D27,0x003D2A,0x003D2C,0x003D2F,0x003D31,
0x003D34,0x003D37,0x003D39,0x003D3C,0x003D3F,0x003D41,0x003D44,0x003D47,
0x003D49,0x003D4C,0x003D4F,0x003D51,0x003D54,0x003D57,0x003D59,0x003D5C,
0x003D5F,0x003D61,0x003D64,0x003D67,0x003D69,0x003D6C,0x003D6F,0x003D71,
0x003D74,0x003D77,0x003D79,0x003D7C,0x003D7F,0x003D81,0x003D84,0x003D87,
0x003D89,0x003D8C,0x003D8F,0x003D91,0x003D94,0x003D97,0x003D99,0x003D9C,
0x003D9F,0x003DA1,0x003DA4,0x003DA7,0x003DA9,0x003DAC,0x003DAF,0x003DB1,
0x003DB4,0x003DB7,0x003DB9,0x003DBC,0x003DBF,0x003DC1,0x003DC4,0x003DC7,
0x003DC9,0x003DCC,0x003DCF,0x003DD1,0x003DD4,0x003DD7,0x003DD9,0x003DDC,
0x003DDF,0x003DE1,0x003DE4,0x003DE7,0x003DE9,0x003DEC,0x003DEF,0x003DF2,
0x003DF4,0x003DF7,0x003DFA,0x003DFC,0x003DFF,0x003E02,0x003E04,0x003E07,
0x003E0A,0x003E0C,0x003E0F,0x003E12,0x003E14,0x003E17,0x003E1A,0x003E1D,
0x003E1F,0x003E22,0x003E25,0x003E27,0x003E2A,0x003E2D,0x003E2F,0x003E32,
0x003E35,0x003E37,0x003E3A,0x003E3D,0x003E40,0x003E42,0x003E45,0x003E48,
0x003E4A,0x003E4D,0x003E50,0x003E52,0x003E55,0x003E58,0x003E5B,0x003E5D,
0x003E60,0x003E63,0x003E65,0x003E68,0x003E6B,0x003E6D,0x003E70,0x003E73,
0x003E76,0x003E78,0x003E7B,0x003E7E,0x003E80,0x003E83,0x003E86,0x003E89,
0x003E8B,0x003E8E,0x003E91,0x003E93,0x003E96,0x003E99,0x003E9B,0x003E9E,
0x003EA1,0x003EA4,0x003EA6,0x003EA9,0x003EAC,0x003EAE,0x003EB1,0x003EB4,
0x003EB7,0x003EB9,0x003EBC,0x003EBF,0x003EC2,0x003EC4,0x003EC7,0x003ECA,
0x003ECC,0x003ECF,0x003ED2,0x003ED5,0x003ED7,0x003EDA,0x003EDD,0x003EDF,
0x003EE2,0x003EE5,0x003EE8,0x003EEA,0x003EED,0x003EF0,0x003EF3,0x003EF5,
0x003EF8,0x003EFB,0x003EFD,0x003F00,0x003F03,0x003F06,0x003F08,0x003F0B,
0x003F0E,0x003F11,0x003F13,0x003F16,0x003F19,0x003F1B,0x003F1E,0x003F21,
0x003F24,0x003F26,0x003F29,0x003F2C,0x003F2F,0x003F31,0x003F34,0x003F37,
0x003F3A,0x003F3C,0x003F3F,0x003F42,0x003F45,0x003F47,0x003F4A,0x003F4D,
0x003F50,0x003F52,0x003F55,0x003F58,0x003F5A,0x003F5D,0x003F60,0x003F63,
0x003F65,0x003F68,0x003F6B,0x003F6E,0x003F70,0x003F73,0x003F76,0x003F79,
0x003F7B,0x003F7E,0x003F81,0x003F84,0x003F86,0x003F89,0x003F8C,0x003F8F,
0x003F91,0x003F94,0x003F97,0x003F9A,0x003F9C,0x003F9F,0x003FA2,0x003FA5,
0x003FA8,0x003FAA,0x003FAD,0x003FB0,0x003FB3,0x003FB5,0x003FB8,0x003FBB,
0x003FBE,0x003FC0,0x003FC3,0x003FC6,0x003FC9,0x003FCB,0x003FCE,0x003FD1,
0x003FD4,0x003FD6,0x003FD9,0x003FDC,0x003FDF,0x003FE2,0x003FE4,0x003FE7,
0x003FEA,0x003FED,0x003FEF,0x003FF2,0x003FF5,0x003FF8,0x003FFA,0x003FFD,
0x004000,0x004002,0x004006,0x004008,0x00400C,0x00400E,0x004010,0x004014,
0x004016,0x004018,0x00401C,0x00401E,0x004022,0x004024,0x004026,0x00402A,
0x00402C,0x004030,0x004032,0x004034,0x004038,0x00403A,0x00403E,0x004040,
0x004042,0x004046,0x004048,0x00404C,0x00404E,0x004050,0x004054,0x004056,
0x004058,0x00405C,0x00405E,0x004062,0x004064,0x004066,0x00406A,0x00406C,
0x004070,0x004072,0x004074,0x004078,0x00407A,0x00407E,0x004080,0x004082,
0x004086,0x004088,0x00408C,0x00408E,0x004090,0x004094,0x004096,0x00409A,
0x00409C,0x00409E,0x0040A2,0x0040A4,0x0040A8,0x0040AA,0x0040AC,0x0040B0,
0x0040B2,0x0040B6,0x0040B8,0x0040BA,0x0040BE,0x0040C0,0x0040C4,0x0040C6,
0x0040C8,0x0040CC,0x0040CE,0x0040D2,0x0040D4,0x0040D6,0x0040DA,0x0040DC,
0x0040E0,0x0040E2,0x0040E4,0x0040E8,0x0040EA,0x0040EE,0x0040F0,0x0040F4,
0x0040F6,0x0040F8,0x0040FC,0x0040FE,0x004102,0x004104,0x004106,0x00410A,
0x00410C,0x004110,0x004112,0x004114,0x004118,0x00411A,0x00411E,0x004120,
0x004122,0x004126,0x004128,0x00412C,0x00412E,0x004132,0x004134,0x004136,
0x00413A,0x00413C,0x004140,0x004142,0x004144,0x004148,0x00414A,0x00414E,
0x004150,0x004152,0x004156,0x004158,0x00415C,0x00415E,0x004162,0x004164,
0x004166,0x00416A,0x00416C,0x004170,0x004172,0x004174,0x004178,0x00417A,
0x00417E,0x004180,0x004184,0x004186,0x004188,0x00418C,0x00418E,0x004192,
0x004194,0x004196,0x00419A,0x00419C,0x0041A0,0x0041A2,0x0041A6,0x0041A8,
0x0041AA,0x0041AE,0x0041B0,0x0041B4,0x0041B6,0x0041BA,0x0041BC,0x0041BE,
0x0041C2,0x0041C4,0x0041C8,0x0041CA,0x0041CE,0x0041D0,0x0041D2,0x0041D6,
0x0041D8,0x0041DC,0x0041DE,0x0041E2,0x0041E4,0x0041E6,0x0041EA,0x0041EC,
0x0041F0,0x0041F2,0x0041F6,0x0041F8,0x0041FA,0x0041FE,0x004200,0x004204,
0x004206,0x00420A,0x00420C,0x00420E,0x004212,0x004214,0x004218,0x00421A,
0x00421E,0x004220,0x004222,0x004226,0x004228,0x00422C,0x00422E,0x004232,
0x004234,0x004236,0x00423A,0x00423C,0x004240,0x004242,0x004246,0x004248,
0x00424A,0x00424E,0x004250,0x004254,0x004256,0x00425A,0x00425C,0x004260,
0x004262,0x004264,0x004268,0x00426A,0x00426E,0x004270,0x004274,0x004276,
0x004278,0x00427C,0x00427E,0x004282,0x004284,0x004288,0x00428A,0x00428E,
0x004290,0x004292,0x004296,0x004298,0x00429C,0x00429E,0x0042A2,0x0042A4,
0x0042A8,0x0042AA,0x0042AC,0x0042B0,0x0042B2,0x0042B6,0x0042B8,0x0042BC,
0x0042BE,0x0042C2,0x0042C4,0x0042C6,0x0042CA,0x0042CC,0x0042D0,0x0042D2,
0x0042D6,0x0042D8,0x0042DC,0x0042DE,0x0042E0,0x0042E4,0x0042E6,0x0042EA,
0x0042EC,0x0042F0,0x0042F2,0x0042F6,0x0042F8,0x0042FC,0x0042FE,0x004300,
0x004304,0x004306,0x00430A,0x00430C,0x004310,0x004312,0x004316,0x004318,
0x00431C,0x00431E,0x004320,0x004324,0x004326,0x00432A,0x00432C,0x004330,
0x004332,0x004336,0x004338,0x00433C,0x00433E,0x004340,0x004344,0x004346,
0x00434A,0x00434C,0x004350,0x004352,0x004356,0x004358,0x00435C,0x00435E,
0x004360,0x004364,0x004366,0x00436A,0x00436C,0x004370,0x004372,0x004376,
0x004378,0x00437C,0x00437E,0x004382,0x004384,0x004386,0x00438A,0x00438C,
0x004390,0x004392,0x004396,0x004398,0x00439C,0x00439E,0x0043A2,0x0043A4,
0x0043A8,0x0043AA,0x0043AC,0x0043B0,0x0043B2,0x0043B6,0x0043B8,0x0043BC,
0x0043BE,0x0043C2,0x0043C4,0x0043C8,0x0043CA,0x0043CE,0x0043D0,0x0043D4,
0x0043D6,0x0043DA,0x0043DC,0x0043DE,0x0043E2,0x0043E4,0x0043E8,0x0043EA,
0x0043EE,0x0043F0,0x0043F4,0x0043F6,0x0043FA,0x0043FC,0x004400,0x004402,
0x004406,0x004408,0x00440C,0x00440E,0x004410,0x004414,0x004416,0x00441A,
0x00441C,0x004420,0x004422,0x004426,0x004428,0x00442C,0x00442E,0x004432,
0x004434,0x004438,0x00443A,0x00443E,0x004440,0x004444,0x004446,0x00444A,
0x00444C,0x00444E,0x004452,0x004454,0x004458,0x00445A,0x00445E,0x004460,
0x004464,0x004466,0x00446A,0x00446C,0x004470,0x004472,0x004476,0x004478,
0x00447C,0x00447E,0x004482,0x004484,0x004488,0x00448A,0x00448E,0x004490,
0x004494,0x004496,0x00449A,0x00449C,0x0044A0,0x0044A2,0x0044A6,0x0044A8,
0x0044AA,0x0044AE,0x0044B0,0x0044B4,0x0044B6,0x0044BA,0x0044BC,0x0044C0,
0x0044C2,0x0044C6,0x0044C8,0x0044CC,0x0044CE,0x0044D2,0x0044D4,0x0044D8,
0x0044DA,0x0044DE,0x0044E0,0x0044E4,0x0044E6,0x0044EA,0x0044EC,0x0044F0,
0x0044F2,0x0044F6,0x0044F8,0x0044FC,0x0044FE,0x004502,0x004504,0x004508,
0x00450A,0x00450E,0x004510,0x004514,0x004516,0x00451A,0x00451C,0x004520,
0x004522,0x004526,0x004528,0x00452C,0x00452E,0x004532,0x004534,0x004538,
0x00453A,0x00453E,0x004540,0x004544,0x004546,0x00454A,0x00454C,0x004550,
0x004552,0x004556,0x004558,0x00455C,0x00455E,0x004562,0x004564,0x004568,
0x00456A,0x00456E,0x004570,0x004574,0x004576,0x00457A,0x00457C,0x004580,
0x004582,0x004586,0x004588,0x00458C,0x00458E,0x004592,0x004594,0x004598,
0x00459A,0x00459E,0x0045A0,0x0045A4,0x0045A6,0x0045AA,0x0045AC,0x0045B0,
0x0045B2,0x0045B6,0x0045B8,0x0045BC,0x0045BE,0x0045C2,0x0045C4,0x0045C8,
0x0045CA,0x0045CE,0x0045D0,0x0045D4,0x0045D6,0x0045DA,0x0045DE,0x0045E0,
0x0045E4,0x0045E6,0x0045EA,0x0045EC,0x0045F0,0x0045F2,0x0045F6,0x0045F8,
0x0045FC,0x0045FE,0x004602,0x004604,0x004608,0x00460A,0x00460E,0x004610,
0x004614,0x004616,0x00461A,0x00461C,0x004620,0x004622,0x004626,0x004628,
0x00462C,0x00462E,0x004632,0x004636,0x004638,0x00463C,0x00463E,0x004642,
0x004644,0x004648,0x00464A,0x00464E,0x004650,0x004654,0x004656,0x00465A,
0x00465C,0x004660,0x004662,0x004666,0x004668,0x00466C,0x00466E,0x004672,
0x004676,0x004678,0x00467C,0x00467E,0x004682,0x004684,0x004688,0x00468A,
0x00468E,0x004690,0x004694,0x004696,0x00469A,0x00469C,0x0046A0,0x0046A2,
0x0046A6,0x0046A8,0x0046AC,0x0046B0,0x0046B2,0x0046B6,0x0046B8,0x0046BC,
0x0046BE,0x0046C2,0x0046C4,0x0046C8,0x0046CA,0x0046CE,0x0046D0,0x0046D4,
0x0046D6,0x0046DA,0x0046DE,0x0046E0,0x0046E4,0x0046E6,0x0046EA,0x0046EC,
0x0046F0,0x0046F2,0x0046F6,0x0046F8,0x0046FC,0x0046FE,0x004702,0x004706,
0x004708,0x00470C,0x00470E,0x004712,0x004714,0x004718,0x00471A,0x00471E,
0x004720,0x004724,0x004726,0x00472A,0x00472E,0x004730,0x004734,0x004736,
0x00473A,0x00473C,0x004740,0x004742,0x004746,0x004748,0x00474C,0x004750,
0x004752,0x004756,0x004758,0x00475C,0x00475E,0x004762,0x004764,0x004768,
0x00476A,0x00476E,0x004772,0x004774,0x004778,0x00477A,0x00477E,0x004780,
0x004784,0x004786,0x00478A,0x00478C,0x004790,0x004794,0x004796,0x00479A,
0x00479C,0x0047A0,0x0047A2,0x0047A6,0x0047A8,0x0047AC,0x0047B0,0x0047B2,
0x0047B6,0x0047B8,0x0047BC,0x0047BE,0x0047C2,0x0047C4,0x0047C8,0x0047CC,
0x0047CE,0x0047D2,0x0047D4,0x0047D8,0x0047DA,0x0047DE,0x0047E0,0x0047E4,
0x0047E8,0x0047EA,0x0047EE,0x0047F0,0x0047F4,0x0047F6,0x0047FA,0x0047FC,
0x004800,0x004804,0x004806,0x00480A,0x00480C,0x004810,0x004812,0x004816,
0x004818,0x00481C,0x004820,0x004822,0x004826,0x004828,0x00482C,0x00482E,
0x004832,0x004836,0x004838,0x00483C,0x00483E,0x004842,0x004844,0x004848,
0x00484A,0x00484E,0x004852,0x004854,0x004858,0x00485A,0x00485E,0x004860,
0x004864,0x004868,0x00486A,0x00486E,0x004870,0x004874,0x004876,0x00487A,
0x00487E,0x004880,0x004884,0x004886,0x00488A,0x00488C,0x004890,0x004894,
0x004896,0x00489A,0x00489C,0x0048A0,0x0048A2,0x0048A6,0x0048AA,0x0048AC,
0x0048B0,0x0048B2,0x0048B6,0x0048B8,0x0048BC,0x0048C0,0x0048C2,0x0048C6,
0x0048C8,0x0048CC,0x0048CE,0x0048D2,0x0048D6,0x0048D8,0x0048DC,0x0048DE,
0x0048E2,0x0048E6,0x0048E8,0x0048EC,0x0048EE,0x0048F2,0x0048F4,0x0048F8,
0x0048FC,0x0048FE,0x004902,0x004904,0x004908,0x00490C,0x00490E,0x004912,
0x004914,0x004918,0x00491A,0x00491E,0x004922,0x004924,0x004928,0x00492A,
0x00492E,0x004932,0x004934,0x004938,0x00493A,0x00493E,0x004940,0x004944,
0x004948,0x00494A,0x00494E,0x004950,0x004954,0x004958,0x00495A,0x00495E,
0x004960,0x004964,0x004966,0x00496A,0x00496E,0x004970,0x004974,0x004976,
0x00497A,0x00497E,0x004980,0x004984,0x004986,0x00498A,0x00498E,0x004990,
0x004994,0x004996,0x00499A,0x00499E,0x0049A0,0x0049A4,0x0049A6,0x0049AA,
0x0049AE,0x0049B0,0x0049B4,0x0049B6,0x0049BA,0x0049BE,0x0049C0,0x0049C4,
0x0049C6,0x0049CA,0x0049CE,0x0049D0,0x0049D4,0x0049D6,0x0049DA,0x0049DE,
0x0049E0,0x0049E4,0x0049E6,0x0049EA,0x0049EE,0x0049F0,0x0049F4,0x0049F6,
0x0049FA,0x0049FE,0x004A00,0x004A04,0x004A06,0x004A0A,0x004A0E,0x004A10,
0x004A14,0x004A16,0x004A1A,0x004A1E,0x004A20,0x004A24,0x004A26,0x004A2A,
0x004A2E,0x004A30,0x004A34,0x004A36,0x004A3A,0x004A3E,0x004A40,0x004A44,
0x004A46,0x004A4A,0x004A4E,0x004A50,0x004A54,0x004A58,0x004A5A,0x004A5E,
0x004A60,0x004A64,0x004A68,0x004A6A,0x004A6E,0x004A70,0x004A74,0x004A78,
0x004A7A,0x004A7E,0x004A80,0x004A84,0x004A88,0x004A8A,0x004A8E,0x004A92,
0x004A94,0x004A98,0x004A9A,0x004A9E,0x004AA2,0x004AA4,0x004AA8,0x004AAA,
0x004AAE,0x004AB2,0x004AB4,0x004AB8,0x004ABC,0x004ABE,0x004AC2,0x004AC4,
0x004AC8,0x004ACC,0x004ACE,0x004AD2,0x004AD6,0x004AD8,0x004ADC,0x004ADE,
0x004AE2,0x004AE6,0x004AE8,0x004AEC,0x004AEE,0x004AF2,0x004AF6,0x004AF8,
0x004AFC,0x004B00,0x004B02,0x004B06,0x004B08,0x004B0C,0x004B10,0x004B12,
0x004B16,0x004B1A,0x004B1C,0x004B20,0x004B22,0x004B26,0x004B2A,0x004B2C,
0x004B30,0x004B34,0x004B36,0x004B3A,0x004B3E,0x004B40,0x004B44,0x004B46,
0x004B4A,0x004B4E,0x004B50,0x004B54,0x004B58,0x004B5A,0x004B5E,0x004B60,
0x004B64,0x004B68,0x004B6A,0x004B6E,0x004B72,0x004B74,0x004B78,0x004B7C,
0x004B7E,0x004B82,0x004B84,0x004B88,0x004B8C,0x004B8E,0x004B92,0x004B96,
0x004B98,0x004B9C,0x004BA0,0x004BA2,0x004BA6,0x004BA8,0x004BAC,0x004BB0,
0x004BB2,0x004BB6,0x004BBA,0x004BBC,0x004BC0,0x004BC4,0x004BC6,0x004BCA,
0x004BCC,0x004BD0,0x004BD4,0x004BD6,0x004BDA,0x004BDE,0x004BE0,0x004BE4,
0x004BE8,0x004BEA,0x004BEE,0x004BF2,0x004BF4,0x004BF8,0x004BFC,0x004BFE,
0x004C02,0x004C04,0x004C08,0x004C0C,0x004C0E,0x004C12,0x004C16,0x004C18,
0x004C1C,0x004C20,0x004C22,0x004C26,0x004C2A,0x004C2C,0x004C30,0x004C34,
0x004C36,0x004C3A,0x004C3C,0x004C40,0x004C44,0x004C46,0x004C4A,0x004C4E,
0x004C50,0x004C54,0x004C58,0x004C5A,0x004C5E,0x004C62,0x004C64,0x004C68,
0x004C6C,0x004C6E,0x004C72,0x004C76,0x004C78,0x004C7C,0x004C80,0x004C82,
0x004C86,0x004C8A,0x004C8C,0x004C90,0x004C94,0x004C96,0x004C9A,0x004C9C,
0x004CA0,0x004CA4,0x004CA6,0x004CAA,0x004CAE,0x004CB0,0x004CB4,0x004CB8,
0x004CBA,0x004CBE,0x004CC2,0x004CC4,0x004CC8,0x004CCC,0x004CCE,0x004CD2,
0x004CD6,0x004CD8,0x004CDC,0x004CE0,0x004CE2,0x004CE6,0x004CEA,0x004CEC,
0x004CF0,0x004CF4,0x004CF6,0x004CFA,0x004CFE,0x004D00,0x004D04,0x004D08,
0x004D0A,0x004D0E,0x004D12,0x004D14,0x004D18,0x004D1C,0x004D1E,0x004D22,
0x004D26,0x004D28,0x004D2C,0x004D30,0x004D32,0x004D36,0x004D3A,0x004D3C,
0x004D40,0x004D44,0x004D46,0x004D4A,0x004D4E,0x004D52,0x004D54,0x004D58,
0x004D5C,0x004D5E,0x004D62,0x004D66,0x004D68,0x004D6C,0x004D70,0x004D72,
0x004D76,0x004D7A,0x004D7C,0x004D80,0x004D84,0x004D86,0x004D8A,0x004D8E,
0x004D90,0x004D94,0x004D98,0x004D9A,0x004D9E,0x004DA2,0x004DA4,0x004DA8,
0x004DAC,0x004DB0,0x004DB2,0x004DB6,0x004DBA,0x004DBC,0x004DC0,0x004DC4,
0x004DC6,0x004DCA,0x004DCE,0x004DD0,0x004DD4,0x004DD8,0x004DDA,0x004DDE,
0x004DE2,0x004DE4,0x004DE8,0x004DEC,0x004DF0,0x004DF2,0x004DF6,0x004DFA,
0x004DFC,0x004E00,0x004E04,0x004E06,0x004E0A,0x004E0E,0x004E10,0x004E14,
0x004E18,0x004E1C,0x004E1E,0x004E22,0x004E26,0x004E28,0x004E2C,0x004E30,
0x004E32,0x004E36,0x004E3A,0x004E3C,0x004E40,0x004E44,0x004E48,0x004E4A,
0x004E4E,0x004E52,0x004E54,0x004E58,0x004E5C,0x004E5E,0x004E62,0x004E66,
0x004E6A,0x004E6C,0x004E70,0x004E74,0x004E76,0x004E7A,0x004E7E,0x004E80,
0x004E84,0x004E88,0x004E8C,0x004E8E,0x004E92,0x004E96,0x004E98,0x004E9C,
0x004EA0,0x004EA2,0x004EA6,0x004EAA,0x004EAE,0x004EB0,0x004EB4,0x004EB8,
0x004EBA,0x004EBE,0x004EC2,0x004EC4,0x004EC8,0x004ECC,0x004ED0,0x004ED2,
0x004ED6,0x004EDA,0x004EDC,0x004EE0,0x004EE4,0x004EE8,0x004EEA,0x004EEE,
0x004EF2,0x004EF4,0x004EF8,0x004EFC,0x004F00,0x004F02,0x004F06,0x004F0A,
0x004F0C,0x004F10,0x004F14,0x004F16,0x004F1A,0x004F1E,0x004F22,0x004F24,
0x004F28,0x004F2C,0x004F2E,0x004F32,0x004F36,0x004F3A,0x004F3C,0x004F40,
0x004F44,0x004F48,0x004F4A,0x004F4E,0x004F52,0x004F54,0x004F58,0x004F5C,
0x004F60,0x004F62,0x004F66,0x004F6A,0x004F6C,0x004F70,0x004F74,0x004F78,
0x004F7A,0x004F7E,0x004F82,0x004F84,0x004F88,0x004F8C,0x004F90,0x004F92,
0x004F96,0x004F9A,0x004F9E,0x004FA0,0x004FA4,0x004FA8,0x004FAA,0x004FAE,
0x004FB2,0x004FB6,0x004FB8,0x004FBC,0x004FC0,0x004FC4,0x004FC6,0x004FCA,
0x004FCE,0x004FD0,0x004FD4,0x004FD8,0x004FDC,0x004FDE,0x004FE2,0x004FE6,
0x004FEA,0x004FEC,0x004FF0,0x004FF4,0x004FF6,0x004FFA,0x004FFE,0x005002,
0x005004,0x005008,0x00500C,0x005010,0x005012,0x005016,0x00501A,0x00501E,
0x005020,0x005024,0x005028,0x00502A,0x00502E,0x005032,0x005036,0x005038,
0x00503C,0x005040,0x005044,0x005046,0x00504A,0x00504E,0x005052,0x005054,
0x005058,0x00505C,0x005060,0x005062,0x005066,0x00506A,0x00506E,0x005070,
0x005074,0x005078,0x00507A,0x00507E,0x005082,0x005086,0x005088,0x00508C,
0x005090,0x005094,0x005096,0x00509A,0x00509E,0x0050A2,0x0050A4,0x0050A8,
0x0050AC,0x0050B0,0x0050B2,0x0050B6,0x0050BA,0x0050BE,0x0050C0,0x0050C4,
0x0050C8,0x0050CC,0x0050CE,0x0050D2,0x0050D6,0x0050DA,0x0050DC,0x0050E0,
0x0050E4,0x0050E8,0x0050EA,0x0050EE,0x0050F2,0x0050F6,0x0050F8,0x0050FC,
0x005100,0x005104,0x005106,0x00510A,0x00510E,0x005112,0x005114,0x005118,
0x00511C,0x005120,0x005124,0x005126,0x00512A,0x00512E,0x005132,0x005134,
0x005138,0x00513C,0x005140,0x005142,0x005146,0x00514A,0x00514E,0x005150,
0x005154,0x005158,0x00515C,0x00515E,0x005162,0x005166,0x00516A,0x00516C,
0x005170,0x005174,0x005178,0x00517C,0x00517E,0x005182,0x005186,0x00518A,
0x00518C,0x005190,0x005194,0x005198,0x00519A,0x00519E,0x0051A2,0x0051A6,
0x0051AA,0x0051AC,0x0051B0,0x0051B4,0x0051B8,0x0051BA,0x0051BE,0x0051C2,
0x0051C6,0x0051C8,0x0051CC,0x0051D0,0x0051D4,0x0051D8,0x0051DA,0x0051DE,
0x0051E2,0x0051E6,0x0051E8,0x0051EC,0x0051F0,0x0051F4,0x0051F8,0x0051FA,
0x0051FE,0x005202,0x005206,0x005208,0x00520C,0x005210,0x005214,0x005216,
0x00521A,0x00521E,0x005222,0x005226,0x005228,0x00522C,0x005230,0x005234,
0x005238,0x00523A,0x00523E,0x005242,0x005246,0x005248,0x00524C,0x005250,
0x005254,0x005258,0x00525A,0x00525E,0x005262,0x005266,0x005268,0x00526C,
0x005270,0x005274,0x005278,0x00527A,0x00527E,0x005282,0x005286,0x00528A,
0x00528C,0x005290,0x005294,0x005298,0x00529A,0x00529E,0x0052A2,0x0052A6,
0x0052AA,0x0052AC,0x0052B0,0x0052B4,0x0052B8,0x0052BC,0x0052BE,0x0052C2,
0x0052C6,0x0052CA,0x0052CE,0x0052D0,0x0052D4,0x0052D8,0x0052DC,0x0052E0,
0x0052E2,0x0052E6,0x0052EA,0x0052EE,0x0052F2,0x0052F4,0x0052F8,0x0052FC,
0x005300,0x005304,0x005306,0x00530A,0x00530E,0x005312,0x005316,0x005318,
0x00531C,0x005320,0x005324,0x005328,0x00532A,0x00532E,0x005332,0x005336,
0x00533A,0x00533C,0x005340,0x005344,0x005348,0x00534C,0x00534E,0x005352,
0x005356,0x00535A,0x00535E,0x005360,0x005364,0x005368,0x00536C,0x005370,
0x005372,0x005376,0x00537A,0x00537E,0x005382,0x005384,0x005388,0x00538C,
0x005390,0x005394,0x005396,0x00539A,0x00539E,0x0053A2,0x0053A6,0x0053AA,
0x0053AC,0x0053B0,0x0053B4,0x0053B8,0x0053BC,0x0053BE,0x0053C2,0x0053C6,
0x0053CA,0x0053CE,0x0053D0,0x0053D4,0x0053D8,0x0053DC,0x0053E0,0x0053E4,
0x0053E6,0x0053EA,0x0053EE,0x0053F2,0x0053F6,0x0053F8,0x0053FC,0x005400,
0x005404,0x005408,0x00540C,0x00540E,0x005412,0x005416,0x00541A,0x00541E,
0x005422,0x005424,0x005428,0x00542C,0x005430,0x005434,0x005436,0x00543A,
0x00543E,0x005442,0x005446,0x00544A,0x00544C,0x005450,0x005454,0x005458,
0x00545C,0x005460,0x005462,0x005466,0x00546A,0x00546E,0x005472,0x005476,
0x005478,0x00547C,0x005480,0x005484,0x005488,0x00548A,0x00548E,0x005492,
0x005496,0x00549A,0x00549E,0x0054A0,0x0054A4,0x0054A8,0x0054AC,0x0054B0,
0x0054B4,0x0054B6,0x0054BA,0x0054BE,0x0054C2,0x0054C6,0x0054CA,0x0054CE,
0x0054D0,0x0054D4,0x0054D8,0x0054DC,0x0054E0,0x0054E4,0x0054E6,0x0054EA,
0x0054EE,0x0054F2,0x0054F6,0x0054FA,0x0054FC,0x005500,0x005504,0x005508,
0x00550C,0x005510,0x005512,0x005516,0x00551A,0x00551E,0x005522,0x005526,
0x00552A,0x00552C,0x005530,0x005534,0x005538,0x00553C,0x005540,0x005542,
0x005546,0x00554A,0x00554E,0x005552,0x005556,0x00555A,0x00555C,0x005560,
0x005564,0x005568,0x00556C,0x005570,0x005572,0x005576,0x00557A,0x00557E,
0x005582,0x005586,0x00558A,0x00558C,0x005590,0x005594,0x005598,0x00559C,
0x0055A0,0x0055A4,0x0055A6,0x0055AA,0x0055AE,0x0055B2,0x0055B6,0x0055BA,
0x0055BE,0x0055C0,0x0055C4,0x0055C8,0x0055CC,0x0055D0,0x0055D4,0x0055D8,
0x0055DA,0x0055DE,0x0055E2,0x0055E6,0x0055EA,0x0055EE,0x0055F2,0x0055F4,
0x0055F8,0x0055FC,0x005600,0x005604,0x005608,0x00560C,0x00560E,0x005612,
0x005616,0x00561A,0x00561E,0x005622,0x005626,0x00562A,0x00562C,0x005630,
0x005634,0x005638,0x00563C,0x005640,0x005644,0x005646,0x00564A,0x00564E,
0x005652,0x005656,0x00565A,0x00565E,0x005662,0x005664,0x005668,0x00566C,
0x005670,0x005674,0x005678,0x00567C,0x005680,0x005682,0x005686,0x00568A,
0x00568E,0x005692,0x005696,0x00569A,0x00569E,0x0056A0,0x0056A4,0x0056A8,
0x0056AC,0x0056B0,0x0056B4,0x0056B8,0x0056BC,0x0056BE,0x0056C2,0x0056C6,
0x0056CA,0x0056CE,0x0056D2,0x0056D6,0x0056DA,0x0056DC,0x0056E0,0x0056E4,
0x0056E8,0x0056EC,0x0056F0,0x0056F4,0x0056F8,0x0056FC,0x0056FE,0x005702,
0x005706,0x00570A,0x00570E,0x005712,0x005716,0x00571A,0x00571E,0x005720,
0x005724,0x005728,0x00572C,0x005730,0x005734,0x005738,0x00573C,0x005740,
0x005742,0x005746,0x00574A,0x00574E,0x005752,0x005756,0x00575A,0x00575E,
0x005762,0x005764,0x005768,0x00576C,0x005770,0x005774,0x005778,0x00577C,
0x005780,0x005784,0x005786,0x00578A,0x00578E,0x005792,0x005796,0x00579A,
0x00579E,0x0057A2,0x0057A6,0x0057AA,0x0057AC,0x0057B0,0x0057B4,0x0057B8,
0x0057BC,0x0057C0,0x0057C4,0x0057C8,0x0057CC,0x0057D0,0x0057D2,0x0057D6,
0x0057DA,0x0057DE,0x0057E2,0x0057E6,0x0057EA,0x0057EE,0x0057F2,0x0057F6,
0x0057FA,0x0057FC,0x005800,0x005804,0x005808,0x00580C,0x005810,0x005814,
0x005818,0x00581C,0x005820,0x005822,0x005826,0x00582A,0x00582E,0x005832,
0x005836,0x00583A,0x00583E,0x005842,0x005846,0x00584A,0x00584E,0x005850,
0x005854,0x005858,0x00585C,0x005860,0x005864,0x005868,0x00586C,0x005870,
0x005874,0x005878,0x00587A,0x00587E,0x005882,0x005886,0x00588A,0x00588E,
0x005892,0x005896,0x00589A,0x00589E,0x0058A2,0x0058A6,0x0058AA,0x0058AC,
0x0058B0,0x0058B4,0x0058B8,0x0058BC,0x0058C0,0x0058C4,0x0058C8,0x0058CC,
0x0058D0,0x0058D4,0x0058D8,0x0058DC,0x0058DE,0x0058E2,0x0058E6,0x0058EA,
0x0058EE,0x0058F2,0x0058F6,0x0058FA,0x0058FE,0x005902,0x005906,0x00590A,
0x00590E,0x005910,0x005914,0x005918,0x00591C,0x005920,0x005924,0x005928,
0x00592C,0x005930,0x005934,0x005938,0x00593C,0x005940,0x005944,0x005948,
0x00594A,0x00594E,0x005952,0x005956,0x00595A,0x00595E,0x005962,0x005966,
0x00596A,0x00596E,0x005972,0x005976,0x00597A,0x00597E,0x005982,0x005986,
0x005988,0x00598C,0x005990,0x005994,0x005998,0x00599C,0x0059A0,0x0059A4,
0x0059A8,0x0059AC,0x0059B0,0x0059B4,0x0059B8,0x0059BC,0x0059C0,0x0059C4,
0x0059C8,0x0059CA,0x0059CE,0x0059D2,0x0059D6,0x0059DA,0x0059DE,0x0059E2,
0x0059E6,0x0059EA,0x0059EE,0x0059F2,0x0059F6,0x0059FA,0x0059FE,0x005A02,
0x005A06,0x005A0A,0x005A0E,0x005A12,0x005A14,0x005A18,0x005A1C,0x005A20,
0x005A24,0x005A28,0x005A2C,0x005A30,0x005A34,0x005A38,0x005A3C,0x005A40,
0x005A44,0x005A48,0x005A4C,0x005A50,0x005A54,0x005A58,0x005A5C,0x005A60,
0x005A64,0x005A68,0x005A6A,0x005A6E,0x005A72,0x005A76,0x005A7A,0x005A7E,
0x005A82,0x005A86,0x005A8A,0x005A8E,0x005A92,0x005A96,0x005A9A,0x005A9E,
0x005AA2,0x005AA6,0x005AAA,0x005AAE,0x005AB2,0x005AB6,0x005ABA,0x005ABE,
0x005AC2,0x005AC6,0x005ACA,0x005ACE,0x005AD2,0x005AD4,0x005AD8,0x005ADC,
0x005AE0,0x005AE4,0x005AE8,0x005AEC,0x005AF0,0x005AF4,0x005AF8,0x005AFC,
0x005B00,0x005B04,0x005B08,0x005B0C,0x005B10,0x005B14,0x005B18,0x005B1C,
0x005B20,0x005B24,0x005B28,0x005B2C,0x005B30,0x005B34,0x005B38,0x005B3C,
0x005B40,0x005B44,0x005B48,0x005B4C,0x005B50,0x005B54,0x005B58,0x005B5C,
0x005B60,0x005B64,0x005B68,0x005B6A,0x005B6E,0x005B72,0x005B76,0x005B7A,
0x005B7E,0x005B82,0x005B86,0x005B8A,0x005B8E,0x005B92,0x005B96,0x005B9A,
0x005B9E,0x005BA2,0x005BA6,0x005BAA,0x005BAE,0x005BB2,0x005BB6,0x005BBA,
0x005BBE,0x005BC2,0x005BC6,0x005BCA,0x005BCE,0x005BD2,0x005BD6,0x005BDA,
0x005BDE,0x005BE2,0x005BE6,0x005BEA,0x005BEE,0x005BF2,0x005BF6,0x005BFA,
0x005BFE,0x005C02,0x005C06,0x005C0A,0x005C0E,0x005C12,0x005C16,0x005C1A,
0x005C1E,0x005C22,0x005C26,0x005C2A,0x005C2E,0x005C32,0x005C36,0x005C3A,
0x005C3E,0x005C42,0x005C46,0x005C4A,0x005C4E,0x005C52,0x005C56,0x005C5A,
0x005C5E,0x005C62,0x005C66,0x005C6A,0x005C6E,0x005C72,0x005C76,0x005C7A,
0x005C7E,0x005C82,0x005C86,0x005C8A,0x005C8E,0x005C92,0x005C96,0x005C9A,
0x005C9E,0x005CA2,0x005CA6,0x005CAA,0x005CAE,0x005CB2,0x005CB6,0x005CBA,
0x005CBE,0x005CC2,0x005CC6,0x005CCA,0x005CCE,0x005CD2,0x005CD6,0x005CDA,
0x005CDE,0x005CE2,0x005CE6,0x005CEA,0x005CEE,0x005CF2,0x005CF6,0x005CFA,
0x005CFE,0x005D02,0x005D06,0x005D0A,0x005D0E,0x005D12,0x005D16,0x005D1A,
0x005D1E,0x005D22,0x005D26,0x005D2A,0x005D2E,0x005D32,0x005D36,0x005D3A,
0x005D3E,0x005D42,0x005D48,0x005D4C,0x005D50,0x005D54,0x005D58,0x005D5C,
0x005D60,0x005D64,0x005D68,0x005D6C,0x005D70,0x005D74,0x005D78,0x005D7C,
0x005D80,0x005D84,0x005D88,0x005D8C,0x005D90,0x005D94,0x005D98,0x005D9C,
0x005DA0,0x005DA4,0x005DA8,0x005DAC,0x005DB0,0x005DB4,0x005DB8,0x005DBC,
0x005DC0,0x005DC4,0x005DC8,0x005DCC,0x005DD0,0x005DD4,0x005DD8,0x005DDE,
0x005DE2,0x005DE6,0x005DEA,0x005DEE,0x005DF2,0x005DF6,0x005DFA,0x005DFE,
0x005E02,0x005E06,0x005E0A,0x005E0E,0x005E12,0x005E16,0x005E1A,0x005E1E,
0x005E22,0x005E26,0x005E2A,0x005E2E,0x005E32,0x005E36,0x005E3A,0x005E3E,
0x005E42,0x005E46,0x005E4C,0x005E50,0x005E54,0x005E58,0x005E5C,0x005E60,
0x005E64,0x005E68,0x005E6C,0x005E70,0x005E74,0x005E78,0x005E7C,0x005E80,
0x005E84,0x005E88,0x005E8C,0x005E90,0x005E94,0x005E98,0x005E9C,0x005EA0,
0x005EA6,0x005EAA,0x005EAE,0x005EB2,0x005EB6,0x005EBA,0x005EBE,0x005EC2,
0x005EC6,0x005ECA,0x005ECE,0x005ED2,0x005ED6,0x005EDA,0x005EDE,0x005EE2,
0x005EE6,0x005EEA,0x005EF0,0x005EF4,0x005EF8,0x005EFC,0x005F00,0x005F04,
0x005F08,0x005F0C,0x005F10,0x005F14,0x005F18,0x005F1C,0x005F20,0x005F24,
0x005F28,0x005F2C,0x005F30,0x005F36,0x005F3A,0x005F3E,0x005F42,0x005F46,
0x005F4A,0x005F4E,0x005F52,0x005F56,0x005F5A,0x005F5E,0x005F62,0x005F66,
0x005F6A,0x005F6E,0x005F72,0x005F78,0x005F7C,0x005F80,0x005F84,0x005F88,
0x005F8C,0x005F90,0x005F94,0x005F98,0x005F9C,0x005FA0,0x005FA4,0x005FA8,
0x005FAC,0x005FB2,0x005FB6,0x005FBA,0x005FBE,0x005FC2,0x005FC6,0x005FCA,
0x005FCE,0x005FD2,0x005FD6,0x005FDA,0x005FDE,0x005FE2,0x005FE8,0x005FEC,
0x005FF0,0x005FF4,0x005FF8,0x005FFC,0x006000,0x006004,0x006008,0x00600C,
0x006010,0x006014,0x006018,0x00601E,0x006022,0x006026,0x00602A,0x00602E,
0x006032,0x006036,0x00603A,0x00603E,0x006042,0x006046,0x00604A,0x006050,
0x006054,0x006058,0x00605C,0x006060,0x006064,0x006068,0x00606C,0x006070,
0x006074,0x006078,0x00607E,0x006082,0x006086,0x00608A,0x00608E,0x006092,
0x006096,0x00609A,0x00609E,0x0060A2,0x0060A6,0x0060AC,0x0060B0,0x0060B4,
0x0060B8,0x0060BC,0x0060C0,0x0060C4,0x0060C8,0x0060CC,0x0060D0,0x0060D4,
0x0060DA,0x0060DE,0x0060E2,0x0060E6,0x0060EA,0x0060EE,0x0060F2,0x0060F6,
0x0060FA,0x0060FE,0x006104,0x006108,0x00610C,0x006110,0x006114,0x006118,
0x00611C,0x006120,0x006124,0x00612A,0x00612E,0x006132,0x006136,0x00613A,
0x00613E,0x006142,0x006146,0x00614A,0x00614E,0x006154,0x006158,0x00615C,
0x006160,0x006164,0x006168,0x00616C,0x006170,0x006174,0x00617A,0x00617E,
0x006182,0x006186,0x00618A,0x00618E,0x006192,0x006196,0x00619A,0x0061A0,
0x0061A4,0x0061A8,0x0061AC,0x0061B0,0x0061B4,0x0061B8,0x0061BC,0x0061C2,
0x0061C6,0x0061CA,0x0061CE,0x0061D2,0x0061D6,0x0061DA,0x0061DE,0x0061E2,
0x0061E8,0x0061EC,0x0061F0,0x0061F4,0x0061F8,0x0061FC,0x006200,0x006204,
0x00620A,0x00620E,0x006212,0x006216,0x00621A,0x00621E,0x006222,0x006226,
0x00622C,0x006230,0x006234,0x006238,0x00623C,0x006240,0x006244,0x006248,
0x00624E,0x006252,0x006256,0x00625A,0x00625E,0x006262,0x006266,0x00626A,
0x006270,0x006274,0x006278,0x00627C,0x006280,0x006284,0x006288,0x00628E,
0x006292,0x006296,0x00629A,0x00629E,0x0062A2,0x0062A6,0x0062AC,0x0062B0,
0x0062B4,0x0062B8,0x0062BC,0x0062C0,0x0062C4,0x0062C8,0x0062CE,0x0062D2,
0x0062D6,0x0062DA,0x0062DE,0x0062E2,0x0062E6,0x0062EC,0x0062F0,0x0062F4,
0x0062F8,0x0062FC,0x006300,0x006304,0x00630A,0x00630E,0x006312,0x006316,
0x00631A,0x00631E,0x006324,0x006328,0x00632C,0x006330,0x006334,0x006338,
0x00633C,0x006342,0x006346,0x00634A,0x00634E,0x006352,0x006356,0x00635A,
0x006360,0x006364,0x006368,0x00636C,0x006370,0x006374,0x00637A,0x00637E,
0x006382,0x006386,0x00638A,0x00638E,0x006392,0x006398,0x00639C,0x0063A0,
0x0063A4,0x0063A8,0x0063AC,0x0063B2,0x0063B6,0x0063BA,0x0063BE,0x0063C2,
0x0063C6,0x0063CC,0x0063D0,0x0063D4,0x0063D8,0x0063DC,0x0063E0,0x0063E6,
0x0063EA,0x0063EE,0x0063F2,0x0063F6,0x0063FA,0x0063FE,0x006404,0x006408,
0x00640C,0x006410,0x006414,0x006418,0x00641E,0x006422,0x006426,0x00642A,
0x00642E,0x006434,0x006438,0x00643C,0x006440,0x006444,0x006448,0x00644E,
0x006452,0x006456,0x00645A,0x00645E,0x006462,0x006468,0x00646C,0x006470,
0x006474,0x006478,0x00647C,0x006482,0x006486,0x00648A,0x00648E,0x006492,
0x006498,0x00649C,0x0064A0,0x0064A4,0x0064A8,0x0064AC,0x0064B2,0x0064B6,
0x0064BA,0x0064BE,0x0064C2,0x0064C8,0x0064CC,0x0064D0,0x0064D4,0x0064D8,
0x0064DC,0x0064E2,0x0064E6,0x0064EA,0x0064EE,0x0064F2,0x0064F8,0x0064FC,
0x006500,0x006504,0x006508,0x00650C,0x006512,0x006516,0x00651A,0x00651E,
0x006522,0x006528,0x00652C,0x006530,0x006534,0x006538,0x00653E,0x006542,
0x006546,0x00654A,0x00654E,0x006554,0x006558,0x00655C,0x006560,0x006564,
0x00656A,0x00656E,0x006572,0x006576,0x00657A,0x006580,0x006584,0x006588,
0x00658C,0x006590,0x006596,0x00659A,0x00659E,0x0065A2,0x0065A6,0x0065AC,
0x0065B0,0x0065B4,0x0065B8,0x0065BC,0x0065C2,0x0065C6,0x0065CA,0x0065CE,
0x0065D2,0x0065D8,0x0065DC,0x0065E0,0x0065E4,0x0065E8,0x0065EE,0x0065F2,
0x0065F6,0x0065FA,0x0065FE,0x006604,0x006608,0x00660C,0x006610,0x006614,
0x00661A,0x00661E,0x006622,0x006626,0x00662C,0x006630,0x006634,0x006638,
0x00663C,0x006642,0x006646,0x00664A,0x00664E,0x006652,0x006658,0x00665C,
0x006660,0x006664,0x00666A,0x00666E,0x006672,0x006676,0x00667A,0x006680,
0x006684,0x006688,0x00668C,0x006692,0x006696,0x00669A,0x00669E,0x0066A2,
0x0066A8,0x0066AC,0x0066B0,0x0066B4,0x0066BA,0x0066BE,0x0066C2,0x0066C6,
0x0066CA,0x0066D0,0x0066D4,0x0066D8,0x0066DC,0x0066E2,0x0066E6,0x0066EA,
0x0066EE,0x0066F4,0x0066F8,0x0066FC,0x006700,0x006704,0x00670A,0x00670E,
0x006712,0x006716,0x00671C,0x006720,0x006724,0x006728,0x00672E,0x006732,
0x006736,0x00673A,0x00673E,0x006744,0x006748,0x00674C,0x006750,0x006756,
0x00675A,0x00675E,0x006762,0x006768,0x00676C,0x006770,0x006774,0x00677A,
0x00677E,0x006782,0x006786,0x00678C,0x006790,0x006794,0x006798,0x00679E,
0x0067A2,0x0067A6,0x0067AA,0x0067B0,0x0067B4,0x0067B8,0x0067BC,0x0067C0,
0x0067C6,0x0067CA,0x0067CE,0x0067D2,0x0067D8,0x0067DC,0x0067E0,0x0067E4,
0x0067EA,0x0067EE,0x0067F2,0x0067F6,0x0067FC,0x006800,0x006804,0x00680A,
0x00680E,0x006812,0x006816,0x00681C,0x006820,0x006824,0x006828,0x00682E,
0x006832,0x006836,0x00683A,0x006840,0x006844,0x006848,0x00684C,0x006852,
0x006856,0x00685A,0x00685E,0x006864,0x006868,0x00686C,0x006870,0x006876,
0x00687A,0x00687E,0x006882,0x006888,0x00688C,0x006890,0x006896,0x00689A,
0x00689E,0x0068A2,0x0068A8,0x0068AC,0x0068B0,0x0068B4,0x0068BA,0x0068BE,
0x0068C2,0x0068C6,0x0068CC,0x0068D0,0x0068D4,0x0068DA,0x0068DE,0x0068E2,
0x0068E6,0x0068EC,0x0068F0,0x0068F4,0x0068F8,0x0068FE,0x006902,0x006906,
0x00690C,0x006910,0x006914,0x006918,0x00691E,0x006922,0x006926,0x00692C,
0x006930,0x006934,0x006938,0x00693E,0x006942,0x006946,0x00694A,0x006950,
0x006954,0x006958,0x00695E,0x006962,0x006966,0x00696A,0x006970,0x006974,
0x006978,0x00697E,0x006982,0x006986,0x00698A,0x006990,0x006994,0x006998,
0x00699E,0x0069A2,0x0069A6,0x0069AA,0x0069B0,0x0069B4,0x0069B8,0x0069BE,
0x0069C2,0x0069C6,0x0069CA,0x0069D0,0x0069D4,0x0069D8,0x0069DE,0x0069E2,
0x0069E6,0x0069EC,0x0069F0,0x0069F4,0x0069F8,0x0069FE,0x006A02,0x006A06,
0x006A0C,0x006A10,0x006A14,0x006A18,0x006A1E,0x006A22,0x006A26,0x006A2C,
0x006A30,0x006A34,0x006A3A,0x006A3E,0x006A42,0x006A46,0x006A4C,0x006A50,
0x006A54,0x006A5A,0x006A5E,0x006A62,0x006A68,0x006A6C,0x006A70,0x006A76,
0x006A7A,0x006A7E,0x006A82,0x006A88,0x006A8C,0x006A90,0x006A96,0x006A9A,
0x006A9E,0x006AA4,0x006AA8,0x006AAC,0x006AB2,0x006AB6,0x006ABA,0x006ABE,
0x006AC4,0x006AC8,0x006ACC,0x006AD2,0x006AD6,0x006ADA,0x006AE0,0x006AE4,
0x006AE8,0x006AEE,0x006AF2,0x006AF6,0x006AFC,0x006B00,0x006B04,0x006B0A,
0x006B0E,0x006B12,0x006B16,0x006B1C,0x006B20,0x006B24,0x006B2A,0x006B2E,
0x006B32,0x006B38,0x006B3C,0x006B40,0x006B46,0x006B4A,0x006B4E,0x006B54,
0x006B58,0x006B5C,0x006B62,0x006B66,0x006B6A,0x006B70,0x006B74,0x006B78,
0x006B7E,0x006B82,0x006B86,0x006B8C,0x006B90,0x006B94,0x006B9A,0x006B9E,
0x006BA2,0x006BA8,0x006BAC,0x006BB0,0x006BB6,0x006BBA,0x006BBE,0x006BC4,
0x006BC8,0x006BCC,0x006BD2,0x006BD6,0x006BDA,0x006BE0,0x006BE4,0x006BE8,
0x006BEE,0x006BF2,0x006BF6,0x006BFC,0x006C00,0x006C04,0x006C0A,0x006C0E,
0x006C12,0x006C18,0x006C1C,0x006C20,0x006C26,0x006C2A,0x006C2E,0x006C34,
0x006C38,0x006C3C,0x006C42,0x006C46,0x006C4A,0x006C50,0x006C54,0x006C58,
0x006C5E,0x006C62,0x006C68,0x006C6C,0x006C70,0x006C76,0x006C7A,0x006C7E,
0x006C84,0x006C88,0x006C8C,0x006C92,0x006C96,0x006C9A,0x006CA0,0x006CA4,
0x006CA8,0x006CAE,0x006CB2,0x006CB6,0x006CBC,0x006CC0,0x006CC6,0x006CCA,
0x006CCE,0x006CD4,0x006CD8,0x006CDC,0x006CE2,0x006CE6,0x006CEA,0x006CF0,
0x006CF4,0x006CF8,0x006CFE,0x006D02,0x006D08,0x006D0C,0x006D10,0x006D16,
0x006D1A,0x006D1E,0x006D24,0x006D28,0x006D2C,0x006D32,0x006D36,0x006D3C,
0x006D40,0x006D44,0x006D4A,0x006D4E,0x006D52,0x006D58,0x006D5C,0x006D62,
0x006D66,0x006D6A,0x006D70,0x006D74,0x006D78,0x006D7E,0x006D82,0x006D86,
0x006D8C,0x006D90,0x006D96,0x006D9A,0x006D9E,0x006DA4,0x006DA8,0x006DAC,
0x006DB2,0x006DB6,0x006DBC,0x006DC0,0x006DC4,0x006DCA,0x006DCE,0x006DD4,
0x006DD8,0x006DDC,0x006DE2,0x006DE6,0x006DEA,0x006DF0,0x006DF4,0x006DFA,
0x006DFE,0x006E02,0x006E08,0x006E0C,0x006E10,0x006E16,0x006E1A,0x006E20,
0x006E24,0x006E28,0x006E2E,0x006E32,0x006E38,0x006E3C,0x006E40,0x006E46,
0x006E4A,0x006E4E,0x006E54,0x006E58,0x006E5E,0x006E62,0x006E66,0x006E6C,
0x006E70,0x006E76,0x006E7A,0x006E7E,0x006E84,0x006E88,0x006E8E,0x006E92,
0x006E96,0x006E9C,0x006EA0,0x006EA6,0x006EAA,0x006EAE,0x006EB4,0x006EB8,
0x006EBE,0x006EC2,0x006EC6,0x006ECC,0x006ED0,0x006ED6,0x006EDA,0x006EDE,
0x006EE4,0x006EE8,0x006EEE,0x006EF2,0x006EF6,0x006EFC,0x006F00,0x006F06,
0x006F0A,0x006F0E,0x006F14,0x006F18,0x006F1E,0x006F22,0x006F26,0x006F2C,
0x006F30,0x006F36,0x006F3A,0x006F3E,0x006F44,0x006F48,0x006F4E,0x006F52,
0x006F58,0x006F5C,0x006F60,0x006F66,0x006F6A,0x006F70,0x006F74,0x006F78,
0x006F7E,0x006F82,0x006F88,0x006F8C,0x006F90,0x006F96,0x006F9A,0x006FA0,
0x006FA4,0x006FAA,0x006FAE,0x006FB2,0x006FB8,0x006FBC,0x006FC2,0x006FC6,
0x006FCC,0x006FD0,0x006FD4,0x006FDA,0x006FDE,0x006FE4,0x006FE8,0x006FEC,
0x006FF2,0x006FF6,0x006FFC,0x007000,0x007006,0x00700A,0x00700E,0x007014,
0x007018,0x00701E,0x007022,0x007028,0x00702C,0x007030,0x007036,0x00703A,
0x007040,0x007044,0x00704A,0x00704E,0x007052,0x007058,0x00705C,0x007062,
0x007066,0x00706C,0x007070,0x007076,0x00707A,0x00707E,0x007084,0x007088,
0x00708E,0x007092,0x007098,0x00709C,0x0070A0,0x0070A6,0x0070AA,0x0070B0,
0x0070B4,0x0070BA,0x0070BE,0x0070C4,0x0070C8,0x0070CC,0x0070D2,0x0070D6,
0x0070DC,0x0070E0,0x0070E6,0x0070EA,0x0070F0,0x0070F4,0x0070F8,0x0070FE,
0x007102,0x007108,0x00710C,0x007112,0x007116,0x00711C,0x007120,0x007124,
0x00712A,0x00712E,0x007134,0x007138,0x00713E,0x007142,0x007148,0x00714C,
0x007152,0x007156,0x00715A,0x007160,0x007164,0x00716A,0x00716E,0x007174,
0x007178,0x00717E,0x007182,0x007188,0x00718C,0x007192,0x007196,0x00719A,
0x0071A0,0x0071A4,0x0071AA,0x0071AE,0x0071B4,0x0071B8,0x0071BE,0x0071C2,
0x0071C8,0x0071CC,0x0071D2,0x0071D6,0x0071DA,0x0071E0,0x0071E4,0x0071EA,
0x0071EE,0x0071F4,0x0071F8,0x0071FE,0x007202,0x007208,0x00720C,0x007212,
0x007216,0x00721C,0x007220,0x007224,0x00722A,0x00722E,0x007234,0x007238,
0x00723E,0x007242,0x007248,0x00724C,0x007252,0x007256,0x00725C,0x007260,
0x007266,0x00726A,0x007270,0x007274,0x00727A,0x00727E,0x007284,0x007288,
0x00728E,0x007292,0x007296,0x00729C,0x0072A0,0x0072A6,0x0072AA,0x0072B0,
0x0072B4,0x0072BA,0x0072BE,0x0072C4,0x0072C8,0x0072CE,0x0072D2,0x0072D8,
0x0072DC,0x0072E2,0x0072E6,0x0072EC,0x0072F0,0x0072F6,0x0072FA,0x007300,
0x007304,0x00730A,0x00730E,0x007314,0x007318,0x00731E,0x007322,0x007328,
0x00732C,0x007332,0x007336,0x00733C,0x007340,0x007346,0x00734A,0x007350,
0x007354,0x00735A,0x00735E,0x007364,0x007368,0x00736E,0x007372,0x007378,
0x00737C,0x007382,0x007386,0x00738C,0x007390,0x007396,0x00739A,0x0073A0,
0x0073A4,0x0073AA,0x0073AE,0x0073B4,0x0073B8,0x0073BE,0x0073C2,0x0073C8,
0x0073CC,0x0073D2,0x0073D6,0x0073DC,0x0073E0,0x0073E6,0x0073EA,0x0073F0,
0x0073F4,0x0073FA,0x0073FE,0x007404,0x007408,0x00740E,0x007412,0x007418,
0x00741C,0x007422,0x007426,0x00742C,0x007430,0x007436,0x00743A,0x007440,
0x007444,0x00744A,0x007450,0x007454,0x00745A,0x00745E,0x007464,0x007468,
0x00746E,0x007472,0x007478,0x00747C,0x007482,0x007486,0x00748C,0x007490,
0x007496,0x00749A,0x0074A0,0x0074A4,0x0074AA,0x0074AE,0x0074B4,0x0074BA,
0x0074BE,0x0074C4,0x0074C8,0x0074CE,0x0074D2,0x0074D8,0x0074DC,0x0074E2,
0x0074E6,0x0074EC,0x0074F0,0x0074F6,0x0074FA,0x007500,0x007504,0x00750A,
0x007510,0x007514,0x00751A,0x00751E,0x007524,0x007528,0x00752E,0x007532,
0x007538,0x00753C,0x007542,0x007546,0x00754C,0x007552,0x007556,0x00755C,
0x007560,0x007566,0x00756A,0x007570,0x007574,0x00757A,0x00757E,0x007584,
0x00758A,0x00758E,0x007594,0x007598,0x00759E,0x0075A2,0x0075A8,0x0075AC,
0x0075B2,0x0075B6,0x0075BC,0x0075C2,0x0075C6,0x0075CC,0x0075D0,0x0075D6,
0x0075DA,0x0075E0,0x0075E4,0x0075EA,0x0075F0,0x0075F4,0x0075FA,0x0075FE,
0x007604,0x007608,0x00760E,0x007612,0x007618,0x00761E,0x007622,0x007628,
0x00762C,0x007632,0x007636,0x00763C,0x007640,0x007646,0x00764C,0x007650,
0x007656,0x00765A,0x007660,0x007664,0x00766A,0x007670,0x007674,0x00767A,
0x00767E,0x007684,0x007688,0x00768E,0x007694,0x007698,0x00769E,0x0076A2,
0x0076A8,0x0076AC,0x0076B2,0x0076B8,0x0076BC,0x0076C2,0x0076C6,0x0076CC,
0x0076D0,0x0076D6,0x0076DC,0x0076E0,0x0076E6,0x0076EA,0x0076F0,0x0076F4,
0x0076FA,0x007700,0x007704,0x00770A,0x00770E,0x007714,0x007718,0x00771E,
0x007724,0x007728,0x00772E,0x007732,0x007738,0x00773E,0x007742,0x007748,
0x00774C,0x007752,0x007756,0x00775C,0x007762,0x007766,0x00776C,0x007770,
0x007776,0x00777C,0x007780,0x007786,0x00778A,0x007790,0x007794,0x00779A,
0x0077A0,0x0077A4,0x0077AA,0x0077AE,0x0077B4,0x0077BA,0x0077BE,0x0077C4,
0x0077C8,0x0077CE,0x0077D4,0x0077D8,0x0077DE,0x0077E2,0x0077E8,0x0077EE,
0x0077F2,0x0077F8,0x0077FC,0x007802,0x007808,0x00780C,0x007812,0x007816,
0x00781C,0x007822,0x007826,0x00782C,0x007830,0x007836,0x00783C,0x007840,
0x007846,0x00784A,0x007850,0x007856,0x00785A,0x007860,0x007864,0x00786A,
0x007870,0x007874,0x00787A,0x00787E,0x007884,0x00788A,0x00788E,0x007894,
0x00789A,0x00789E,0x0078A4,0x0078A8,0x0078AE,0x0078B4,0x0078B8,0x0078BE,
0x0078C2,0x0078C8,0x0078CE,0x0078D2,0x0078D8,0x0078DE,0x0078E2,0x0078E8,
0x0078EC,0x0078F2,0x0078F8,0x0078FC,0x007902,0x007908,0x00790C,0x007912,
0x007916,0x00791C,0x007922,0x007926,0x00792C,0x007930,0x007936,0x00793C,
0x007940,0x007946,0x00794C,0x007950,0x007956,0x00795C,0x007960,0x007966,
0x00796A,0x007970,0x007976,0x00797A,0x007980,0x007986,0x00798A,0x007990,
0x007994,0x00799A,0x0079A0,0x0079A4,0x0079AA,0x0079B0,0x0079B4,0x0079BA,
0x0079C0,0x0079C4,0x0079CA,0x0079CE,0x0079D4,0x0079DA,0x0079DE,0x0079E4,
0x0079EA,0x0079EE,0x0079F4,0x0079FA,0x0079FE,0x007A04,0x007A08,0x007A0E,
0x007A14,0x007A18,0x007A1E,0x007A24,0x007A28,0x007A2E,0x007A34,0x007A38,
0x007A3E,0x007A44,0x007A48,0x007A4E,0x007A54,0x007A58,0x007A5E,0x007A62,
0x007A68,0x007A6E,0x007A72,0x007A78,0x007A7E,0x007A82,0x007A88,0x007A8E,
0x007A92,0x007A98,0x007A9E,0x007AA2,0x007AA8,0x007AAE,0x007AB2,0x007AB8,
0x007ABE,0x007AC2,0x007AC8,0x007ACE,0x007AD2,0x007AD8,0x007ADE,0x007AE2,
0x007AE8,0x007AEE,0x007AF2,0x007AF8,0x007AFE,0x007B02,0x007B08,0x007B0E,
0x007B12,0x007B18,0x007B1E,0x007B22,0x007B28,0x007B2E,0x007B32,0x007B38,
0x007B3E,0x007B42,0x007B48,0x007B4E,0x007B52,0x007B58,0x007B5E,0x007B62,
0x007B68,0x007B6E,0x007B72,0x007B78,0x007B7E,0x007B82,0x007B88,0x007B8E,
0x007B92,0x007B98,0x007B9E,0x007BA2,0x007BA8,0x007BAE,0x007BB2,0x007BB8,
0x007BBE,0x007BC2,0x007BC8,0x007BCE,0x007BD2,0x007BD8,0x007BDE,0x007BE4,
0x007BE8,0x007BEE,0x007BF4,0x007BF8,0x007BFE,0x007C04,0x007C08,0x007C0E,
0x007C14,0x007C18,0x007C1E,0x007C24,0x007C28,0x007C2E,0x007C34,0x007C3A,
0x007C3E,0x007C44,0x007C4A,0x007C4E,0x007C54,0x007C5A,0x007C5E,0x007C64,
0x007C6A,0x007C6E,0x007C74,0x007C7A,0x007C80,0x007C84,0x007C8A,0x007C90,
0x007C94,0x007C9A,0x007CA0,0x007CA4,0x007CAA,0x007CB0,0x007CB6,0x007CBA,
0x007CC0,0x007CC6,0x007CCA,0x007CD0,0x007CD6,0x007CDA,0x007CE0,0x007CE6,
0x007CEC,0x007CF0,0x007CF6,0x007CFC,0x007D00,0x007D06,0x007D0C,0x007D12,
0x007D16,0x007D1C,0x007D22,0x007D26,0x007D2C,0x007D32,0x007D36,0x007D3C,
0x007D42,0x007D48,0x007D4C,0x007D52,0x007D58,0x007D5C,0x007D62,0x007D68,
0x007D6E,0x007D72,0x007D78,0x007D7E,0x007D84,0x007D88,0x007D8E,0x007D94,
0x007D98,0x007D9E,0x007DA4,0x007DAA,0x007DAE,0x007DB4,0x007DBA,0x007DBE,
0x007DC4,0x007DCA,0x007DD0,0x007DD4,0x007DDA,0x007DE0,0x007DE6,0x007DEA,
0x007DF0,0x007DF6,0x007DFA,0x007E00,0x007E06,0x007E0C,0x007E10,0x007E16,
0x007E1C,0x007E22,0x007E26,0x007E2C,0x007E32,0x007E36,0x007E3C,0x007E42,
0x007E48,0x007E4C,0x007E52,0x007E58,0x007E5E,0x007E62,0x007E68,0x007E6E,
0x007E74,0x007E78,0x007E7E,0x007E84,0x007E8A,0x007E8E,0x007E94,0x007E9A,
0x007EA0,0x007EA4,0x007EAA,0x007EB0,0x007EB4,0x007EBA,0x007EC0,0x007EC6,
0x007ECA,0x007ED0,0x007ED6,0x007EDC,0x007EE0,0x007EE6,0x007EEC,0x007EF2,
0x007EF6,0x007EFC,0x007F02,0x007F08,0x007F0C,0x007F12,0x007F18,0x007F1E,
0x007F22,0x007F28,0x007F2E,0x007F34,0x007F38,0x007F3E,0x007F44,0x007F4A,
0x007F50,0x007F54,0x007F5A,0x007F60,0x007F66,0x007F6A,0x007F70,0x007F76,
0x007F7C,0x007F80,0x007F86,0x007F8C,0x007F92,0x007F96,0x007F9C,0x007FA2,
0x007FA8,0x007FAC,0x007FB2,0x007FB8,0x007FBE,0x007FC4,0x007FC8,0x007FCE,
0x007FD4,0x007FDA,0x007FDE,0x007FE4,0x007FEA,0x007FF0,0x007FF4,0x007FFA,
0x008000,0x008004,0x00800C,0x008010,0x008018,0x00801C,0x008020,0x008028,
0x00802C,0x008030,0x008038,0x00803C,0x008044,0x008048,0x00804C,0x008054,
0x008058,0x008060,0x008064,0x008068,0x008070,0x008074,0x00807C,0x008080,
0x008084,0x00808C,0x008090,0x008098,0x00809C,0x0080A0,0x0080A8,0x0080AC,
0x0080B0,0x0080B8,0x0080BC,0x0080C4,0x0080C8,0x0080CC,0x0080D4,0x0080D8,
0x0080E0,0x0080E4,0x0080E8,0x0080F0,0x0080F4,0x0080FC,0x008100,0x008104,
0x00810C,0x008110,0x008118,0x00811C,0x008120,0x008128,0x00812C,0x008134,
0x008138,0x00813C,0x008144,0x008148,0x008150,0x008154,0x008158,0x008160,
0x008164,0x00816C,0x008170,0x008174,0x00817C,0x008180,0x008188,0x00818C,
0x008190,0x008198,0x00819C,0x0081A4,0x0081A8,0x0081AC,0x0081B4,0x0081B8,
0x0081C0,0x0081C4,0x0081C8,0x0081D0,0x0081D4,0x0081DC,0x0081E0,0x0081E8,
0x0081EC,0x0081F0,0x0081F8,0x0081FC,0x008204,0x008208,0x00820C,0x008214,
0x008218,0x008220,0x008224,0x008228,0x008230,0x008234,0x00823C,0x008240,
0x008244,0x00824C,0x008250,0x008258,0x00825C,0x008264,0x008268,0x00826C,
0x008274,0x008278,0x008280,0x008284,0x008288,0x008290,0x008294,0x00829C,
0x0082A0,0x0082A4,0x0082AC,0x0082B0,0x0082B8,0x0082BC,0x0082C4,0x0082C8,
0x0082CC,0x0082D4,0x0082D8,0x0082E0,0x0082E4,0x0082E8,0x0082F0,0x0082F4,
0x0082FC,0x008300,0x008308,0x00830C,0x008310,0x008318,0x00831C,0x008324,
0x008328,0x00832C,0x008334,0x008338,0x008340,0x008344,0x00834C,0x008350,
0x008354,0x00835C,0x008360,0x008368,0x00836C,0x008374,0x008378,0x00837C,
0x008384,0x008388,0x008390,0x008394,0x00839C,0x0083A0,0x0083A4,0x0083AC,
0x0083B0,0x0083B8,0x0083BC,0x0083C4,0x0083C8,0x0083CC,0x0083D4,0x0083D8,
0x0083E0,0x0083E4,0x0083EC,0x0083F0,0x0083F4,0x0083FC,0x008400,0x008408,
0x00840C,0x008414,0x008418,0x00841C,0x008424,0x008428,0x008430,0x008434,
0x00843C,0x008440,0x008444,0x00844C,0x008450,0x008458,0x00845C,0x008464,
0x008468,0x00846C,0x008474,0x008478,0x008480,0x008484,0x00848C,0x008490,
0x008494,0x00849C,0x0084A0,0x0084A8,0x0084AC,0x0084B4,0x0084B8,0x0084C0,
0x0084C4,0x0084C8,0x0084D0,0x0084D4,0x0084DC,0x0084E0,0x0084E8,0x0084EC,
0x0084F0,0x0084F8,0x0084FC,0x008504,0x008508,0x008510,0x008514,0x00851C,
0x008520,0x008524,0x00852C,0x008530,0x008538,0x00853C,0x008544,0x008548,
0x008550,0x008554,0x008558,0x008560,0x008564,0x00856C,0x008570,0x008578,
0x00857C,0x008584,0x008588,0x00858C,0x008594,0x008598,0x0085A0,0x0085A4,
0x0085AC,0x0085B0,0x0085B8,0x0085BC,0x0085C0,0x0085C8,0x0085CC,0x0085D4,
0x0085D8,0x0085E0,0x0085E4,0x0085EC,0x0085F0,0x0085F8,0x0085FC,0x008600,
0x008608,0x00860C,0x008614,0x008618,0x008620,0x008624,0x00862C,0x008630,
0x008638,0x00863C,0x008640,0x008648,0x00864C,0x008654,0x008658,0x008660,
0x008664,0x00866C,0x008670,0x008678,0x00867C,0x008680,0x008688,0x00868C,
0x008694,0x008698,0x0086A0,0x0086A4,0x0086AC,0x0086B0,0x0086B8,0x0086BC,
0x0086C0,0x0086C8,0x0086CC,0x0086D4,0x0086D8,0x0086E0,0x0086E4,0x0086EC,
0x0086F0,0x0086F8,0x0086FC,0x008704,0x008708,0x00870C,0x008714,0x008718,
0x008720,0x008724,0x00872C,0x008730,0x008738,0x00873C,0x008744,0x008748,
0x008750,0x008754,0x008758,0x008760,0x008764,0x00876C,0x008770,0x008778,
0x00877C,0x008784,0x008788,0x008790,0x008794,0x00879C,0x0087A0,0x0087A8,
0x0087AC,0x0087B4,0x0087B8,0x0087BC,0x0087C4,0x0087C8,0x0087D0,0x0087D4,
0x0087DC,0x0087E0,0x0087E8,0x0087EC,0x0087F4,0x0087F8,0x008800,0x008804,
0x00880C,0x008810,0x008818,0x00881C,0x008820,0x008828,0x00882C,0x008834,
0x008838,0x008840,0x008844,0x00884C,0x008850,0x008858,0x00885C,0x008864,
0x008868,0x008870,0x008874,0x00887C,0x008880,0x008888,0x00888C,0x008894,
0x008898,0x00889C,0x0088A4,0x0088A8,0x0088B0,0x0088B4,0x0088BC,0x0088C0,
0x0088C8,0x0088CC,0x0088D4,0x0088D8,0x0088E0,0x0088E4,0x0088EC,0x0088F0,
0x0088F8,0x0088FC,0x008904,0x008908,0x008910,0x008914,0x00891C,0x008920,
0x008928,0x00892C,0x008934,0x008938,0x008940,0x008944,0x00894C,0x008950,
0x008954,0x00895C,0x008960,0x008968,0x00896C,0x008974,0x008978,0x008980,
0x008984,0x00898C,0x008990,0x008998,0x00899C,0x0089A4,0x0089A8,0x0089B0,
0x0089B4,0x0089BC,0x0089C0,0x0089C8,0x0089CC,0x0089D4,0x0089D8,0x0089E0,
0x0089E4,0x0089EC,0x0089F0,0x0089F8,0x0089FC,0x008A04,0x008A08,0x008A10,
0x008A14,0x008A1C,0x008A20,0x008A28,0x008A2C,0x008A34,0x008A38,0x008A40,
0x008A44,0x008A4C,0x008A50,0x008A58,0x008A5C,0x008A64,0x008A68,0x008A70,
0x008A74,0x008A7C,0x008A80,0x008A88,0x008A8C,0x008A94,0x008A98,0x008AA0,
0x008AA4,0x008AAC,0x008AB0,0x008AB8,0x008ABC,0x008AC4,0x008AC8,0x008AD0,
0x008AD4,0x008ADC,0x008AE0,0x008AE8,0x008AEC,0x008AF4,0x008AF8,0x008B00,
0x008B04,0x008B0C,0x008B10,0x008B18,0x008B1C,0x008B24,0x008B28,0x008B30,
0x008B34,0x008B3C,0x008B40,0x008B48,0x008B4C,0x008B54,0x008B58,0x008B60,
0x008B64,0x008B6C,0x008B70,0x008B78,0x008B7C,0x008B84,0x008B88,0x008B90,
0x008B94,0x008B9C,0x008BA0,0x008BA8,0x008BAC,0x008BB4,0x008BBC,0x008BC0,
0x008BC8,0x008BCC,0x008BD4,0x008BD8,0x008BE0,0x008BE4,0x008BEC,0x008BF0,
0x008BF8,0x008BFC,0x008C04,0x008C08,0x008C10,0x008C14,0x008C1C,0x008C20,
0x008C28,0x008C2C,0x008C34,0x008C38,0x008C40,0x008C44,0x008C4C,0x008C50,
0x008C58,0x008C5C,0x008C64,0x008C6C,0x008C70,0x008C78,0x008C7C,0x008C84,
0x008C88,0x008C90,0x008C94,0x008C9C,0x008CA0,0x008CA8,0x008CAC,0x008CB4,
0x008CB8,0x008CC0,0x008CC4,0x008CCC,0x008CD0,0x008CD8,0x008CDC,0x008CE4,
0x008CEC,0x008CF0,0x008CF8,0x008CFC,0x008D04,0x008D08,0x008D10,0x008D14,
0x008D1C,0x008D20,0x008D28,0x008D2C,0x008D34,0x008D38,0x008D40,0x008D44,
0x008D4C,0x008D50,0x008D58,0x008D60,0x008D64,0x008D6C,0x008D70,0x008D78,
0x008D7C,0x008D84,0x008D88,0x008D90,0x008D94,0x008D9C,0x008DA0,0x008DA8,
0x008DAC,0x008DB4,0x008DBC,0x008DC0,0x008DC8,0x008DCC,0x008DD4,0x008DD8,
0x008DE0,0x008DE4,0x008DEC,0x008DF0,0x008DF8,0x008DFC,0x008E04,0x008E0C,
0x008E10,0x008E18,0x008E1C,0x008E24,0x008E28,0x008E30,0x008E34,0x008E3C,
0x008E40,0x008E48,0x008E4C,0x008E54,0x008E5C,0x008E60,0x008E68,0x008E6C,
0x008E74,0x008E78,0x008E80,0x008E84,0x008E8C,0x008E90,0x008E98,0x008EA0,
0x008EA4,0x008EAC,0x008EB0,0x008EB8,0x008EBC,0x008EC4,0x008EC8,0x008ED0,
0x008ED4,0x008EDC,0x008EE4,0x008EE8,0x008EF0,0x008EF4,0x008EFC,0x008F00,
0x008F08,0x008F0C,0x008F14,0x008F18,0x008F20,0x008F28,0x008F2C,0x008F34,
0x008F38,0x008F40,0x008F44,0x008F4C,0x008F50,0x008F58,0x008F60,0x008F64,
0x008F6C,0x008F70,0x008F78,0x008F7C,0x008F84,0x008F88,0x008F90,0x008F98,
0x008F9C,0x008FA4,0x008FA8,0x008FB0,0x008FB4,0x008FBC,0x008FC0,0x008FC8,
0x008FD0,0x008FD4,0x008FDC,0x008FE0,0x008FE8,0x008FEC,0x008FF4,0x008FF8,
0x009000,0x009008,0x00900C,0x009014,0x009018,0x009020,0x009024,0x00902C,
0x009030,0x009038,0x009040,0x009044,0x00904C,0x009050,0x009058,0x00905C,
0x009064,0x00906C,0x009070,0x009078,0x00907C,0x009084,0x009088,0x009090,
0x009094,0x00909C,0x0090A4,0x0090A8,0x0090B0,0x0090B4,0x0090BC,0x0090C0,
0x0090C8,0x0090D0,0x0090D4,0x0090DC,0x0090E0,0x0090E8,0x0090EC,0x0090F4,
0x0090FC,0x009100,0x009108,0x00910C,0x009114,0x009118,0x009120,0x009128,
0x00912C,0x009134,0x009138,0x009140,0x009144,0x00914C,0x009154,0x009158,
0x009160,0x009164,0x00916C,0x009170,0x009178,0x009180,0x009184,0x00918C,
0x009190,0x009198,0x00919C,0x0091A4,0x0091AC,0x0091B0,0x0091B8,0x0091BC,
0x0091C4,0x0091CC,0x0091D0,0x0091D8,0x0091DC,0x0091E4,0x0091E8,0x0091F0,
0x0091F8,0x0091FC,0x009204,0x009208,0x009210,0x009218,0x00921C,0x009224,
0x009228,0x009230,0x009234,0x00923C,0x009244,0x009248,0x009250,0x009254,
0x00925C,0x009264,0x009268,0x009270,0x009274,0x00927C,0x009280,0x009288,
0x009290,0x009294,0x00929C,0x0092A0,0x0092A8,0x0092B0,0x0092B4,0x0092BC,
0x0092C0,0x0092C8,0x0092CC,0x0092D4,0x0092DC,0x0092E0,0x0092E8,0x0092EC,
0x0092F4,0x0092FC,0x009300,0x009308,0x00930C,0x009314,0x00931C,0x009320,
0x009328,0x00932C,0x009334,0x00933C,0x009340,0x009348,0x00934C,0x009354,
0x00935C,0x009360,0x009368,0x00936C,0x009374,0x00937C,0x009380,0x009388,
0x00938C,0x009394,0x00939C,0x0093A0,0x0093A8,0x0093AC,0x0093B4,0x0093BC,
0x0093C0,0x0093C8,0x0093CC,0x0093D4,0x0093DC,0x0093E0,0x0093E8,0x0093EC,
0x0093F4,0x0093FC,0x009400,0x009408,0x00940C,0x009414,0x00941C,0x009420,
0x009428,0x00942C,0x009434,0x00943C,0x009440,0x009448,0x00944C,0x009454,
0x00945C,0x009460,0x009468,0x00946C,0x009474,0x00947C,0x009480,0x009488,
0x00948C,0x009494,0x00949C,0x0094A0,0x0094A8,0x0094B0,0x0094B4,0x0094BC,
0x0094C0,0x0094C8,0x0094D0,0x0094D4,0x0094DC,0x0094E0,0x0094E8,0x0094F0,
0x0094F4,0x0094FC,0x009500,0x009508,0x009510,0x009514,0x00951C,0x009524,
0x009528,0x009530,0x009534,0x00953C,0x009544,0x009548,0x009550,0x009554,
0x00955C,0x009564,0x009568,0x009570,0x009578,0x00957C,0x009584,0x009588,
0x009590,0x009598,0x00959C,0x0095A4,0x0095AC,0x0095B0,0x0095B8,0x0095BC,
0x0095C4,0x0095CC,0x0095D0,0x0095D8,0x0095DC,0x0095E4,0x0095EC,0x0095F0,
0x0095F8,0x009600,0x009604,0x00960C,0x009610,0x009618,0x009620,0x009624,
0x00962C,0x009634,0x009638,0x009640,0x009644,0x00964C,0x009654,0x009658,
0x009660,0x009668,0x00966C,0x009674,0x00967C,0x009680,0x009688,0x00968C,
0x009694,0x00969C,0x0096A0,0x0096A8,0x0096B0,0x0096B4,0x0096BC,0x0096C0,
0x0096C8,0x0096D0,0x0096D4,0x0096DC,0x0096E4,0x0096E8,0x0096F0,0x0096F8,
0x0096FC,0x009704,0x009708,0x009710,0x009718,0x00971C,0x009724,0x00972C,
0x009730,0x009738,0x009740,0x009744,0x00974C,0x009750,0x009758,0x009760,
0x009764,0x00976C,0x009774,0x009778,0x009780,0x009788,0x00978C,0x009794,
0x009798,0x0097A0,0x0097A8,0x0097AC,0x0097B4,0x0097BC,0x0097C0,0x0097C8,
0x0097D0,0x0097D4,0x0097DC,0x0097E4,0x0097E8,0x0097F0,0x0097F8,0x0097FC,
0x009804,0x009808,0x009810,0x009818,0x00981C,0x009824,0x00982C,0x009830,
0x009838,0x009840,0x009844,0x00984C,0x009854,0x009858,0x009860,0x009868,
0x00986C,0x009874,0x009878,0x009880,0x009888,0x00988C,0x009894,0x00989C,
0x0098A0,0x0098A8,0x0098B0,0x0098B4,0x0098BC,0x0098C4,0x0098C8,0x0098D0,
0x0098D8,0x0098DC,0x0098E4,0x0098EC,0x0098F0,0x0098F8,0x009900,0x009904,
0x00990C,0x009914,0x009918,0x009920,0x009928,0x00992C,0x009934,0x009938,
0x009940,0x009948,0x00994C,0x009954,0x00995C,0x009960,0x009968,0x009970,
0x009974,0x00997C,0x009984,0x009988,0x009990,0x009998,0x00999C,0x0099A4,
0x0099AC,0x0099B0,0x0099B8,0x0099C0,0x0099C4,0x0099CC,0x0099D4,0x0099D8,
0x0099E0,0x0099E8,0x0099EC,0x0099F4,0x0099FC,0x009A00,0x009A08,0x009A10,
0x009A14,0x009A1C,0x009A24,0x009A28,0x009A30,0x009A38,0x009A3C,0x009A44,
0x009A4C,0x009A50,0x009A58,0x009A60,0x009A64,0x009A6C,0x009A74,0x009A78,
0x009A80,0x009A88,0x009A8C,0x009A94,0x009A9C,0x009AA4,0x009AA8,0x009AB0,
0x009AB8,0x009ABC,0x009AC4,0x009ACC,0x009AD0,0x009AD8,0x009AE0,0x009AE4,
0x009AEC,0x009AF4,0x009AF8,0x009B00,0x009B08,0x009B0C,0x009B14,0x009B1C,
0x009B20,0x009B28,0x009B30,0x009B34,0x009B3C,0x009B44,0x009B48,0x009B50,
0x009B58,0x009B60,0x009B64,0x009B6C,0x009B74,0x009B78,0x009B80,0x009B88,
0x009B8C,0x009B94,0x009B9C,0x009BA0,0x009BA8,0x009BB0,0x009BB4,0x009BBC,
0x009BC4,0x009BC8,0x009BD0,0x009BD8,0x009BE0,0x009BE4,0x009BEC,0x009BF4,
0x009BF8,0x009C00,0x009C08,0x009C0C,0x009C14,0x009C1C,0x009C20,0x009C28,
0x009C30,0x009C38,0x009C3C,0x009C44,0x009C4C,0x009C50,0x009C58,0x009C60,
0x009C64,0x009C6C,0x009C74,0x009C78,0x009C80,0x009C88,0x009C90,0x009C94,
0x009C9C,0x009CA4,0x009CA8,0x009CB0,0x009CB8,0x009CBC,0x009CC4,0x009CCC,
0x009CD4,0x009CD8,0x009CE0,0x009CE8,0x009CEC,0x009CF4,0x009CFC,0x009D00,
0x009D08,0x009D10,0x009D18,0x009D1C,0x009D24,0x009D2C,0x009D30,0x009D38,
0x009D40,0x009D44,0x009D4C,0x009D54,0x009D5C,0x009D60,0x009D68,0x009D70,
0x009D74,0x009D7C,0x009D84,0x009D88,0x009D90,0x009D98,0x009DA0,0x009DA4,
0x009DAC,0x009DB4,0x009DB8,0x009DC0,0x009DC8,0x009DD0,0x009DD4,0x009DDC,
0x009DE4,0x009DE8,0x009DF0,0x009DF8,0x009E00,0x009E04,0x009E0C,0x009E14,
0x009E18,0x009E20,0x009E28,0x009E2C,0x009E34,0x009E3C,0x009E44,0x009E48,
0x009E50,0x009E58,0x009E5C,0x009E64,0x009E6C,0x009E74,0x009E78,0x009E80,
0x009E88,0x009E90,0x009E94,0x009E9C,0x009EA4,0x009EA8,0x009EB0,0x009EB8,
0x009EC0,0x009EC4,0x009ECC,0x009ED4,0x009ED8,0x009EE0,0x009EE8,0x009EF0,
0x009EF4,0x009EFC,0x009F04,0x009F08,0x009F10,0x009F18,0x009F20,0x009F24,
0x009F2C,0x009F34,0x009F3C,0x009F40,0x009F48,0x009F50,0x009F54,0x009F5C,
0x009F64,0x009F6C,0x009F70,0x009F78,0x009F80,0x009F88,0x009F8C,0x009F94,
0x009F9C,0x009FA0,0x009FA8,0x009FB0,0x009FB8,0x009FBC,0x009FC4,0x009FCC,
0x009FD4,0x009FD8,0x009FE0,0x009FE8,0x009FEC,0x009FF4,0x009FFC,0x00A004,
0x00A008,0x00A010,0x00A018,0x00A020,0x00A024,0x00A02C,0x00A034,0x00A03C,
0x00A040,0x00A048,0x00A050,0x00A054,0x00A05C,0x00A064,0x00A06C,0x00A070,
0x00A078,0x00A080,0x00A088,0x00A08C,0x00A094,0x00A09C,0x00A0A4,0x00A0A8,
0x00A0B0,0x00A0B8,0x00A0C0,0x00A0C4,0x00A0CC,0x00A0D4,0x00A0DC,0x00A0E0,
0x00A0E8,0x00A0F0,0x00A0F4,0x00A0FC,0x00A104,0x00A10C,0x00A110,0x00A118,
0x00A120,0x00A128,0x00A12C,0x00A134,0x00A13C,0x00A144,0x00A148,0x00A150,
0x00A158,0x00A160,0x00A164,0x00A16C,0x00A174,0x00A17C,0x00A180,0x00A188,
0x00A190,0x00A198,0x00A19C,0x00A1A4,0x00A1AC,0x00A1B4,0x00A1B8,0x00A1C0,
0x00A1C8,0x00A1D0,0x00A1D4,0x00A1DC,0x00A1E4,0x00A1EC,0x00A1F0,0x00A1F8,
0x00A200,0x00A208,0x00A20C,0x00A214,0x00A21C,0x00A224,0x00A228,0x00A230,
0x00A238,0x00A240,0x00A248,0x00A24C,0x00A254,0x00A25C,0x00A264,0x00A268,
0x00A270,0x00A278,0x00A280,0x00A284,0x00A28C,0x00A294,0x00A29C,0x00A2A0,
0x00A2A8,0x00A2B0,0x00A2B8,0x00A2BC,0x00A2C4,0x00A2CC,0x00A2D4,0x00A2D8,
0x00A2E0,0x00A2E8,0x00A2F0,0x00A2F8,0x00A2FC,0x00A304,0x00A30C,0x00A314,
0x00A318,0x00A320,0x00A328,0x00A330,0x00A334,0x00A33C,0x00A344,0x00A34C,
0x00A354,0x00A358,0x00A360,0x00A368,0x00A370,0x00A374,0x00A37C,0x00A384,
0x00A38C,0x00A390,0x00A398,0x00A3A0,0x00A3A8,0x00A3B0,0x00A3B4,0x00A3BC,
0x00A3C4,0x00A3CC,0x00A3D0,0x00A3D8,0x00A3E0,0x00A3E8,0x00A3F0,0x00A3F4,
0x00A3FC,0x00A404,0x00A40C,0x00A410,0x00A418,0x00A420,0x00A428,0x00A42C,
0x00A434,0x00A43C,0x00A444,0x00A44C,0x00A450,0x00A458,0x00A460,0x00A468,
0x00A470,0x00A474,0x00A47C,0x00A484,0x00A48C,0x00A490,0x00A498,0x00A4A0,
0x00A4A8,0x00A4B0,0x00A4B4,0x00A4BC,0x00A4C4,0x00A4CC,0x00A4D0,0x00A4D8,
0x00A4E0,0x00A4E8,0x00A4F0,0x00A4F4,0x00A4FC,0x00A504,0x00A50C,0x00A514,
0x00A518,0x00A520,0x00A528,0x00A530,0x00A534,0x00A53C,0x00A544,0x00A54C,
0x00A554,0x00A558,0x00A560,0x00A568,0x00A570,0x00A578,0x00A57C,0x00A584,
0x00A58C,0x00A594,0x00A59C,0x00A5A0,0x00A5A8,0x00A5B0,0x00A5B8,0x00A5C0,
0x00A5C4,0x00A5CC,0x00A5D4,0x00A5DC,0x00A5E4,0x00A5E8,0x00A5F0,0x00A5F8,
0x00A600,0x00A608,0x00A60C,0x00A614,0x00A61C,0x00A624,0x00A62C,0x00A630,
0x00A638,0x00A640,0x00A648,0x00A650,0x00A654,0x00A65C,0x00A664,0x00A66C,
0x00A674,0x00A678,0x00A680,0x00A688,0x00A690,0x00A698,0x00A69C,0x00A6A4,
0x00A6AC,0x00A6B4,0x00A6BC,0x00A6C0,0x00A6C8,0x00A6D0,0x00A6D8,0x00A6E0,
0x00A6E4,0x00A6EC,0x00A6F4,0x00A6FC,0x00A704,0x00A708,0x00A710,0x00A718,
0x00A720,0x00A728,0x00A72C,0x00A734,0x00A73C,0x00A744,0x00A74C,0x00A754,
0x00A758,0x00A760,0x00A768,0x00A770,0x00A778,0x00A77C,0x00A784,0x00A78C,
0x00A794,0x00A79C,0x00A7A0,0x00A7A8,0x00A7B0,0x00A7B8,0x00A7C0,0x00A7C8,
0x00A7CC,0x00A7D4,0x00A7DC,0x00A7E4,0x00A7EC,0x00A7F0,0x00A7F8,0x00A800,
0x00A808,0x00A810,0x00A818,0x00A81C,0x00A824,0x00A82C,0x00A834,0x00A83C,
0x00A844,0x00A848,0x00A850,0x00A858,0x00A860,0x00A868,0x00A86C,0x00A874,
0x00A87C,0x00A884,0x00A88C,0x00A894,0x00A898,0x00A8A0,0x00A8A8,0x00A8B0,
0x00A8B8,0x00A8C0,0x00A8C4,0x00A8CC,0x00A8D4,0x00A8DC,0x00A8E4,0x00A8EC,
0x00A8F0,0x00A8F8,0x00A900,0x00A908,0x00A910,0x00A914,0x00A91C,0x00A924,
0x00A92C,0x00A934,0x00A93C,0x00A940,0x00A948,0x00A950,0x00A958,0x00A960,
0x00A968,0x00A96C,0x00A974,0x00A97C,0x00A984,0x00A98C,0x00A994,0x00A99C,
0x00A9A0,0x00A9A8,0x00A9B0,0x00A9B8,0x00A9C0,0x00A9C8,0x00A9CC,0x00A9D4,
0x00A9DC,0x00A9E4,0x00A9EC,0x00A9F4,0x00A9F8,0x00AA00,0x00AA08,0x00AA10,
0x00AA18,0x00AA20,0x00AA24,0x00AA2C,0x00AA34,0x00AA3C,0x00AA44,0x00AA4C,
0x00AA54,0x00AA58,0x00AA60,0x00AA68,0x00AA70,0x00AA78,0x00AA80,0x00AA84,
0x00AA8C,0x00AA94,0x00AA9C,0x00AAA4,0x00AAAC,0x00AAB4,0x00AAB8,0x00AAC0,
0x00AAC8,0x00AAD0,0x00AAD8,0x00AAE0,0x00AAE4,0x00AAEC,0x00AAF4,0x00AAFC,
0x00AB04,0x00AB0C,0x00AB14,0x00AB18,0x00AB20,0x00AB28,0x00AB30,0x00AB38,
0x00AB40,0x00AB48,0x00AB4C,0x00AB54,0x00AB5C,0x00AB64,0x00AB6C,0x00AB74,
0x00AB7C,0x00AB80,0x00AB88,0x00AB90,0x00AB98,0x00ABA0,0x00ABA8,0x00ABB0,
0x00ABB4,0x00ABBC,0x00ABC4,0x00ABCC,0x00ABD4,0x00ABDC,0x00ABE4,0x00ABE8,
0x00ABF0,0x00ABF8,0x00AC00,0x00AC08,0x00AC10,0x00AC18,0x00AC1C,0x00AC24,
0x00AC2C,0x00AC34,0x00AC3C,0x00AC44,0x00AC4C,0x00AC54,0x00AC58,0x00AC60,
0x00AC68,0x00AC70,0x00AC78,0x00AC80,0x00AC88,0x00AC8C,0x00AC94,0x00AC9C,
0x00ACA4,0x00ACAC,0x00ACB4,0x00ACBC,0x00ACC4,0x00ACC8,0x00ACD0,0x00ACD8,
0x00ACE0,0x00ACE8,0x00ACF0,0x00ACF8,0x00AD00,0x00AD04,0x00AD0C,0x00AD14,
0x00AD1C,0x00AD24,0x00AD2C,0x00AD34,0x00AD3C,0x00AD40,0x00AD48,0x00AD50,
0x00AD58,0x00AD60,0x00AD68,0x00AD70,0x00AD78,0x00AD7C,0x00AD84,0x00AD8C,
0x00AD94,0x00AD9C,0x00ADA4,0x00ADAC,0x00ADB4,0x00ADB8,0x00ADC0,0x00ADC8,
0x00ADD0,0x00ADD8,0x00ADE0,0x00ADE8,0x00ADF0,0x00ADF8,0x00ADFC,0x00AE04,
0x00AE0C,0x00AE14,0x00AE1C,0x00AE24,0x00AE2C,0x00AE34,0x00AE3C,0x00AE40,
0x00AE48,0x00AE50,0x00AE58,0x00AE60,0x00AE68,0x00AE70,0x00AE78,0x00AE80,
0x00AE84,0x00AE8C,0x00AE94,0x00AE9C,0x00AEA4,0x00AEAC,0x00AEB4,0x00AEBC,
0x00AEC4,0x00AEC8,0x00AED0,0x00AED8,0x00AEE0,0x00AEE8,0x00AEF0,0x00AEF8,
0x00AF00,0x00AF08,0x00AF0C,0x00AF14,0x00AF1C,0x00AF24,0x00AF2C,0x00AF34,
0x00AF3C,0x00AF44,0x00AF4C,0x00AF54,0x00AF58,0x00AF60,0x00AF68,0x00AF70,
0x00AF78,0x00AF80,0x00AF88,0x00AF90,0x00AF98,0x00AFA0,0x00AFA4,0x00AFAC,
0x00AFB4,0x00AFBC,0x00AFC4,0x00AFCC,0x00AFD4,0x00AFDC,0x00AFE4,0x00AFEC,
0x00AFF4,0x00AFF8,0x00B000,0x00B008,0x00B010,0x00B018,0x00B020,0x00B028,
0x00B030,0x00B038,0x00B040,0x00B044,0x00B04C,0x00B054,0x00B05C,0x00B064,
0x00B06C,0x00B074,0x00B07C,0x00B084,0x00B08C,0x00B094,0x00B09C,0x00B0A0,
0x00B0A8,0x00B0B0,0x00B0B8,0x00B0C0,0x00B0C8,0x00B0D0,0x00B0D8,0x00B0E0,
0x00B0E8,0x00B0F0,0x00B0F4,0x00B0FC,0x00B104,0x00B10C,0x00B114,0x00B11C,
0x00B124,0x00B12C,0x00B134,0x00B13C,0x00B144,0x00B14C,0x00B154,0x00B158,
0x00B160,0x00B168,0x00B170,0x00B178,0x00B180,0x00B188,0x00B190,0x00B198,
0x00B1A0,0x00B1A8,0x00B1B0,0x00B1B8,0x00B1BC,0x00B1C4,0x00B1CC,0x00B1D4,
0x00B1DC,0x00B1E4,0x00B1EC,0x00B1F4,0x00B1FC,0x00B204,0x00B20C,0x00B214,
0x00B21C,0x00B220,0x00B228,0x00B230,0x00B238,0x00B240,0x00B248,0x00B250,
0x00B258,0x00B260,0x00B268,0x00B270,0x00B278,0x00B280,0x00B288,0x00B290,
0x00B294,0x00B29C,0x00B2A4,0x00B2AC,0x00B2B4,0x00B2BC,0x00B2C4,0x00B2CC,
0x00B2D4,0x00B2DC,0x00B2E4,0x00B2EC,0x00B2F4,0x00B2FC,0x00B304,0x00B30C,
0x00B310,0x00B318,0x00B320,0x00B328,0x00B330,0x00B338,0x00B340,0x00B348,
0x00B350,0x00B358,0x00B360,0x00B368,0x00B370,0x00B378,0x00B380,0x00B388,
0x00B390,0x00B394,0x00B39C,0x00B3A4,0x00B3AC,0x00B3B4,0x00B3BC,0x00B3C4,
0x00B3CC,0x00B3D4,0x00B3DC,0x00B3E4,0x00B3EC,0x00B3F4,0x00B3FC,0x00B404,
0x00B40C,0x00B414,0x00B41C,0x00B424,0x00B428,0x00B430,0x00B438,0x00B440,
0x00B448,0x00B450,0x00B458,0x00B460,0x00B468,0x00B470,0x00B478,0x00B480,
0x00B488,0x00B490,0x00B498,0x00B4A0,0x00B4A8,0x00B4B0,0x00B4B8,0x00B4C0,
0x00B4C8,0x00B4D0,0x00B4D4,0x00B4DC,0x00B4E4,0x00B4EC,0x00B4F4,0x00B4FC,
0x00B504,0x00B50C,0x00B514,0x00B51C,0x00B524,0x00B52C,0x00B534,0x00B53C,
0x00B544,0x00B54C,0x00B554,0x00B55C,0x00B564,0x00B56C,0x00B574,0x00B57C,
0x00B584,0x00B58C,0x00B594,0x00B59C,0x00B5A4,0x00B5A8,0x00B5B0,0x00B5B8,
0x00B5C0,0x00B5C8,0x00B5D0,0x00B5D8,0x00B5E0,0x00B5E8,0x00B5F0,0x00B5F8,
0x00B600,0x00B608,0x00B610,0x00B618,0x00B620,0x00B628,0x00B630,0x00B638,
0x00B640,0x00B648,0x00B650,0x00B658,0x00B660,0x00B668,0x00B670,0x00B678,
0x00B680,0x00B688,0x00B690,0x00B698,0x00B6A0,0x00B6A8,0x00B6B0,0x00B6B8,
0x00B6C0,0x00B6C8,0x00B6D0,0x00B6D4,0x00B6DC,0x00B6E4,0x00B6EC,0x00B6F4,
0x00B6FC,0x00B704,0x00B70C,0x00B714,0x00B71C,0x00B724,0x00B72C,0x00B734,
0x00B73C,0x00B744,0x00B74C,0x00B754,0x00B75C,0x00B764,0x00B76C,0x00B774,
0x00B77C,0x00B784,0x00B78C,0x00B794,0x00B79C,0x00B7A4,0x00B7AC,0x00B7B4,
0x00B7BC,0x00B7C4,0x00B7CC,0x00B7D4,0x00B7DC,0x00B7E4,0x00B7EC,0x00B7F4,
0x00B7FC,0x00B804,0x00B80C,0x00B814,0x00B81C,0x00B824,0x00B82C,0x00B834,
0x00B83C,0x00B844,0x00B84C,0x00B854,0x00B85C,0x00B864,0x00B86C,0x00B874,
0x00B87C,0x00B884,0x00B88C,0x00B894,0x00B89C,0x00B8A4,0x00B8AC,0x00B8B4,
0x00B8BC,0x00B8C4,0x00B8CC,0x00B8D4,0x00B8DC,0x00B8E4,0x00B8EC,0x00B8F4,
0x00B8FC,0x00B904,0x00B90C,0x00B914,0x00B91C,0x00B924,0x00B92C,0x00B934,
0x00B93C,0x00B944,0x00B94C,0x00B954,0x00B95C,0x00B964,0x00B96C,0x00B974,
0x00B97C,0x00B984,0x00B98C,0x00B994,0x00B99C,0x00B9A4,0x00B9AC,0x00B9B4,
0x00B9BC,0x00B9C4,0x00B9CC,0x00B9D4,0x00B9DC,0x00B9E4,0x00B9EC,0x00B9F4,
0x00B9FC,0x00BA04,0x00BA0C,0x00BA14,0x00BA1C,0x00BA24,0x00BA2C,0x00BA34,
0x00BA3C,0x00BA44,0x00BA4C,0x00BA54,0x00BA5C,0x00BA64,0x00BA6C,0x00BA74,
0x00BA7C,0x00BA84,0x00BA90,0x00BA98,0x00BAA0,0x00BAA8,0x00BAB0,0x00BAB8,
0x00BAC0,0x00BAC8,0x00BAD0,0x00BAD8,0x00BAE0,0x00BAE8,0x00BAF0,0x00BAF8,
0x00BB00,0x00BB08,0x00BB10,0x00BB18,0x00BB20,0x00BB28,0x00BB30,0x00BB38,
0x00BB40,0x00BB48,0x00BB50,0x00BB58,0x00BB60,0x00BB68,0x00BB70,0x00BB78,
0x00BB80,0x00BB88,0x00BB90,0x00BB98,0x00BBA0,0x00BBA8,0x00BBB0,0x00BBBC,
0x00BBC4,0x00BBCC,0x00BBD4,0x00BBDC,0x00BBE4,0x00BBEC,0x00BBF4,0x00BBFC,
0x00BC04,0x00BC0C,0x00BC14,0x00BC1C,0x00BC24,0x00BC2C,0x00BC34,0x00BC3C,
0x00BC44,0x00BC4C,0x00BC54,0x00BC5C,0x00BC64,0x00BC6C,0x00BC74,0x00BC7C,
0x00BC84,0x00BC8C,0x00BC98,0x00BCA0,0x00BCA8,0x00BCB0,0x00BCB8,0x00BCC0,
0x00BCC8,0x00BCD0,0x00BCD8,0x00BCE0,0x00BCE8,0x00BCF0,0x00BCF8,0x00BD00,
0x00BD08,0x00BD10,0x00BD18,0x00BD20,0x00BD28,0x00BD30,0x00BD38,0x00BD40,
0x00BD4C,0x00BD54,0x00BD5C,0x00BD64,0x00BD6C,0x00BD74,0x00BD7C,0x00BD84,
0x00BD8C,0x00BD94,0x00BD9C,0x00BDA4,0x00BDAC,0x00BDB4,0x00BDBC,0x00BDC4,
0x00BDCC,0x00BDD4,0x00BDE0,0x00BDE8,0x00BDF0,0x00BDF8,0x00BE00,0x00BE08,
0x00BE10,0x00BE18,0x00BE20,0x00BE28,0x00BE30,0x00BE38,0x00BE40,0x00BE48,
0x00BE50,0x00BE58,0x00BE60,0x00BE6C,0x00BE74,0x00BE7C,0x00BE84,0x00BE8C,
0x00BE94,0x00BE9C,0x00BEA4,0x00BEAC,0x00BEB4,0x00BEBC,0x00BEC4,0x00BECC,
0x00BED4,0x00BEDC,0x00BEE4,0x00BEF0,0x00BEF8,0x00BF00,0x00BF08,0x00BF10,
0x00BF18,0x00BF20,0x00BF28,0x00BF30,0x00BF38,0x00BF40,0x00BF48,0x00BF50,
0x00BF58,0x00BF64,0x00BF6C,0x00BF74,0x00BF7C,0x00BF84,0x00BF8C,0x00BF94,
0x00BF9C,0x00BFA4,0x00BFAC,0x00BFB4,0x00BFBC,0x00BFC4,0x00BFD0,0x00BFD8,
0x00BFE0,0x00BFE8,0x00BFF0,0x00BFF8,0x00C000,0x00C008,0x00C010,0x00C018,
0x00C020,0x00C028,0x00C030,0x00C03C,0x00C044,0x00C04C,0x00C054,0x00C05C,
0x00C064,0x00C06C,0x00C074,0x00C07C,0x00C084,0x00C08C,0x00C094,0x00C0A0,
0x00C0A8,0x00C0B0,0x00C0B8,0x00C0C0,0x00C0C8,0x00C0D0,0x00C0D8,0x00C0E0,
0x00C0E8,0x00C0F0,0x00C0FC,0x00C104,0x00C10C,0x00C114,0x00C11C,0x00C124,
0x00C12C,0x00C134,0x00C13C,0x00C144,0x00C14C,0x00C158,0x00C160,0x00C168,
0x00C170,0x00C178,0x00C180,0x00C188,0x00C190,0x00C198,0x00C1A0,0x00C1A8,
0x00C1B4,0x00C1BC,0x00C1C4,0x00C1CC,0x00C1D4,0x00C1DC,0x00C1E4,0x00C1EC,
0x00C1F4,0x00C1FC,0x00C208,0x00C210,0x00C218,0x00C220,0x00C228,0x00C230,
0x00C238,0x00C240,0x00C248,0x00C254,0x00C25C,0x00C264,0x00C26C,0x00C274,
0x00C27C,0x00C284,0x00C28C,0x00C294,0x00C29C,0x00C2A8,0x00C2B0,0x00C2B8,
0x00C2C0,0x00C2C8,0x00C2D0,0x00C2D8,0x00C2E0,0x00C2E8,0x00C2F4,0x00C2FC,
0x00C304,0x00C30C,0x00C314,0x00C31C,0x00C324,0x00C32C,0x00C334,0x00C340,
0x00C348,0x00C350,0x00C358,0x00C360,0x00C368,0x00C370,0x00C378,0x00C384,
0x00C38C,0x00C394,0x00C39C,0x00C3A4,0x00C3AC,0x00C3B4,0x00C3BC,0x00C3C4,
0x00C3D0,0x00C3D8,0x00C3E0,0x00C3E8,0x00C3F0,0x00C3F8,0x00C400,0x00C408,
0x00C414,0x00C41C,0x00C424,0x00C42C,0x00C434,0x00C43C,0x00C444,0x00C44C,
0x00C458,0x00C460,0x00C468,0x00C470,0x00C478,0x00C480,0x00C488,0x00C490,
0x00C49C,0x00C4A4,0x00C4AC,0x00C4B4,0x00C4BC,0x00C4C4,0x00C4CC,0x00C4D4,
0x00C4E0,0x00C4E8,0x00C4F0,0x00C4F8,0x00C500,0x00C508,0x00C510,0x00C51C,
0x00C524,0x00C52C,0x00C534,0x00C53C,0x00C544,0x00C54C,0x00C558,0x00C560,
0x00C568,0x00C570,0x00C578,0x00C580,0x00C588,0x00C590,0x00C59C,0x00C5A4,
0x00C5AC,0x00C5B4,0x00C5BC,0x00C5C4,0x00C5CC,0x00C5D8,0x00C5E0,0x00C5E8,
0x00C5F0,0x00C5F8,0x00C600,0x00C608,0x00C614,0x00C61C,0x00C624,0x00C62C,
0x00C634,0x00C63C,0x00C648,0x00C650,0x00C658,0x00C660,0x00C668,0x00C670,
0x00C678,0x00C684,0x00C68C,0x00C694,0x00C69C,0x00C6A4,0x00C6AC,0x00C6B4,
0x00C6C0,0x00C6C8,0x00C6D0,0x00C6D8,0x00C6E0,0x00C6E8,0x00C6F4,0x00C6FC,
0x00C704,0x00C70C,0x00C714,0x00C71C,0x00C724,0x00C730,0x00C738,0x00C740,
0x00C748,0x00C750,0x00C758,0x00C764,0x00C76C,0x00C774,0x00C77C,0x00C784,
0x00C78C,0x00C798,0x00C7A0,0x00C7A8,0x00C7B0,0x00C7B8,0x00C7C0,0x00C7CC,
0x00C7D4,0x00C7DC,0x00C7E4,0x00C7EC,0x00C7F4,0x00C7FC,0x00C808,0x00C810,
0x00C818,0x00C820,0x00C828,0x00C830,0x00C83C,0x00C844,0x00C84C,0x00C854,
0x00C85C,0x00C868,0x00C870,0x00C878,0x00C880,0x00C888,0x00C890,0x00C89C,
0x00C8A4,0x00C8AC,0x00C8B4,0x00C8BC,0x00C8C4,0x00C8D0,0x00C8D8,0x00C8E0,
0x00C8E8,0x00C8F0,0x00C8F8,0x00C904,0x00C90C,0x00C914,0x00C91C,0x00C924,
0x00C930,0x00C938,0x00C940,0x00C948,0x00C950,0x00C958,0x00C964,0x00C96C,
0x00C974,0x00C97C,0x00C984,0x00C990,0x00C998,0x00C9A0,0x00C9A8,0x00C9B0,
0x00C9B8,0x00C9C4,0x00C9CC,0x00C9D4,0x00C9DC,0x00C9E4,0x00C9F0,0x00C9F8,
0x00CA00,0x00CA08,0x00CA10,0x00CA18,0x00CA24,0x00CA2C,0x00CA34,0x00CA3C,
0x00CA44,0x00CA50,0x00CA58,0x00CA60,0x00CA68,0x00CA70,0x00CA7C,0x00CA84,
0x00CA8C,0x00CA94,0x00CA9C,0x00CAA8,0x00CAB0,0x00CAB8,0x00CAC0,0x00CAC8,
0x00CAD4,0x00CADC,0x00CAE4,0x00CAEC,0x00CAF4,0x00CB00,0x00CB08,0x00CB10,
0x00CB18,0x00CB20,0x00CB2C,0x00CB34,0x00CB3C,0x00CB44,0x00CB4C,0x00CB58,
0x00CB60,0x00CB68,0x00CB70,0x00CB78,0x00CB84,0x00CB8C,0x00CB94,0x00CB9C,
0x00CBA4,0x00CBB0,0x00CBB8,0x00CBC0,0x00CBC8,0x00CBD0,0x00CBDC,0x00CBE4,
0x00CBEC,0x00CBF4,0x00CBFC,0x00CC08,0x00CC10,0x00CC18,0x00CC20,0x00CC28,
0x00CC34,0x00CC3C,0x00CC44,0x00CC4C,0x00CC58,0x00CC60,0x00CC68,0x00CC70,
0x00CC78,0x00CC84,0x00CC8C,0x00CC94,0x00CC9C,0x00CCA4,0x00CCB0,0x00CCB8,
0x00CCC0,0x00CCC8,0x00CCD4,0x00CCDC,0x00CCE4,0x00CCEC,0x00CCF4,0x00CD00,
0x00CD08,0x00CD10,0x00CD18,0x00CD24,0x00CD2C,0x00CD34,0x00CD3C,0x00CD44,
0x00CD50,0x00CD58,0x00CD60,0x00CD68,0x00CD74,0x00CD7C,0x00CD84,0x00CD8C,
0x00CD94,0x00CDA0,0x00CDA8,0x00CDB0,0x00CDB8,0x00CDC4,0x00CDCC,0x00CDD4,
0x00CDDC,0x00CDE8,0x00CDF0,0x00CDF8,0x00CE00,0x00CE08,0x00CE14,0x00CE1C,
0x00CE24,0x00CE2C,0x00CE38,0x00CE40,0x00CE48,0x00CE50,0x00CE5C,0x00CE64,
0x00CE6C,0x00CE74,0x00CE7C,0x00CE88,0x00CE90,0x00CE98,0x00CEA0,0x00CEAC,
0x00CEB4,0x00CEBC,0x00CEC4,0x00CED0,0x00CED8,0x00CEE0,0x00CEE8,0x00CEF4,
0x00CEFC,0x00CF04,0x00CF0C,0x00CF18,0x00CF20,0x00CF28,0x00CF30,0x00CF3C,
0x00CF44,0x00CF4C,0x00CF54,0x00CF60,0x00CF68,0x00CF70,0x00CF78,0x00CF80,
0x00CF8C,0x00CF94,0x00CF9C,0x00CFA4,0x00CFB0,0x00CFB8,0x00CFC0,0x00CFC8,
0x00CFD4,0x00CFDC,0x00CFE4,0x00CFEC,0x00CFF8,0x00D000,0x00D008,0x00D014,
0x00D01C,0x00D024,0x00D02C,0x00D038,0x00D040,0x00D048,0x00D050,0x00D05C,
0x00D064,0x00D06C,0x00D074,0x00D080,0x00D088,0x00D090,0x00D098,0x00D0A4,
0x00D0AC,0x00D0B4,0x00D0BC,0x00D0C8,0x00D0D0,0x00D0D8,0x00D0E0,0x00D0EC,
0x00D0F4,0x00D0FC,0x00D104,0x00D110,0x00D118,0x00D120,0x00D12C,0x00D134,
0x00D13C,0x00D144,0x00D150,0x00D158,0x00D160,0x00D168,0x00D174,0x00D17C,
0x00D184,0x00D18C,0x00D198,0x00D1A0,0x00D1A8,0x00D1B4,0x00D1BC,0x00D1C4,
0x00D1CC,0x00D1D8,0x00D1E0,0x00D1E8,0x00D1F0,0x00D1FC,0x00D204,0x00D20C,
0x00D218,0x00D220,0x00D228,0x00D230,0x00D23C,0x00D244,0x00D24C,0x00D258,
0x00D260,0x00D268,0x00D270,0x00D27C,0x00D284,0x00D28C,0x00D294,0x00D2A0,
0x00D2A8,0x00D2B0,0x00D2BC,0x00D2C4,0x00D2CC,0x00D2D4,0x00D2E0,0x00D2E8,
0x00D2F0,0x00D2FC,0x00D304,0x00D30C,0x00D314,0x00D320,0x00D328,0x00D330,
0x00D33C,0x00D344,0x00D34C,0x00D354,0x00D360,0x00D368,0x00D370,0x00D37C,
0x00D384,0x00D38C,0x00D394,0x00D3A0,0x00D3A8,0x00D3B0,0x00D3BC,0x00D3C4,
0x00D3CC,0x00D3D8,0x00D3E0,0x00D3E8,0x00D3F0,0x00D3FC,0x00D404,0x00D40C,
0x00D418,0x00D420,0x00D428,0x00D430,0x00D43C,0x00D444,0x00D44C,0x00D458,
0x00D460,0x00D468,0x00D474,0x00D47C,0x00D484,0x00D48C,0x00D498,0x00D4A0,
0x00D4A8,0x00D4B4,0x00D4BC,0x00D4C4,0x00D4D0,0x00D4D8,0x00D4E0,0x00D4EC,
0x00D4F4,0x00D4FC,0x00D504,0x00D510,0x00D518,0x00D520,0x00D52C,0x00D534,
0x00D53C,0x00D548,0x00D550,0x00D558,0x00D564,0x00D56C,0x00D574,0x00D57C,
0x00D588,0x00D590,0x00D598,0x00D5A4,0x00D5AC,0x00D5B4,0x00D5C0,0x00D5C8,
0x00D5D0,0x00D5DC,0x00D5E4,0x00D5EC,0x00D5F8,0x00D600,0x00D608,0x00D614,
0x00D61C,0x00D624,0x00D62C,0x00D638,0x00D640,0x00D648,0x00D654,0x00D65C,
0x00D664,0x00D670,0x00D678,0x00D680,0x00D68C,0x00D694,0x00D69C,0x00D6A8,
0x00D6B0,0x00D6B8,0x00D6C4,0x00D6CC,0x00D6D4,0x00D6E0,0x00D6E8,0x00D6F0,
0x00D6FC,0x00D704,0x00D70C,0x00D718,0x00D720,0x00D728,0x00D734,0x00D73C,
0x00D744,0x00D750,0x00D758,0x00D760,0x00D76C,0x00D774,0x00D77C,0x00D788,
0x00D790,0x00D798,0x00D7A4,0x00D7AC,0x00D7B4,0x00D7C0,0x00D7C8,0x00D7D0,
0x00D7DC,0x00D7E4,0x00D7EC,0x00D7F8,0x00D800,0x00D808,0x00D814,0x00D81C,
0x00D824,0x00D830,0x00D838,0x00D840,0x00D84C,0x00D854,0x00D85C,0x00D868,
0x00D870,0x00D878,0x00D884,0x00D88C,0x00D894,0x00D8A0,0x00D8A8,0x00D8B0,
0x00D8BC,0x00D8C4,0x00D8D0,0x00D8D8,0x00D8E0,0x00D8EC,0x00D8F4,0x00D8FC,
0x00D908,0x00D910,0x00D918,0x00D924,0x00D92C,0x00D934,0x00D940,0x00D948,
0x00D950,0x00D95C,0x00D964,0x00D96C,0x00D978,0x00D980,0x00D98C,0x00D994,
0x00D99C,0x00D9A8,0x00D9B0,0x00D9B8,0x00D9C4,0x00D9CC,0x00D9D4,0x00D9E0,
0x00D9E8,0x00D9F0,0x00D9FC,0x00DA04,0x00DA10,0x00DA18,0x00DA20,0x00DA2C,
0x00DA34,0x00DA3C,0x00DA48,0x00DA50,0x00DA58,0x00DA64,0x00DA6C,0x00DA78,
0x00DA80,0x00DA88,0x00DA94,0x00DA9C,0x00DAA4,0x00DAB0,0x00DAB8,0x00DAC4,
0x00DACC,0x00DAD4,0x00DAE0,0x00DAE8,0x00DAF0,0x00DAFC,0x00DB04,0x00DB0C,
0x00DB18,0x00DB20,0x00DB2C,0x00DB34,0x00DB3C,0x00DB48,0x00DB50,0x00DB58,
0x00DB64,0x00DB6C,0x00DB78,0x00DB80,0x00DB88,0x00DB94,0x00DB9C,0x00DBA8,
0x00DBB0,0x00DBB8,0x00DBC4,0x00DBCC,0x00DBD4,0x00DBE0,0x00DBE8,0x00DBF4,
0x00DBFC,0x00DC04,0x00DC10,0x00DC18,0x00DC20,0x00DC2C,0x00DC34,0x00DC40,
0x00DC48,0x00DC50,0x00DC5C,0x00DC64,0x00DC70,0x00DC78,0x00DC80,0x00DC8C,
0x00DC94,0x00DC9C,0x00DCA8,0x00DCB0,0x00DCBC,0x00DCC4,0x00DCCC,0x00DCD8,
0x00DCE0,0x00DCEC,0x00DCF4,0x00DCFC,0x00DD08,0x00DD10,0x00DD1C,0x00DD24,
0x00DD2C,0x00DD38,0x00DD40,0x00DD4C,0x00DD54,0x00DD5C,0x00DD68,0x00DD70,
0x00DD7C,0x00DD84,0x00DD8C,0x00DD98,0x00DDA0,0x00DDAC,0x00DDB4,0x00DDBC,
0x00DDC8,0x00DDD0,0x00DDDC,0x00DDE4,0x00DDEC,0x00DDF8,0x00DE00,0x00DE0C,
0x00DE14,0x00DE1C,0x00DE28,0x00DE30,0x00DE3C,0x00DE44,0x00DE4C,0x00DE58,
0x00DE60,0x00DE6C,0x00DE74,0x00DE7C,0x00DE88,0x00DE90,0x00DE9C,0x00DEA4,
0x00DEB0,0x00DEB8,0x00DEC0,0x00DECC,0x00DED4,0x00DEE0,0x00DEE8,0x00DEF0,
0x00DEFC,0x00DF04,0x00DF10,0x00DF18,0x00DF20,0x00DF2C,0x00DF34,0x00DF40,
0x00DF48,0x00DF54,0x00DF5C,0x00DF64,0x00DF70,0x00DF78,0x00DF84,0x00DF8C,
0x00DF98,0x00DFA0,0x00DFA8,0x00DFB4,0x00DFBC,0x00DFC8,0x00DFD0,0x00DFD8,
0x00DFE4,0x00DFEC,0x00DFF8,0x00E000,0x00E00C,0x00E014,0x00E01C,0x00E028,
0x00E030,0x00E03C,0x00E044,0x00E050,0x00E058,0x00E060,0x00E06C,0x00E074,
0x00E080,0x00E088,0x00E094,0x00E09C,0x00E0A4,0x00E0B0,0x00E0B8,0x00E0C4,
0x00E0CC,0x00E0D8,0x00E0E0,0x00E0EC,0x00E0F4,0x00E0FC,0x00E108,0x00E110,
0x00E11C,0x00E124,0x00E130,0x00E138,0x00E140,0x00E14C,0x00E154,0x00E160,
0x00E168,0x00E174,0x00E17C,0x00E188,0x00E190,0x00E198,0x00E1A4,0x00E1AC,
0x00E1B8,0x00E1C0,0x00E1CC,0x00E1D4,0x00E1E0,0x00E1E8,0x00E1F0,0x00E1FC,
0x00E204,0x00E210,0x00E218,0x00E224,0x00E22C,0x00E238,0x00E240,0x00E248,
0x00E254,0x00E25C,0x00E268,0x00E270,0x00E27C,0x00E284,0x00E290,0x00E298,
0x00E2A4,0x00E2AC,0x00E2B4,0x00E2C0,0x00E2C8,0x00E2D4,0x00E2DC,0x00E2E8,
0x00E2F0,0x00E2FC,0x00E304,0x00E310,0x00E318,0x00E324,0x00E32C,0x00E334,
0x00E340,0x00E348,0x00E354,0x00E35C,0x00E368,0x00E370,0x00E37C,0x00E384,
0x00E390,0x00E398,0x00E3A4,0x00E3AC,0x00E3B4,0x00E3C0,0x00E3C8,0x00E3D4,
0x00E3DC,0x00E3E8,0x00E3F0,0x00E3FC,0x00E404,0x00E410,0x00E418,0x00E424,
0x00E42C,0x00E438,0x00E440,0x00E448,0x00E454,0x00E45C,0x00E468,0x00E470,
0x00E47C,0x00E484,0x00E490,0x00E498,0x00E4A4,0x00E4AC,0x00E4B8,0x00E4C0,
0x00E4CC,0x00E4D4,0x00E4E0,0x00E4E8,0x00E4F4,0x00E4FC,0x00E508,0x00E510,
0x00E51C,0x00E524,0x00E52C,0x00E538,0x00E540,0x00E54C,0x00E554,0x00E560,
0x00E568,0x00E574,0x00E57C,0x00E588,0x00E590,0x00E59C,0x00E5A4,0x00E5B0,
0x00E5B8,0x00E5C4,0x00E5CC,0x00E5D8,0x00E5E0,0x00E5EC,0x00E5F4,0x00E600,
0x00E608,0x00E614,0x00E61C,0x00E628,0x00E630,0x00E63C,0x00E644,0x00E650,
0x00E658,0x00E664,0x00E66C,0x00E678,0x00E680,0x00E68C,0x00E694,0x00E6A0,
0x00E6A8,0x00E6B4,0x00E6BC,0x00E6C8,0x00E6D0,0x00E6DC,0x00E6E4,0x00E6F0,
0x00E6F8,0x00E704,0x00E70C,0x00E718,0x00E720,0x00E72C,0x00E734,0x00E740,
0x00E748,0x00E754,0x00E75C,0x00E768,0x00E770,0x00E77C,0x00E784,0x00E790,
0x00E798,0x00E7A4,0x00E7AC,0x00E7B8,0x00E7C0,0x00E7CC,0x00E7D4,0x00E7E0,
0x00E7E8,0x00E7F4,0x00E7FC,0x00E808,0x00E810,0x00E81C,0x00E824,0x00E830,
0x00E838,0x00E844,0x00E84C,0x00E858,0x00E860,0x00E86C,0x00E874,0x00E880,
0x00E888,0x00E894,0x00E8A0,0x00E8A8,0x00E8B4,0x00E8BC,0x00E8C8,0x00E8D0,
0x00E8DC,0x00E8E4,0x00E8F0,0x00E8F8,0x00E904,0x00E90C,0x00E918,0x00E920,
0x00E92C,0x00E934,0x00E940,0x00E948,0x00E954,0x00E95C,0x00E968,0x00E974,
0x00E97C,0x00E988,0x00E990,0x00E99C,0x00E9A4,0x00E9B0,0x00E9B8,0x00E9C4,
0x00E9CC,0x00E9D8,0x00E9E0,0x00E9EC,0x00E9F4,0x00EA00,0x00EA08,0x00EA14,
0x00EA20,0x00EA28,0x00EA34,0x00EA3C,0x00EA48,0x00EA50,0x00EA5C,0x00EA64,
0x00EA70,0x00EA78,0x00EA84,0x00EA8C,0x00EA98,0x00EAA4,0x00EAAC,0x00EAB8,
0x00EAC0,0x00EACC,0x00EAD4,0x00EAE0,0x00EAE8,0x00EAF4,0x00EAFC,0x00EB08,
0x00EB14,0x00EB1C,0x00EB28,0x00EB30,0x00EB3C,0x00EB44,0x00EB50,0x00EB58,
0x00EB64,0x00EB6C,0x00EB78,0x00EB84,0x00EB8C,0x00EB98,0x00EBA0,0x00EBAC,
0x00EBB4,0x00EBC0,0x00EBC8,0x00EBD4,0x00EBE0,0x00EBE8,0x00EBF4,0x00EBFC,
0x00EC08,0x00EC10,0x00EC1C,0x00EC24,0x00EC30,0x00EC3C,0x00EC44,0x00EC50,
0x00EC58,0x00EC64,0x00EC6C,0x00EC78,0x00EC80,0x00EC8C,0x00EC98,0x00ECA0,
0x00ECAC,0x00ECB4,0x00ECC0,0x00ECC8,0x00ECD4,0x00ECE0,0x00ECE8,0x00ECF4,
0x00ECFC,0x00ED08,0x00ED10,0x00ED1C,0x00ED28,0x00ED30,0x00ED3C,0x00ED44,
0x00ED50,0x00ED58,0x00ED64,0x00ED70,0x00ED78,0x00ED84,0x00ED8C,0x00ED98,
0x00EDA0,0x00EDAC,0x00EDB8,0x00EDC0,0x00EDCC,0x00EDD4,0x00EDE0,0x00EDE8,
0x00EDF4,0x00EE00,0x00EE08,0x00EE14,0x00EE1C,0x00EE28,0x00EE30,0x00EE3C,
0x00EE48,0x00EE50,0x00EE5C,0x00EE64,0x00EE70,0x00EE7C,0x00EE84,0x00EE90,
0x00EE98,0x00EEA4,0x00EEAC,0x00EEB8,0x00EEC4,0x00EECC,0x00EED8,0x00EEE0,
0x00EEEC,0x00EEF8,0x00EF00,0x00EF0C,0x00EF14,0x00EF20,0x00EF28,0x00EF34,
0x00EF40,0x00EF48,0x00EF54,0x00EF5C,0x00EF68,0x00EF74,0x00EF7C,0x00EF88,
0x00EF90,0x00EF9C,0x00EFA8,0x00EFB0,0x00EFBC,0x00EFC4,0x00EFD0,0x00EFDC,
0x00EFE4,0x00EFF0,0x00EFF8,0x00F004,0x00F010,0x00F018,0x00F024,0x00F02C,
0x00F038,0x00F044,0x00F04C,0x00F058,0x00F060,0x00F06C,0x00F078,0x00F080,
0x00F08C,0x00F094,0x00F0A0,0x00F0AC,0x00F0B4,0x00F0C0,0x00F0C8,0x00F0D4,
0x00F0E0,0x00F0E8,0x00F0F4,0x00F0FC,0x00F108,0x00F114,0x00F11C,0x00F128,
0x00F134,0x00F13C,0x00F148,0x00F150,0x00F15C,0x00F168,0x00F170,0x00F17C,
0x00F184,0x00F190,0x00F19C,0x00F1A4,0x00F1B0,0x00F1BC,0x00F1C4,0x00F1D0,
0x00F1D8,0x00F1E4,0x00F1F0,0x00F1F8,0x00F204,0x00F210,0x00F218,0x00F224,
0x00F22C,0x00F238,0x00F244,0x00F24C,0x00F258,0x00F260,0x00F26C,0x00F278,
0x00F280,0x00F28C,0x00F298,0x00F2A0,0x00F2AC,0x00F2B8,0x00F2C0,0x00F2CC,
0x00F2D4,0x00F2E0,0x00F2EC,0x00F2F4,0x00F300,0x00F30C,0x00F314,0x00F320,
0x00F328,0x00F334,0x00F340,0x00F348,0x00F354,0x00F360,0x00F368,0x00F374,
0x00F380,0x00F388,0x00F394,0x00F39C,0x00F3A8,0x00F3B4,0x00F3BC,0x00F3C8,
0x00F3D4,0x00F3DC,0x00F3E8,0x00F3F4,0x00F3FC,0x00F408,0x00F410,0x00F41C,
0x00F428,0x00F430,0x00F43C,0x00F448,0x00F450,0x00F45C,0x00F468,0x00F470,
0x00F47C,0x00F488,0x00F490,0x00F49C,0x00F4A8,0x00F4B0,0x00F4BC,0x00F4C4,
0x00F4D0,0x00F4DC,0x00F4E4,0x00F4F0,0x00F4FC,0x00F504,0x00F510,0x00F51C,
0x00F524,0x00F530,0x00F53C,0x00F544,0x00F550,0x00F55C,0x00F564,0x00F570,
0x00F57C,0x00F584,0x00F590,0x00F59C,0x00F5A4,0x00F5B0,0x00F5BC,0x00F5C4,
0x00F5D0,0x00F5DC,0x00F5E4,0x00F5F0,0x00F5FC,0x00F604,0x00F610,0x00F61C,
0x00F624,0x00F630,0x00F63C,0x00F644,0x00F650,0x00F65C,0x00F664,0x00F670,
0x00F67C,0x00F684,0x00F690,0x00F69C,0x00F6A4,0x00F6B0,0x00F6BC,0x00F6C4,
0x00F6D0,0x00F6DC,0x00F6E4,0x00F6F0,0x00F6FC,0x00F704,0x00F710,0x00F71C,
0x00F724,0x00F730,0x00F73C,0x00F744,0x00F750,0x00F75C,0x00F764,0x00F770,
0x00F77C,0x00F784,0x00F790,0x00F79C,0x00F7A4,0x00F7B0,0x00F7BC,0x00F7C8,
0x00F7D0,0x00F7DC,0x00F7E8,0x00F7F0,0x00F7FC,0x00F808,0x00F810,0x00F81C,
0x00F828,0x00F830,0x00F83C,0x00F848,0x00F850,0x00F85C,0x00F868,0x00F874,
0x00F87C,0x00F888,0x00F894,0x00F89C,0x00F8A8,0x00F8B4,0x00F8BC,0x00F8C8,
0x00F8D4,0x00F8DC,0x00F8E8,0x00F8F4,0x00F900,0x00F908,0x00F914,0x00F920,
0x00F928,0x00F934,0x00F940,0x00F948,0x00F954,0x00F960,0x00F96C,0x00F974,
0x00F980,0x00F98C,0x00F994,0x00F9A0,0x00F9AC,0x00F9B4,0x00F9C0,0x00F9CC,
0x00F9D8,0x00F9E0,0x00F9EC,0x00F9F8,0x00FA00,0x00FA0C,0x00FA18,0x00FA24,
0x00FA2C,0x00FA38,0x00FA44,0x00FA4C,0x00FA58,0x00FA64,0x00FA6C,0x00FA78,
0x00FA84,0x00FA90,0x00FA98,0x00FAA4,0x00FAB0,0x00FAB8,0x00FAC4,0x00FAD0,
0x00FADC,0x00FAE4,0x00FAF0,0x00FAFC,0x00FB08,0x00FB10,0x00FB1C,0x00FB28,
0x00FB30,0x00FB3C,0x00FB48,0x00FB54,0x00FB5C,0x00FB68,0x00FB74,0x00FB7C,
0x00FB88,0x00FB94,0x00FBA0,0x00FBA8,0x00FBB4,0x00FBC0,0x00FBCC,0x00FBD4,
0x00FBE0,0x00FBEC,0x00FBF4,0x00FC00,0x00FC0C,0x00FC18,0x00FC20,0x00FC2C,
0x00FC38,0x00FC44,0x00FC4C,0x00FC58,0x00FC64,0x00FC6C,0x00FC78,0x00FC84,
0x00FC90,0x00FC98,0x00FCA4,0x00FCB0,0x00FCBC,0x00FCC4,0x00FCD0,0x00FCDC,
0x00FCE8,0x00FCF0,0x00FCFC,0x00FD08,0x00FD14,0x00FD1C,0x00FD28,0x00FD34,
0x00FD40,0x00FD48,0x00FD54,0x00FD60,0x00FD68,0x00FD74,0x00FD80,0x00FD8C,
0x00FD94,0x00FDA0,0x00FDAC,0x00FDB8,0x00FDC0,0x00FDCC,0x00FDD8,0x00FDE4,
0x00FDEC,0x00FDF8,0x00FE04,0x00FE10,0x00FE18,0x00FE24,0x00FE30,0x00FE3C,
0x00FE44,0x00FE50,0x00FE5C,0x00FE68,0x00FE70,0x00FE7C,0x00FE88,0x00FE94,
0x00FEA0,0x00FEA8,0x00FEB4,0x00FEC0,0x00FECC,0x00FED4,0x00FEE0,0x00FEEC,
0x00FEF8,0x00FF00,0x00FF0C,0x00FF18,0x00FF24,0x00FF2C,0x00FF38,0x00FF44,
0x00FF50,0x00FF58,0x00FF64,0x00FF70,0x00FF7C,0x00FF88,0x00FF90,0x00FF9C,
0x00FFA8,0x00FFB4,0x00FFBC,0x00FFC8,0x00FFD4,0x00FFE0,0x00FFE8,0x00FFF4,
0x010000,0x010008,0x010018,0x010020,0x010030,0x010038,0x010040,0x010050,
0x010058,0x010060,0x010070,0x010078,0x010088,0x010090,0x010098,0x0100A8,
0x0100B0,0x0100C0,0x0100C8,0x0100D0,0x0100E0,0x0100E8,0x0100F8,0x010100,
0x010108,0x010118,0x010120,0x010130,0x010138,0x010140,0x010150,0x010158,
0x010160,0x010170,0x010178,0x010188,0x010190,0x010198,0x0101A8,0x0101B0,
0x0101C0,0x0101C8,0x0101D0,0x0101E0,0x0101E8,0x0101F8,0x010200,0x010208,
0x010218,0x010220,0x010230,0x010238,0x010240,0x010250,0x010258,0x010268,
0x010270,0x010278,0x010288,0x010290,0x0102A0,0x0102A8,0x0102B0,0x0102C0,
0x0102C8,0x0102D8,0x0102E0,0x0102E8,0x0102F8,0x010300,0x010310,0x010318,
0x010320,0x010330,0x010338,0x010348,0x010350,0x010358,0x010368,0x010370,
0x010380,0x010388,0x010390,0x0103A0,0x0103A8,0x0103B8,0x0103C0,0x0103D0,
0x0103D8,0x0103E0,0x0103F0,0x0103F8,0x010408,0x010410,0x010418,0x010428,
0x010430,0x010440,0x010448,0x010450,0x010460,0x010468,0x010478,0x010480,
0x010488,0x010498,0x0104A0,0x0104B0,0x0104B8,0x0104C8,0x0104D0,0x0104D8,
0x0104E8,0x0104F0,0x010500,0x010508,0x010510,0x010520,0x010528,0x010538,
0x010540,0x010548,0x010558,0x010560,0x010570,0x010578,0x010588,0x010590,
0x010598,0x0105A8,0x0105B0,0x0105C0,0x0105C8,0x0105D0,0x0105E0,0x0105E8,
0x0105F8,0x010600,0x010610,0x010618,0x010620,0x010630,0x010638,0x010648,
0x010650,0x010658,0x010668,0x010670,0x010680,0x010688,0x010698,0x0106A0,
0x0106A8,0x0106B8,0x0106C0,0x0106D0,0x0106D8,0x0106E8,0x0106F0,0x0106F8,
0x010708,0x010710,0x010720,0x010728,0x010738,0x010740,0x010748,0x010758,
0x010760,0x010770,0x010778,0x010788,0x010790,0x010798,0x0107A8,0x0107B0,
0x0107C0,0x0107C8,0x0107D8,0x0107E0,0x0107E8,0x0107F8,0x010800,0x010810,
0x010818,0x010828,0x010830,0x010838,0x010848,0x010850,0x010860,0x010868,
0x010878,0x010880,0x010888,0x010898,0x0108A0,0x0108B0,0x0108B8,0x0108C8,
0x0108D0,0x0108D8,0x0108E8,0x0108F0,0x010900,0x010908,0x010918,0x010920,
0x010928,0x010938,0x010940,0x010950,0x010958,0x010968,0x010970,0x010980,
0x010988,0x010990,0x0109A0,0x0109A8,0x0109B8,0x0109C0,0x0109D0,0x0109D8,
0x0109E0,0x0109F0,0x0109F8,0x010A08,0x010A10,0x010A20,0x010A28,0x010A38,
0x010A40,0x010A48,0x010A58,0x010A60,0x010A70,0x010A78,0x010A88,0x010A90,
0x010AA0,0x010AA8,0x010AB0,0x010AC0,0x010AC8,0x010AD8,0x010AE0,0x010AF0,
0x010AF8,0x010B08,0x010B10,0x010B18,0x010B28,0x010B30,0x010B40,0x010B48,
0x010B58,0x010B60,0x010B70,0x010B78,0x010B80,0x010B90,0x010B98,0x010BA8,
0x010BB0,0x010BC0,0x010BC8,0x010BD8,0x010BE0,0x010BF0,0x010BF8,0x010C00,
0x010C10,0x010C18,0x010C28,0x010C30,0x010C40,0x010C48,0x010C58,0x010C60,
0x010C70,0x010C78,0x010C80,0x010C90,0x010C98,0x010CA8,0x010CB0,0x010CC0,
0x010CC8,0x010CD8,0x010CE0,0x010CF0,0x010CF8,0x010D00,0x010D10,0x010D18,
0x010D28,0x010D30,0x010D40,0x010D48,0x010D58,0x010D60,0x010D70,0x010D78,
0x010D80,0x010D90,0x010D98,0x010DA8,0x010DB0,0x010DC0,0x010DC8,0x010DD8,
0x010DE0,0x010DF0,0x010DF8,0x010E08,0x010E10,0x010E18,0x010E28,0x010E30,
0x010E40,0x010E48,0x010E58,0x010E60,0x010E70,0x010E78,0x010E88,0x010E90,
0x010EA0,0x010EA8,0x010EB0,0x010EC0,0x010EC8,0x010ED8,0x010EE0,0x010EF0,
0x010EF8,0x010F08,0x010F10,0x010F20,0x010F28,0x010F38,0x010F40,0x010F50,
0x010F58,0x010F68,0x010F70,0x010F78,0x010F88,0x010F90,0x010FA0,0x010FA8,
0x010FB8,0x010FC0,0x010FD0,0x010FD8,0x010FE8,0x010FF0,0x011000,0x011008,
0x011018,0x011020,0x011030,0x011038,0x011040,0x011050,0x011058,0x011068,
0x011070,0x011080,0x011088,0x011098,0x0110A0,0x0110B0,0x0110B8,0x0110C8,
0x0110D0,0x0110E0,0x0110E8,0x0110F8,0x011100,0x011110,0x011118,0x011128,
0x011130,0x011138,0x011148,0x011150,0x011160,0x011168,0x011178,0x011180,
0x011190,0x011198,0x0111A8,0x0111B0,0x0111C0,0x0111C8,0x0111D8,0x0111E0,
0x0111F0,0x0111F8,0x011208,0x011210,0x011220,0x011228,0x011238,0x011240,
0x011250,0x011258,0x011268,0x011270,0x011280,0x011288,0x011298,0x0112A0,
0x0112A8,0x0112B8,0x0112C0,0x0112D0,0x0112D8,0x0112E8,0x0112F0,0x011300,
0x011308,0x011318,0x011320,0x011330,0x011338,0x011348,0x011350,0x011360,
0x011368,0x011378,0x011380,0x011390,0x011398,0x0113A8,0x0113B0,0x0113C0,
0x0113C8,0x0113D8,0x0113E0,0x0113F0,0x0113F8,0x011408,0x011410,0x011420,
0x011428,0x011438,0x011440,0x011450,0x011458,0x011468,0x011470,0x011480,
0x011488,0x011498,0x0114A0,0x0114B0,0x0114B8,0x0114C8,0x0114D0,0x0114E0,
0x0114E8,0x0114F8,0x011500,0x011510,0x011518,0x011528,0x011530,0x011540,
0x011548,0x011558,0x011560,0x011570,0x011578,0x011588,0x011590,0x0115A0,
0x0115A8,0x0115B8,0x0115C0,0x0115D0,0x0115D8,0x0115E8,0x0115F0,0x011600,
0x011608,0x011618,0x011620,0x011630,0x011638,0x011648,0x011650,0x011660,
0x011668,0x011678,0x011680,0x011690,0x011698,0x0116A8,0x0116B0,0x0116C0,
0x0116C8,0x0116D8,0x0116E0,0x0116F0,0x0116F8,0x011708,0x011710,0x011720,
0x011728,0x011738,0x011740,0x011750,0x011758,0x011768,0x011778,0x011780,
0x011790,0x011798,0x0117A8,0x0117B0,0x0117C0,0x0117C8,0x0117D8,0x0117E0,
0x0117F0,0x0117F8,0x011808,0x011810,0x011820,0x011828,0x011838,0x011840,
0x011850,0x011858,0x011868,0x011870,0x011880,0x011888,0x011898,0x0118A0,
0x0118B0,0x0118B8,0x0118C8,0x0118D8,0x0118E0,0x0118F0,0x0118F8,0x011908,
0x011910,0x011920,0x011928,0x011938,0x011940,0x011950,0x011958,0x011968,
0x011970,0x011980,0x011988,0x011998,0x0119A0,0x0119B0,0x0119B8,0x0119C8,
0x0119D8,0x0119E0,0x0119F0,0x0119F8,0x011A08,0x011A10,0x011A20,0x011A28,
0x011A38,0x011A40,0x011A50,0x011A58,0x011A68,0x011A70,0x011A80,0x011A88,
0x011A98,0x011AA0,0x011AB0,0x011AC0,0x011AC8,0x011AD8,0x011AE0,0x011AF0,
0x011AF8,0x011B08,0x011B10,0x011B20,0x011B28,0x011B38,0x011B40,0x011B50,
0x011B58,0x011B68,0x011B78,0x011B80,0x011B90,0x011B98,0x011BA8,0x011BB0,
0x011BC0,0x011BC8,0x011BD8,0x011BE0,0x011BF0,0x011BF8,0x011C08,0x011C18,
0x011C20,0x011C30,0x011C38,0x011C48,0x011C50,0x011C60,0x011C68,0x011C78,
0x011C80,0x011C90,0x011C98,0x011CA8,0x011CB8,0x011CC0,0x011CD0,0x011CD8,
0x011CE8,0x011CF0,0x011D00,0x011D08,0x011D18,0x011D20,0x011D30,0x011D40,
0x011D48,0x011D58,0x011D60,0x011D70,0x011D78,0x011D88,0x011D90,0x011DA0,
0x011DA8,0x011DB8,0x011DC8,0x011DD0,0x011DE0,0x011DE8,0x011DF8,0x011E00,
0x011E10,0x011E18,0x011E28,0x011E30,0x011E40,0x011E50,0x011E58,0x011E68,
0x011E70,0x011E80,0x011E88,0x011E98,0x011EA0,0x011EB0,0x011EC0,0x011EC8,
0x011ED8,0x011EE0,0x011EF0,0x011EF8,0x011F08,0x011F10,0x011F20,0x011F30,
0x011F38,0x011F48,0x011F50,0x011F60,0x011F68,0x011F78,0x011F80,0x011F90,
0x011FA0,0x011FA8,0x011FB8,0x011FC0,0x011FD0,0x011FD8,0x011FE8,0x011FF0,
0x012000,0x012010,0x012018,0x012028,0x012030,0x012040,0x012048,0x012058,
0x012060,0x012070,0x012080,0x012088,0x012098,0x0120A0,0x0120B0,0x0120B8,
0x0120C8,0x0120D8,0x0120E0,0x0120F0,0x0120F8,0x012108,0x012110,0x012120,
0x012128,0x012138,0x012148,0x012150,0x012160,0x012168,0x012178,0x012180,
0x012190,0x0121A0,0x0121A8,0x0121B8,0x0121C0,0x0121D0,0x0121D8,0x0121E8,
0x0121F8,0x012200,0x012210,0x012218,0x012228,0x012230,0x012240,0x012250,
0x012258,0x012268,0x012270,0x012280,0x012288,0x012298,0x0122A8,0x0122B0,
0x0122C0,0x0122C8,0x0122D8,0x0122E0,0x0122F0,0x012300,0x012308,0x012318,
0x012320,0x012330,0x012338,0x012348,0x012358,0x012360,0x012370,0x012378,
0x012388,0x012398,0x0123A0,0x0123B0,0x0123B8,0x0123C8,0x0123D0,0x0123E0,
0x0123F0,0x0123F8,0x012408,0x012410,0x012420,0x012430,0x012438,0x012448,
0x012450,0x012460,0x012468,0x012478,0x012488,0x012490,0x0124A0,0x0124A8,
0x0124B8,0x0124C8,0x0124D0,0x0124E0,0x0124E8,0x0124F8,0x012500,0x012510,
0x012520,0x012528,0x012538,0x012540,0x012550,0x012560,0x012568,0x012578,
0x012580,0x012590,0x012598,0x0125A8,0x0125B8,0x0125C0,0x0125D0,0x0125D8,
0x0125E8,0x0125F8,0x012600,0x012610,0x012618,0x012628,0x012638,0x012640,
0x012650,0x012658,0x012668,0x012678,0x012680,0x012690,0x012698,0x0126A8,
0x0126B8,0x0126C0,0x0126D0,0x0126D8,0x0126E8,0x0126F8,0x012700,0x012710,
0x012718,0x012728,0x012738,0x012740,0x012750,0x012758,0x012768,0x012778,
0x012780,0x012790,0x012798,0x0127A8,0x0127B8,0x0127C0,0x0127D0,0x0127D8,
0x0127E8,0x0127F8,0x012800,0x012810,0x012818,0x012828,0x012838,0x012840,
0x012850,0x012858,0x012868,0x012878,0x012880,0x012890,0x012898,0x0128A8,
0x0128B8,0x0128C0,0x0128D0,0x0128D8,0x0128E8,0x0128F8,0x012900,0x012910,
0x012918,0x012928,0x012938,0x012940,0x012950,0x012960,0x012968,0x012978,
0x012980,0x012990,0x0129A0,0x0129A8,0x0129B8,0x0129C0,0x0129D0,0x0129E0,
0x0129E8,0x0129F8,0x012A00,0x012A10,0x012A20,0x012A28,0x012A38,0x012A48,
0x012A50,0x012A60,0x012A68,0x012A78,0x012A88,0x012A90,0x012AA0,0x012AA8,
0x012AB8,0x012AC8,0x012AD0,0x012AE0,0x012AF0,0x012AF8,0x012B08,0x012B10,
0x012B20,0x012B30,0x012B38,0x012B48,0x012B58,0x012B60,0x012B70,0x012B78,
0x012B88,0x012B98,0x012BA0,0x012BB0,0x012BB8,0x012BC8,0x012BD8,0x012BE0,
0x012BF0,0x012C00,0x012C08,0x012C18,0x012C20,0x012C30,0x012C40,0x012C48,
0x012C58,0x012C68,0x012C70,0x012C80,0x012C88,0x012C98,0x012CA8,0x012CB0,
0x012CC0,0x012CD0,0x012CD8,0x012CE8,0x012CF8,0x012D00,0x012D10,0x012D18,
0x012D28,0x012D38,0x012D40,0x012D50,0x012D60,0x012D68,0x012D78,0x012D80,
0x012D90,0x012DA0,0x012DA8,0x012DB8,0x012DC8,0x012DD0,0x012DE0,0x012DF0,
0x012DF8,0x012E08,0x012E10,0x012E20,0x012E30,0x012E38,0x012E48,0x012E58,
0x012E60,0x012E70,0x012E80,0x012E88,0x012E98,0x012EA0,0x012EB0,0x012EC0,
0x012EC8,0x012ED8,0x012EE8,0x012EF0,0x012F00,0x012F10,0x012F18,0x012F28,
0x012F30,0x012F40,0x012F50,0x012F58,0x012F68,0x012F78,0x012F80,0x012F90,
0x012FA0,0x012FA8,0x012FB8,0x012FC8,0x012FD0,0x012FE0,0x012FF0,0x012FF8,
0x013008,0x013010,0x013020,0x013030,0x013038,0x013048,0x013058,0x013060,
0x013070,0x013080,0x013088,0x013098,0x0130A8,0x0130B0,0x0130C0,0x0130D0,
0x0130D8,0x0130E8,0x0130F0,0x013100,0x013110,0x013118,0x013128,0x013138,
0x013140,0x013150,0x013160,0x013168,0x013178,0x013188,0x013190,0x0131A0,
0x0131B0,0x0131B8,0x0131C8,0x0131D8,0x0131E0,0x0131F0,0x013200,0x013208,
0x013218,0x013228,0x013230,0x013240,0x013250,0x013258,0x013268,0x013270,
0x013280,0x013290,0x013298,0x0132A8,0x0132B8,0x0132C0,0x0132D0,0x0132E0,
0x0132E8,0x0132F8,0x013308,0x013310,0x013320,0x013330,0x013338,0x013348,
0x013358,0x013360,0x013370,0x013380,0x013388,0x013398,0x0133A8,0x0133B0,
0x0133C0,0x0133D0,0x0133D8,0x0133E8,0x0133F8,0x013400,0x013410,0x013420,
0x013428,0x013438,0x013448,0x013450,0x013460,0x013470,0x013478,0x013488,
0x013498,0x0134A0,0x0134B0,0x0134C0,0x0134C8,0x0134D8,0x0134E8,0x0134F0,
0x013500,0x013510,0x013518,0x013528,0x013538,0x013548,0x013550,0x013560,
0x013570,0x013578,0x013588,0x013598,0x0135A0,0x0135B0,0x0135C0,0x0135C8,
0x0135D8,0x0135E8,0x0135F0,0x013600,0x013610,0x013618,0x013628,0x013638,
0x013640,0x013650,0x013660,0x013668,0x013678,0x013688,0x013690,0x0136A0,
0x0136B0,0x0136C0,0x0136C8,0x0136D8,0x0136E8,0x0136F0,0x013700,0x013710,
0x013718,0x013728,0x013738,0x013740,0x013750,0x013760,0x013768,0x013778,
0x013788,0x013790,0x0137A0,0x0137B0,0x0137C0,0x0137C8,0x0137D8,0x0137E8,
0x0137F0,0x013800,0x013810,0x013818,0x013828,0x013838,0x013840,0x013850,
0x013860,0x013870,0x013878,0x013888,0x013898,0x0138A0,0x0138B0,0x0138C0,
0x0138C8,0x0138D8,0x0138E8,0x0138F0,0x013900,0x013910,0x013920,0x013928,
0x013938,0x013948,0x013950,0x013960,0x013970,0x013978,0x013988,0x013998,
0x0139A8,0x0139B0,0x0139C0,0x0139D0,0x0139D8,0x0139E8,0x0139F8,0x013A00,
0x013A10,0x013A20,0x013A30,0x013A38,0x013A48,0x013A58,0x013A60,0x013A70,
0x013A80,0x013A88,0x013A98,0x013AA8,0x013AB8,0x013AC0,0x013AD0,0x013AE0,
0x013AE8,0x013AF8,0x013B08,0x013B10,0x013B20,0x013B30,0x013B40,0x013B48,
0x013B58,0x013B68,0x013B70,0x013B80,0x013B90,0x013BA0,0x013BA8,0x013BB8,
0x013BC8,0x013BD0,0x013BE0,0x013BF0,0x013C00,0x013C08,0x013C18,0x013C28,
0x013C30,0x013C40,0x013C50,0x013C58,0x013C68,0x013C78,0x013C88,0x013C90,
0x013CA0,0x013CB0,0x013CB8,0x013CC8,0x013CD8,0x013CE8,0x013CF0,0x013D00,
0x013D10,0x013D20,0x013D28,0x013D38,0x013D48,0x013D50,0x013D60,0x013D70,
0x013D80,0x013D88,0x013D98,0x013DA8,0x013DB0,0x013DC0,0x013DD0,0x013DE0,
0x013DE8,0x013DF8,0x013E08,0x013E10,0x013E20,0x013E30,0x013E40,0x013E48,
0x013E58,0x013E68,0x013E78,0x013E80,0x013E90,0x013EA0,0x013EA8,0x013EB8,
0x013EC8,0x013ED8,0x013EE0,0x013EF0,0x013F00,0x013F10,0x013F18,0x013F28,
0x013F38,0x013F40,0x013F50,0x013F60,0x013F70,0x013F78,0x013F88,0x013F98,
0x013FA8,0x013FB0,0x013FC0,0x013FD0,0x013FD8,0x013FE8,0x013FF8,0x014008,
0x014010,0x014020,0x014030,0x014040,0x014048,0x014058,0x014068,0x014078,
0x014080,0x014090,0x0140A0,0x0140A8,0x0140B8,0x0140C8,0x0140D8,0x0140E0,
0x0140F0,0x014100,0x014110,0x014118,0x014128,0x014138,0x014148,0x014150,
0x014160,0x014170,0x014180,0x014188,0x014198,0x0141A8,0x0141B8,0x0141C0,
0x0141D0,0x0141E0,0x0141E8,0x0141F8,0x014208,0x014218,0x014220,0x014230,
0x014240,0x014250,0x014258,0x014268,0x014278,0x014288,0x014290,0x0142A0,
0x0142B0,0x0142C0,0x0142C8,0x0142D8,0x0142E8,0x0142F8,0x014300,0x014310,
0x014320,0x014330,0x014338,0x014348,0x014358,0x014368,0x014370,0x014380,
0x014390,0x0143A0,0x0143A8,0x0143B8,0x0143C8,0x0143D8,0x0143E0,0x0143F0,
0x014400,0x014410,0x014418,0x014428,0x014438,0x014448,0x014450,0x014460,
0x014470,0x014480,0x014490,0x014498,0x0144A8,0x0144B8,0x0144C8,0x0144D0,
0x0144E0,0x0144F0,0x014500,0x014508,0x014518,0x014528,0x014538,0x014540,
0x014550,0x014560,0x014570,0x014578,0x014588,0x014598,0x0145A8,0x0145B0,
0x0145C0,0x0145D0,0x0145E0,0x0145F0,0x0145F8,0x014608,0x014618,0x014628,
0x014630,0x014640,0x014650,0x014660,0x014668,0x014678,0x014688,0x014698,
0x0146A8,0x0146B0,0x0146C0,0x0146D0,0x0146E0,0x0146E8,0x0146F8,0x014708,
0x014718,0x014720,0x014730,0x014740,0x014750,0x014760,0x014768,0x014778,
0x014788,0x014798,0x0147A0,0x0147B0,0x0147C0,0x0147D0,0x0147E0,0x0147E8,
0x0147F8,0x014808,0x014818,0x014820,0x014830,0x014840,0x014850,0x014858,
0x014868,0x014878,0x014888,0x014898,0x0148A0,0x0148B0,0x0148C0,0x0148D0,
0x0148E0,0x0148E8,0x0148F8,0x014908,0x014918,0x014920,0x014930,0x014940,
0x014950,0x014960,0x014968,0x014978,0x014988,0x014998,0x0149A0,0x0149B0,
0x0149C0,0x0149D0,0x0149E0,0x0149E8,0x0149F8,0x014A08,0x014A18,0x014A28,
0x014A30,0x014A40,0x014A50,0x014A60,0x014A68,0x014A78,0x014A88,0x014A98,
0x014AA8,0x014AB0,0x014AC0,0x014AD0,0x014AE0,0x014AF0,0x014AF8,0x014B08,
0x014B18,0x014B28,0x014B38,0x014B40,0x014B50,0x014B60,0x014B70,0x014B80,
0x014B88,0x014B98,0x014BA8,0x014BB8,0x014BC8,0x014BD0,0x014BE0,0x014BF0,
0x014C00,0x014C10,0x014C18,0x014C28,0x014C38,0x014C48,0x014C58,0x014C60,
0x014C70,0x014C80,0x014C90,0x014CA0,0x014CA8,0x014CB8,0x014CC8,0x014CD8,
0x014CE8,0x014CF0,0x014D00,0x014D10,0x014D20,0x014D30,0x014D38,0x014D48,
0x014D58,0x014D68,0x014D78,0x014D80,0x014D90,0x014DA0,0x014DB0,0x014DC0,
0x014DC8,0x014DD8,0x014DE8,0x014DF8,0x014E08,0x014E10,0x014E20,0x014E30,
0x014E40,0x014E50,0x014E58,0x014E68,0x014E78,0x014E88,0x014E98,0x014EA8,
0x014EB0,0x014EC0,0x014ED0,0x014EE0,0x014EF0,0x014EF8,0x014F08,0x014F18,
0x014F28,0x014F38,0x014F40,0x014F50,0x014F60,0x014F70,0x014F80,0x014F90,
0x014F98,0x014FA8,0x014FB8,0x014FC8,0x014FD8,0x014FE0,0x014FF0,0x015000,
0x015010,0x015020,0x015030,0x015038,0x015048,0x015058,0x015068,0x015078,
0x015088,0x015090,0x0150A0,0x0150B0,0x0150C0,0x0150D0,0x0150D8,0x0150E8,
0x0150F8,0x015108,0x015118,0x015128,0x015130,0x015140,0x015150,0x015160,
0x015170,0x015180,0x015188,0x015198,0x0151A8,0x0151B8,0x0151C8,0x0151D8,
0x0151E0,0x0151F0,0x015200,0x015210,0x015220,0x015228,0x015238,0x015248,
0x015258,0x015268,0x015278,0x015280,0x015290,0x0152A0,0x0152B0,0x0152C0,
0x0152D0,0x0152D8,0x0152E8,0x0152F8,0x015308,0x015318,0x015328,0x015338,
0x015340,0x015350,0x015360,0x015370,0x015380,0x015390,0x015398,0x0153A8,
0x0153B8,0x0153C8,0x0153D8,0x0153E8,0x0153F0,0x015400,0x015410,0x015420,
0x015430,0x015440,0x015448,0x015458,0x015468,0x015478,0x015488,0x015498,
0x0154A8,0x0154B0,0x0154C0,0x0154D0,0x0154E0,0x0154F0,0x015500,0x015508,
0x015518,0x015528,0x015538,0x015548,0x015558,0x015568,0x015570,0x015580,
0x015590,0x0155A0,0x0155B0,0x0155C0,0x0155C8,0x0155D8,0x0155E8,0x0155F8,
0x015608,0x015618,0x015628,0x015630,0x015640,0x015650,0x015660,0x015670,
0x015680,0x015690,0x015698,0x0156A8,0x0156B8,0x0156C8,0x0156D8,0x0156E8,
0x0156F8,0x015700,0x015710,0x015720,0x015730,0x015740,0x015750,0x015760,
0x015768,0x015778,0x015788,0x015798,0x0157A8,0x0157B8,0x0157C8,0x0157D0,
0x0157E0,0x0157F0,0x015800,0x015810,0x015820,0x015830,0x015838,0x015848,
0x015858,0x015868,0x015878,0x015888,0x015898,0x0158A8,0x0158B0,0x0158C0,
0x0158D0,0x0158E0,0x0158F0,0x015900,0x015910,0x015918,0x015928,0x015938,
0x015948,0x015958,0x015968,0x015978,0x015988,0x015990,0x0159A0,0x0159B0,
0x0159C0,0x0159D0,0x0159E0,0x0159F0,0x015A00,0x015A08,0x015A18,0x015A28,
0x015A38,0x015A48,0x015A58,0x015A68,0x015A78,0x015A80,0x015A90,0x015AA0,
0x015AB0,0x015AC0,0x015AD0,0x015AE0,0x015AF0,0x015AF8,0x015B08,0x015B18,
0x015B28,0x015B38,0x015B48,0x015B58,0x015B68,0x015B70,0x015B80,0x015B90,
0x015BA0,0x015BB0,0x015BC0,0x015BD0,0x015BE0,0x015BF0,0x015BF8,0x015C08,
0x015C18,0x015C28,0x015C38,0x015C48,0x015C58,0x015C68,0x015C78,0x015C80,
0x015C90,0x015CA0,0x015CB0,0x015CC0,0x015CD0,0x015CE0,0x015CF0,0x015D00,
0x015D08,0x015D18,0x015D28,0x015D38,0x015D48,0x015D58,0x015D68,0x015D78,
0x015D88,0x015D90,0x015DA0,0x015DB0,0x015DC0,0x015DD0,0x015DE0,0x015DF0,
0x015E00,0x015E10,0x015E18,0x015E28,0x015E38,0x015E48,0x015E58,0x015E68,
0x015E78,0x015E88,0x015E98,0x015EA8,0x015EB0,0x015EC0,0x015ED0,0x015EE0,
0x015EF0,0x015F00,0x015F10,0x015F20,0x015F30,0x015F40,0x015F48,0x015F58,
0x015F68,0x015F78,0x015F88,0x015F98,0x015FA8,0x015FB8,0x015FC8,0x015FD8,
0x015FE8,0x015FF0,0x016000,0x016010,0x016020,0x016030,0x016040,0x016050,
0x016060,0x016070,0x016080,0x016088,0x016098,0x0160A8,0x0160B8,0x0160C8,
0x0160D8,0x0160E8,0x0160F8,0x016108,0x016118,0x016128,0x016138,0x016140,
0x016150,0x016160,0x016170,0x016180,0x016190,0x0161A0,0x0161B0,0x0161C0,
0x0161D0,0x0161E0,0x0161E8,0x0161F8,0x016208,0x016218,0x016228,0x016238,
0x016248,0x016258,0x016268,0x016278,0x016288,0x016298,0x0162A8,0x0162B0,
0x0162C0,0x0162D0,0x0162E0,0x0162F0,0x016300,0x016310,0x016320,0x016330,
0x016340,0x016350,0x016360,0x016370,0x016378,0x016388,0x016398,0x0163A8,
0x0163B8,0x0163C8,0x0163D8,0x0163E8,0x0163F8,0x016408,0x016418,0x016428,
0x016438,0x016440,0x016450,0x016460,0x016470,0x016480,0x016490,0x0164A0,
0x0164B0,0x0164C0,0x0164D0,0x0164E0,0x0164F0,0x016500,0x016510,0x016520,
0x016528,0x016538,0x016548,0x016558,0x016568,0x016578,0x016588,0x016598,
0x0165A8,0x0165B8,0x0165C8,0x0165D8,0x0165E8,0x0165F8,0x016608,0x016618,
0x016620,0x016630,0x016640,0x016650,0x016660,0x016670,0x016680,0x016690,
0x0166A0,0x0166B0,0x0166C0,0x0166D0,0x0166E0,0x0166F0,0x016700,0x016710,
0x016720,0x016728,0x016738,0x016748,0x016758,0x016768,0x016778,0x016788,
0x016798,0x0167A8,0x0167B8,0x0167C8,0x0167D8,0x0167E8,0x0167F8,0x016808,
0x016818,0x016828,0x016838,0x016848,0x016850,0x016860,0x016870,0x016880,
0x016890,0x0168A0,0x0168B0,0x0168C0,0x0168D0,0x0168E0,0x0168F0,0x016900,
0x016910,0x016920,0x016930,0x016940,0x016950,0x016960,0x016970,0x016980,
0x016990,0x0169A0,0x0169A8,0x0169B8,0x0169C8,0x0169D8,0x0169E8,0x0169F8,
0x016A08,0x016A18,0x016A28,0x016A38,0x016A48,0x016A58,0x016A68,0x016A78,
0x016A88,0x016A98,0x016AA8,0x016AB8,0x016AC8,0x016AD8,0x016AE8,0x016AF8,
0x016B08,0x016B18,0x016B28,0x016B38,0x016B48,0x016B50,0x016B60,0x016B70,
0x016B80,0x016B90,0x016BA0,0x016BB0,0x016BC0,0x016BD0,0x016BE0,0x016BF0,
0x016C00,0x016C10,0x016C20,0x016C30,0x016C40,0x016C50,0x016C60,0x016C70,
0x016C80,0x016C90,0x016CA0,0x016CB0,0x016CC0,0x016CD0,0x016CE0,0x016CF0,
0x016D00,0x016D10,0x016D20,0x016D30,0x016D40,0x016D50,0x016D60,0x016D70,
0x016D80,0x016D90,0x016DA0,0x016DA8,0x016DB8,0x016DC8,0x016DD8,0x016DE8,
0x016DF8,0x016E08,0x016E18,0x016E28,0x016E38,0x016E48,0x016E58,0x016E68,
0x016E78,0x016E88,0x016E98,0x016EA8,0x016EB8,0x016EC8,0x016ED8,0x016EE8,
0x016EF8,0x016F08,0x016F18,0x016F28,0x016F38,0x016F48,0x016F58,0x016F68,
0x016F78,0x016F88,0x016F98,0x016FA8,0x016FB8,0x016FC8,0x016FD8,0x016FE8,
0x016FF8,0x017008,0x017018,0x017028,0x017038,0x017048,0x017058,0x017068,
0x017078,0x017088,0x017098,0x0170A8,0x0170B8,0x0170C8,0x0170D8,0x0170E8,
0x0170F8,0x017108,0x017118,0x017128,0x017138,0x017148,0x017158,0x017168,
0x017178,0x017188,0x017198,0x0171A8,0x0171B8,0x0171C8,0x0171D8,0x0171E8,
0x0171F8,0x017208,0x017218,0x017228,0x017238,0x017248,0x017258,0x017268,
0x017278,0x017288,0x017298,0x0172A8,0x0172B8,0x0172C8,0x0172D8,0x0172E8,
0x0172F8,0x017308,0x017318,0x017328,0x017338,0x017348,0x017358,0x017368,
0x017378,0x017388,0x017398,0x0173A8,0x0173B8,0x0173C8,0x0173D8,0x0173E8,
0x0173F8,0x017408,0x017418,0x017428,0x017438,0x017448,0x017458,0x017468,
0x017478,0x017488,0x017498,0x0174A8,0x0174B8,0x0174C8,0x0174D8,0x0174E8,
0x0174F8,0x017508,0x017520,0x017530,0x017540,0x017550,0x017560,0x017570,
0x017580,0x017590,0x0175A0,0x0175B0,0x0175C0,0x0175D0,0x0175E0,0x0175F0,
0x017600,0x017610,0x017620,0x017630,0x017640,0x017650,0x017660,0x017670,
0x017680,0x017690,0x0176A0,0x0176B0,0x0176C0,0x0176D0,0x0176E0,0x0176F0,
0x017700,0x017710,0x017720,0x017730,0x017740,0x017750,0x017760,0x017778,
0x017788,0x017798,0x0177A8,0x0177B8,0x0177C8,0x0177D8,0x0177E8,0x0177F8,
0x017808,0x017818,0x017828,0x017838,0x017848,0x017858,0x017868,0x017878,
0x017888,0x017898,0x0178A8,0x0178B8,0x0178C8,0x0178D8,0x0178E8,0x0178F8,
0x017908,0x017918,0x017930,0x017940,0x017950,0x017960,0x017970,0x017980,
0x017990,0x0179A0,0x0179B0,0x0179C0,0x0179D0,0x0179E0,0x0179F0,0x017A00,
0x017A10,0x017A20,0x017A30,0x017A40,0x017A50,0x017A60,0x017A70,0x017A80,
0x017A98,0x017AA8,0x017AB8,0x017AC8,0x017AD8,0x017AE8,0x017AF8,0x017B08,
0x017B18,0x017B28,0x017B38,0x017B48,0x017B58,0x017B68,0x017B78,0x017B88,
0x017B98,0x017BA8,0x017BC0,0x017BD0,0x017BE0,0x017BF0,0x017C00,0x017C10,
0x017C20,0x017C30,0x017C40,0x017C50,0x017C60,0x017C70,0x017C80,0x017C90,
0x017CA0,0x017CB0,0x017CC0,0x017CD8,0x017CE8,0x017CF8,0x017D08,0x017D18,
0x017D28,0x017D38,0x017D48,0x017D58,0x017D68,0x017D78,0x017D88,0x017D98,
0x017DA8,0x017DB8,0x017DC8,0x017DE0,0x017DF0,0x017E00,0x017E10,0x017E20,
0x017E30,0x017E40,0x017E50,0x017E60,0x017E70,0x017E80,0x017E90,0x017EA0,
0x017EB0,0x017EC8,0x017ED8,0x017EE8,0x017EF8,0x017F08,0x017F18,0x017F28,
0x017F38,0x017F48,0x017F58,0x017F68,0x017F78,0x017F88,0x017FA0,0x017FB0,
0x017FC0,0x017FD0,0x017FE0,0x017FF0,0x018000,0x018010,0x018020,0x018030,
0x018040,0x018050,0x018060,0x018078,0x018088,0x018098,0x0180A8,0x0180B8,
0x0180C8,0x0180D8,0x0180E8,0x0180F8,0x018108,0x018118,0x018128,0x018140,
0x018150,0x018160,0x018170,0x018180,0x018190,0x0181A0,0x0181B0,0x0181C0,
0x0181D0,0x0181E0,0x0181F8,0x018208,0x018218,0x018228,0x018238,0x018248,
0x018258,0x018268,0x018278,0x018288,0x018298,0x0182B0,0x0182C0,0x0182D0,
0x0182E0,0x0182F0,0x018300,0x018310,0x018320,0x018330,0x018340,0x018350,
0x018368,0x018378,0x018388,0x018398,0x0183A8,0x0183B8,0x0183C8,0x0183D8,
0x0183E8,0x0183F8,0x018410,0x018420,0x018430,0x018440,0x018450,0x018460,
0x018470,0x018480,0x018490,0x0184A8,0x0184B8,0x0184C8,0x0184D8,0x0184E8,
0x0184F8,0x018508,0x018518,0x018528,0x018538,0x018550,0x018560,0x018570,
0x018580,0x018590,0x0185A0,0x0185B0,0x0185C0,0x0185D0,0x0185E8,0x0185F8,
0x018608,0x018618,0x018628,0x018638,0x018648,0x018658,0x018668,0x018680,
0x018690,0x0186A0,0x0186B0,0x0186C0,0x0186D0,0x0186E0,0x0186F0,0x018708,
0x018718,0x018728,0x018738,0x018748,0x018758,0x018768,0x018778,0x018788,
0x0187A0,0x0187B0,0x0187C0,0x0187D0,0x0187E0,0x0187F0,0x018800,0x018810,
0x018828,0x018838,0x018848,0x018858,0x018868,0x018878,0x018888,0x018898,
0x0188B0,0x0188C0,0x0188D0,0x0188E0,0x0188F0,0x018900,0x018910,0x018920,
0x018938,0x018948,0x018958,0x018968,0x018978,0x018988,0x018998,0x0189A8,
0x0189C0,0x0189D0,0x0189E0,0x0189F0,0x018A00,0x018A10,0x018A20,0x018A38,
0x018A48,0x018A58,0x018A68,0x018A78,0x018A88,0x018A98,0x018AB0,0x018AC0,
0x018AD0,0x018AE0,0x018AF0,0x018B00,0x018B10,0x018B20,0x018B38,0x018B48,
0x018B58,0x018B68,0x018B78,0x018B88,0x018B98,0x018BB0,0x018BC0,0x018BD0,
0x018BE0,0x018BF0,0x018C00,0x018C10,0x018C28,0x018C38,0x018C48,0x018C58,
0x018C68,0x018C78,0x018C90,0x018CA0,0x018CB0,0x018CC0,0x018CD0,0x018CE0,
0x018CF0,0x018D08,0x018D18,0x018D28,0x018D38,0x018D48,0x018D58,0x018D68,
0x018D80,0x018D90,0x018DA0,0x018DB0,0x018DC0,0x018DD0,0x018DE8,0x018DF8,
0x018E08,0x018E18,0x018E28,0x018E38,0x018E48,0x018E60,0x018E70,0x018E80,
0x018E90,0x018EA0,0x018EB0,0x018EC8,0x018ED8,0x018EE8,0x018EF8,0x018F08,
0x018F18,0x018F30,0x018F40,0x018F50,0x018F60,0x018F70,0x018F80,0x018F98,
0x018FA8,0x018FB8,0x018FC8,0x018FD8,0x018FE8,0x018FF8,0x019010,0x019020,
0x019030,0x019040,0x019050,0x019060,0x019078,0x019088,0x019098,0x0190A8,
0x0190B8,0x0190D0,0x0190E0,0x0190F0,0x019100,0x019110,0x019120,0x019138,
0x019148,0x019158,0x019168,0x019178,0x019188,0x0191A0,0x0191B0,0x0191C0,
0x0191D0,0x0191E0,0x0191F0,0x019208,0x019218,0x019228,0x019238,0x019248,
0x019260,0x019270,0x019280,0x019290,0x0192A0,0x0192B0,0x0192C8,0x0192D8,
0x0192E8,0x0192F8,0x019308,0x019320,0x019330,0x019340,0x019350,0x019360,
0x019370,0x019388,0x019398,0x0193A8,0x0193B8,0x0193C8,0x0193E0,0x0193F0,
0x019400,0x019410,0x019420,0x019430,0x019448,0x019458,0x019468,0x019478,
0x019488,0x0194A0,0x0194B0,0x0194C0,0x0194D0,0x0194E0,0x0194F8,0x019508,
0x019518,0x019528,0x019538,0x019550,0x019560,0x019570,0x019580,0x019590,
0x0195A8,0x0195B8,0x0195C8,0x0195D8,0x0195E8,0x019600,0x019610,0x019620,
0x019630,0x019640,0x019658,0x019668,0x019678,0x019688,0x019698,0x0196B0,
0x0196C0,0x0196D0,0x0196E0,0x0196F0,0x019708,0x019718,0x019728,0x019738,
0x019748,0x019760,0x019770,0x019780,0x019790,0x0197A0,0x0197B8,0x0197C8,
0x0197D8,0x0197E8,0x0197F8,0x019810,0x019820,0x019830,0x019840,0x019850,
0x019868,0x019878,0x019888,0x019898,0x0198B0,0x0198C0,0x0198D0,0x0198E0,
0x0198F0,0x019908,0x019918,0x019928,0x019938,0x019948,0x019960,0x019970,
0x019980,0x019990,0x0199A8,0x0199B8,0x0199C8,0x0199D8,0x0199E8,0x019A00,
0x019A10,0x019A20,0x019A30,0x019A48,0x019A58,0x019A68,0x019A78,0x019A88,
0x019AA0,0x019AB0,0x019AC0,0x019AD0,0x019AE8,0x019AF8,0x019B08,0x019B18,
0x019B28,0x019B40,0x019B50,0x019B60,0x019B70,0x019B88,0x019B98,0x019BA8,
0x019BB8,0x019BD0,0x019BE0,0x019BF0,0x019C00,0x019C10,0x019C28,0x019C38,
0x019C48,0x019C58,0x019C70,0x019C80,0x019C90,0x019CA0,0x019CB8,0x019CC8,
0x019CD8,0x019CE8,0x019CF8,0x019D10,0x019D20,0x019D30,0x019D40,0x019D58,
0x019D68,0x019D78,0x019D88,0x019DA0,0x019DB0,0x019DC0,0x019DD0,0x019DE8,
0x019DF8,0x019E08,0x019E18,0x019E30,0x019E40,0x019E50,0x019E60,0x019E78,
0x019E88,0x019E98,0x019EA8,0x019EC0,0x019ED0,0x019EE0,0x019EF0,0x019F00,
0x019F18,0x019F28,0x019F38,0x019F48,0x019F60,0x019F70,0x019F80,0x019F90,
0x019FA8,0x019FB8,0x019FC8,0x019FD8,0x019FF0,0x01A000,0x01A010,0x01A028,
0x01A038,0x01A048,0x01A058,0x01A070,0x01A080,0x01A090,0x01A0A0,0x01A0B8,
0x01A0C8,0x01A0D8,0x01A0E8,0x01A100,0x01A110,0x01A120,0x01A130,0x01A148,
0x01A158,0x01A168,0x01A178,0x01A190,0x01A1A0,0x01A1B0,0x01A1C0,0x01A1D8,
0x01A1E8,0x01A1F8,0x01A208,0x01A220,0x01A230,0x01A240,0x01A258,0x01A268,
0x01A278,0x01A288,0x01A2A0,0x01A2B0,0x01A2C0,0x01A2D0,0x01A2E8,0x01A2F8,
0x01A308,0x01A318,0x01A330,0x01A340,0x01A350,0x01A368,0x01A378,0x01A388,
0x01A398,0x01A3B0,0x01A3C0,0x01A3D0,0x01A3E0,0x01A3F8,0x01A408,0x01A418,
0x01A430,0x01A440,0x01A450,0x01A460,0x01A478,0x01A488,0x01A498,0x01A4B0,
0x01A4C0,0x01A4D0,0x01A4E0,0x01A4F8,0x01A508,0x01A518,0x01A528,0x01A540,
0x01A550,0x01A560,0x01A578,0x01A588,0x01A598,0x01A5A8,0x01A5C0,0x01A5D0,
0x01A5E0,0x01A5F8,0x01A608,0x01A618,0x01A628,0x01A640,0x01A650,0x01A660,
0x01A678,0x01A688,0x01A698,0x01A6A8,0x01A6C0,0x01A6D0,0x01A6E0,0x01A6F8,
0x01A708,0x01A718,0x01A728,0x01A740,0x01A750,0x01A760,0x01A778,0x01A788,
0x01A798,0x01A7B0,0x01A7C0,0x01A7D0,0x01A7E0,0x01A7F8,0x01A808,0x01A818,
0x01A830,0x01A840,0x01A850,0x01A860,0x01A878,0x01A888,0x01A898,0x01A8B0,
0x01A8C0,0x01A8D0,0x01A8E8,0x01A8F8,0x01A908,0x01A918,0x01A930,0x01A940,
0x01A950,0x01A968,0x01A978,0x01A988,0x01A9A0,0x01A9B0,0x01A9C0,0x01A9D8,
0x01A9E8,0x01A9F8,0x01AA08,0x01AA20,0x01AA30,0x01AA40,0x01AA58,0x01AA68,
0x01AA78,0x01AA90,0x01AAA0,0x01AAB0,0x01AAC8,0x01AAD8,0x01AAE8,0x01AAF8,
0x01AB10,0x01AB20,0x01AB30,0x01AB48,0x01AB58,0x01AB68,0x01AB80,0x01AB90,
0x01ABA0,0x01ABB8,0x01ABC8,0x01ABD8,0x01ABF0,0x01AC00,0x01AC10,0x01AC28,
0x01AC38,0x01AC48,0x01AC58,0x01AC70,0x01AC80,0x01AC90,0x01ACA8,0x01ACB8,
0x01ACC8,0x01ACE0,0x01ACF0,0x01AD00,0x01AD18,0x01AD28,0x01AD38,0x01AD50,
0x01AD60,0x01AD70,0x01AD88,0x01AD98,0x01ADA8,0x01ADC0,0x01ADD0,0x01ADE0,
0x01ADF8,0x01AE08,0x01AE18,0x01AE30,0x01AE40,0x01AE50,0x01AE68,0x01AE78,
0x01AE88,0x01AEA0,0x01AEB0,0x01AEC0,0x01AED8,0x01AEE8,0x01AEF8,0x01AF10,
0x01AF20,0x01AF30,0x01AF48,0x01AF58,0x01AF68,0x01AF80,0x01AF90,0x01AFA0,
0x01AFB8,0x01AFC8,0x01AFD8,0x01AFF0,0x01B000,0x01B010,0x01B028,0x01B038,
0x01B048,0x01B060,0x01B070,0x01B080,0x01B098,0x01B0A8,0x01B0B8,0x01B0D0,
0x01B0E0,0x01B0F0,0x01B108,0x01B118,0x01B128,0x01B140,0x01B150,0x01B160,
0x01B178,0x01B188,0x01B1A0,0x01B1B0,0x01B1C0,0x01B1D8,0x01B1E8,0x01B1F8,
0x01B210,0x01B220,0x01B230,0x01B248,0x01B258,0x01B268,0x01B280,0x01B290,
0x01B2A0,0x01B2B8,0x01B2C8,0x01B2D8,0x01B2F0,0x01B300,0x01B318,0x01B328,
0x01B338,0x01B350,0x01B360,0x01B370,0x01B388,0x01B398,0x01B3A8,0x01B3C0,
0x01B3D0,0x01B3E0,0x01B3F8,0x01B408,0x01B420,0x01B430,0x01B440,0x01B458,
0x01B468,0x01B478,0x01B490,0x01B4A0,0x01B4B0,0x01B4C8,0x01B4D8,0x01B4F0,
0x01B500,0x01B510,0x01B528,0x01B538,0x01B548,0x01B560,0x01B570,0x01B588,
0x01B598,0x01B5A8,0x01B5C0,0x01B5D0,0x01B5E0,0x01B5F8,0x01B608,0x01B618,
0x01B630,0x01B640,0x01B658,0x01B668,0x01B678,0x01B690,0x01B6A0,0x01B6B0,
0x01B6C8,0x01B6D8,0x01B6F0,0x01B700,0x01B710,0x01B728,0x01B738,0x01B750,
0x01B760,0x01B770,0x01B788,0x01B798,0x01B7A8,0x01B7C0,0x01B7D0,0x01B7E8,
0x01B7F8,0x01B808,0x01B820,0x01B830,0x01B840,0x01B858,0x01B868,0x01B880,
0x01B890,0x01B8A0,0x01B8B8,0x01B8C8,0x01B8E0,0x01B8F0,0x01B900,0x01B918,
0x01B928,0x01B938,0x01B950,0x01B960,0x01B978,0x01B988,0x01B998,0x01B9B0,
0x01B9C0,0x01B9D8,0x01B9E8,0x01B9F8,0x01BA10,0x01BA20,0x01BA38,0x01BA48,
0x01BA58,0x01BA70,0x01BA80,0x01BA98,0x01BAA8,0x01BAB8,0x01BAD0,0x01BAE0,
0x01BAF8,0x01BB08,0x01BB18,0x01BB30,0x01BB40,0x01BB58,0x01BB68,0x01BB78,
0x01BB90,0x01BBA0,0x01BBB8,0x01BBC8,0x01BBD8,0x01BBF0,0x01BC00,0x01BC18,
0x01BC28,0x01BC38,0x01BC50,0x01BC60,0x01BC78,0x01BC88,0x01BC98,0x01BCB0,
0x01BCC0,0x01BCD8,0x01BCE8,0x01BCF8,0x01BD10,0x01BD20,0x01BD38,0x01BD48,
0x01BD60,0x01BD70,0x01BD80,0x01BD98,0x01BDA8,0x01BDC0,0x01BDD0,0x01BDE0,
0x01BDF8,0x01BE08,0x01BE20,0x01BE30,0x01BE40,0x01BE58,0x01BE68,0x01BE80,
0x01BE90,0x01BEA8,0x01BEB8,0x01BEC8,0x01BEE0,0x01BEF0,0x01BF08,0x01BF18,
0x01BF30,0x01BF40,0x01BF50,0x01BF68,0x01BF78,0x01BF90,0x01BFA0,0x01BFB0,
0x01BFC8,0x01BFD8,0x01BFF0,0x01C000,0x01C018,0x01C028,0x01C038,0x01C050,
0x01C060,0x01C078,0x01C088,0x01C0A0,0x01C0B0,0x01C0C0,0x01C0D8,0x01C0E8,
0x01C100,0x01C110,0x01C128,0x01C138,0x01C148,0x01C160,0x01C170,0x01C188,
0x01C198,0x01C1B0,0x01C1C0,0x01C1D8,0x01C1E8,0x01C1F8,0x01C210,0x01C220,
0x01C238,0x01C248,0x01C260,0x01C270,0x01C280,0x01C298,0x01C2A8,0x01C2C0,
0x01C2D0,0x01C2E8,0x01C2F8,0x01C310,0x01C320,0x01C330,0x01C348,0x01C358,
0x01C370,0x01C380,0x01C398,0x01C3A8,0x01C3C0,0x01C3D0,0x01C3E0,0x01C3F8,
0x01C408,0x01C420,0x01C430,0x01C448,0x01C458,0x01C470,0x01C480,0x01C490,
0x01C4A8,0x01C4B8,0x01C4D0,0x01C4E0,0x01C4F8,0x01C508,0x01C520,0x01C530,
0x01C548,0x01C558,0x01C568,0x01C580,0x01C590,0x01C5A8,0x01C5B8,0x01C5D0,
0x01C5E0,0x01C5F8,0x01C608,0x01C620,0x01C630,0x01C648,0x01C658,0x01C668,
0x01C680,0x01C690,0x01C6A8,0x01C6B8,0x01C6D0,0x01C6E0,0x01C6F8,0x01C708,
0x01C720,0x01C730,0x01C748,0x01C758,0x01C768,0x01C780,0x01C790,0x01C7A8,
0x01C7B8,0x01C7D0,0x01C7E0,0x01C7F8,0x01C808,0x01C820,0x01C830,0x01C848,
0x01C858,0x01C870,0x01C880,0x01C890,0x01C8A8,0x01C8B8,0x01C8D0,0x01C8E0,
0x01C8F8,0x01C908,0x01C920,0x01C930,0x01C948,0x01C958,0x01C970,0x01C980,
0x01C998,0x01C9A8,0x01C9C0,0x01C9D0,0x01C9E8,0x01C9F8,0x01CA10,0x01CA20,
0x01CA38,0x01CA48,0x01CA58,0x01CA70,0x01CA80,0x01CA98,0x01CAA8,0x01CAC0,
0x01CAD0,0x01CAE8,0x01CAF8,0x01CB10,0x01CB20,0x01CB38,0x01CB48,0x01CB60,
0x01CB70,0x01CB88,0x01CB98,0x01CBB0,0x01CBC0,0x01CBD8,0x01CBE8,0x01CC00,
0x01CC10,0x01CC28,0x01CC38,0x01CC50,0x01CC60,0x01CC78,0x01CC88,0x01CCA0,
0x01CCB0,0x01CCC8,0x01CCD8,0x01CCF0,0x01CD00,0x01CD18,0x01CD28,0x01CD40,
0x01CD50,0x01CD68,0x01CD78,0x01CD90,0x01CDA0,0x01CDB8,0x01CDC8,0x01CDE0,
0x01CDF0,0x01CE08,0x01CE18,0x01CE30,0x01CE40,0x01CE58,0x01CE68,0x01CE80,
0x01CE90,0x01CEA8,0x01CEB8,0x01CED0,0x01CEE0,0x01CEF8,0x01CF08,0x01CF20,
0x01CF30,0x01CF48,0x01CF58,0x01CF70,0x01CF80,0x01CF98,0x01CFA8,0x01CFC0,
0x01CFD0,0x01CFE8,0x01CFF8,0x01D010,0x01D020,0x01D038,0x01D048,0x01D060,
0x01D070,0x01D088,0x01D098,0x01D0B0,0x01D0C0,0x01D0D8,0x01D0E8,0x01D100,
0x01D110,0x01D128,0x01D140,0x01D150,0x01D168,0x01D178,0x01D190,0x01D1A0,
0x01D1B8,0x01D1C8,0x01D1E0,0x01D1F0,0x01D208,0x01D218,0x01D230,0x01D240,
0x01D258,0x01D268,0x01D280,0x01D290,0x01D2A8,0x01D2B8,0x01D2D0,0x01D2E8,
0x01D2F8,0x01D310,0x01D320,0x01D338,0x01D348,0x01D360,0x01D370,0x01D388,
0x01D398,0x01D3B0,0x01D3C0,0x01D3D8,0x01D3E8,0x01D400,0x01D410,0x01D428,
0x01D440,0x01D450,0x01D468,0x01D478,0x01D490,0x01D4A0,0x01D4B8,0x01D4C8,
0x01D4E0,0x01D4F0,0x01D508,0x01D518,0x01D530,0x01D548,0x01D558,0x01D570,
0x01D580,0x01D598,0x01D5A8,0x01D5C0,0x01D5D0,0x01D5E8,0x01D5F8,0x01D610,
0x01D628,0x01D638,0x01D650,0x01D660,0x01D678,0x01D688,0x01D6A0,0x01D6B0,
0x01D6C8,0x01D6D8,0x01D6F0,0x01D708,0x01D718,0x01D730,0x01D740,0x01D758,
0x01D768,0x01D780,0x01D790,0x01D7A8,0x01D7C0,0x01D7D0,0x01D7E8,0x01D7F8,
0x01D810,0x01D820,0x01D838,0x01D848,0x01D860,0x01D878,0x01D888,0x01D8A0,
0x01D8B0,0x01D8C8,0x01D8D8,0x01D8F0,0x01D900,0x01D918,0x01D930,0x01D940,
0x01D958,0x01D968,0x01D980,0x01D990,0x01D9A8,0x01D9C0,0x01D9D0,0x01D9E8,
0x01D9F8,0x01DA10,0x01DA20,0x01DA38,0x01DA50,0x01DA60,0x01DA78,0x01DA88,
0x01DAA0,0x01DAB0,0x01DAC8,0x01DAE0,0x01DAF0,0x01DB08,0x01DB18,0x01DB30,
0x01DB40,0x01DB58,0x01DB70,0x01DB80,0x01DB98,0x01DBA8,0x01DBC0,0x01DBD0,
0x01DBE8,0x01DC00,0x01DC10,0x01DC28,0x01DC38,0x01DC50,0x01DC60,0x01DC78,
0x01DC90,0x01DCA0,0x01DCB8,0x01DCC8,0x01DCE0,0x01DCF8,0x01DD08,0x01DD20,
0x01DD30,0x01DD48,0x01DD58,0x01DD70,0x01DD88,0x01DD98,0x01DDB0,0x01DDC0,
0x01DDD8,0x01DDF0,0x01DE00,0x01DE18,0x01DE28,0x01DE40,0x01DE50,0x01DE68,
0x01DE80,0x01DE90,0x01DEA8,0x01DEB8,0x01DED0,0x01DEE8,0x01DEF8,0x01DF10,
0x01DF20,0x01DF38,0x01DF50,0x01DF60,0x01DF78,0x01DF88,0x01DFA0,0x01DFB8,
0x01DFC8,0x01DFE0,0x01DFF0,0x01E008,0x01E020,0x01E030,0x01E048,0x01E058,
0x01E070,0x01E088,0x01E098,0x01E0B0,0x01E0C0,0x01E0D8,0x01E0F0,0x01E100,
0x01E118,0x01E128,0x01E140,0x01E158,0x01E168,0x01E180,0x01E190,0x01E1A8,
0x01E1C0,0x01E1D0,0x01E1E8,0x01E1F8,0x01E210,0x01E228,0x01E238,0x01E250,
0x01E268,0x01E278,0x01E290,0x01E2A0,0x01E2B8,0x01E2D0,0x01E2E0,0x01E2F8,
0x01E308,0x01E320,0x01E338,0x01E348,0x01E360,0x01E378,0x01E388,0x01E3A0,
0x01E3B0,0x01E3C8,0x01E3E0,0x01E3F0,0x01E408,0x01E420,0x01E430,0x01E448,
0x01E458,0x01E470,0x01E488,0x01E498,0x01E4B0,0x01E4C0,0x01E4D8,0x01E4F0,
0x01E500,0x01E518,0x01E530,0x01E540,0x01E558,0x01E570,0x01E580,0x01E598,
0x01E5A8,0x01E5C0,0x01E5D8,0x01E5E8,0x01E600,0x01E618,0x01E628,0x01E640,
0x01E650,0x01E668,0x01E680,0x01E690,0x01E6A8,0x01E6C0,0x01E6D0,0x01E6E8,
0x01E700,0x01E710,0x01E728,0x01E738,0x01E750,0x01E768,0x01E778,0x01E790,
0x01E7A8,0x01E7B8,0x01E7D0,0x01E7E8,0x01E7F8,0x01E810,0x01E820,0x01E838,
0x01E850,0x01E860,0x01E878,0x01E890,0x01E8A0,0x01E8B8,0x01E8D0,0x01E8E0,
0x01E8F8,0x01E910,0x01E920,0x01E938,0x01E950,0x01E960,0x01E978,0x01E988,
0x01E9A0,0x01E9B8,0x01E9C8,0x01E9E0,0x01E9F8,0x01EA08,0x01EA20,0x01EA38,
0x01EA48,0x01EA60,0x01EA78,0x01EA88,0x01EAA0,0x01EAB8,0x01EAC8,0x01EAE0,
0x01EAF8,0x01EB08,0x01EB20,0x01EB38,0x01EB48,0x01EB60,0x01EB78,0x01EB88,
0x01EBA0,0x01EBB8,0x01EBC8,0x01EBE0,0x01EBF8,0x01EC08,0x01EC20,0x01EC38,
0x01EC48,0x01EC60,0x01EC78,0x01EC88,0x01ECA0,0x01ECB8,0x01ECC8,0x01ECE0,
0x01ECF8,0x01ED08,0x01ED20,0x01ED38,0x01ED48,0x01ED60,0x01ED78,0x01ED88,
0x01EDA0,0x01EDB8,0x01EDC8,0x01EDE0,0x01EDF8,0x01EE08,0x01EE20,0x01EE38,
0x01EE48,0x01EE60,0x01EE78,0x01EE88,0x01EEA0,0x01EEB8,0x01EEC8,0x01EEE0,
0x01EEF8,0x01EF08,0x01EF20,0x01EF38,0x01EF48,0x01EF60,0x01EF78,0x01EF90,
0x01EFA0,0x01EFB8,0x01EFD0,0x01EFE0,0x01EFF8,0x01F010,0x01F020,0x01F038,
0x01F050,0x01F060,0x01F078,0x01F090,0x01F0A0,0x01F0B8,0x01F0D0,0x01F0E8,
0x01F0F8,0x01F110,0x01F128,0x01F138,0x01F150,0x01F168,0x01F178,0x01F190,
0x01F1A8,0x01F1B8,0x01F1D0,0x01F1E8,0x01F200,0x01F210,0x01F228,0x01F240,
0x01F250,0x01F268,0x01F280,0x01F290,0x01F2A8,0x01F2C0,0x01F2D8,0x01F2E8,
0x01F300,0x01F318,0x01F328,0x01F340,0x01F358,0x01F368,0x01F380,0x01F398,
0x01F3B0,0x01F3C0,0x01F3D8,0x01F3F0,0x01F400,0x01F418,0x01F430,0x01F448,
0x01F458,0x01F470,0x01F488,0x01F498,0x01F4B0,0x01F4C8,0x01F4D8,0x01F4F0,
0x01F508,0x01F520,0x01F530,0x01F548,0x01F560,0x01F570,0x01F588,0x01F5A0,
0x01F5B8,0x01F5C8,0x01F5E0,0x01F5F8,0x01F610,0x01F620,0x01F638,0x01F650,
0x01F660,0x01F678,0x01F690,0x01F6A8,0x01F6B8,0x01F6D0,0x01F6E8,0x01F6F8,
0x01F710,0x01F728,0x01F740,0x01F750,0x01F768,0x01F780,0x01F798,0x01F7A8,
0x01F7C0,0x01F7D8,0x01F7E8,0x01F800,0x01F818,0x01F830,0x01F840,0x01F858,
0x01F870,0x01F888,0x01F898,0x01F8B0,0x01F8C8,0x01F8D8,0x01F8F0,0x01F908,
0x01F920,0x01F930,0x01F948,0x01F960,0x01F978,0x01F988,0x01F9A0,0x01F9B8,
0x01F9D0,0x01F9E0,0x01F9F8,0x01FA10,0x01FA28,0x01FA38,0x01FA50,0x01FA68,
0x01FA80,0x01FA90,0x01FAA8,0x01FAC0,0x01FAD0,0x01FAE8,0x01FB00,0x01FB18,
0x01FB28,0x01FB40,0x01FB58,0x01FB70,0x01FB80,0x01FB98,0x01FBB0,0x01FBC8,
0x01FBD8,0x01FBF0,0x01FC08,0x01FC20,0x01FC30,0x01FC48,0x01FC60,0x01FC78,
0x01FC88,0x01FCA0,0x01FCB8,0x01FCD0,0x01FCE0,0x01FCF8,0x01FD10,0x01FD28,
0x01FD40,0x01FD50,0x01FD68,0x01FD80,0x01FD98,0x01FDA8,0x01FDC0,0x01FDD8,
0x01FDF0,0x01FE00,0x01FE18,0x01FE30,0x01FE48,0x01FE58,0x01FE70,0x01FE88,
0x01FEA0,0x01FEB0,0x01FEC8,0x01FEE0,0x01FEF8,0x01FF10,0x01FF20,0x01FF38,
0x01FF50,0x01FF68,0x01FF78,0x01FF90,0x01FFA8,0x01FFC0,0x01FFD0,0x01FFE8,
0x020000,0x020010,0x020030,0x020040,0x020060,0x020070,0x020080,0x0200A0,
0x0200B0,0x0200C0,0x0200E0,0x0200F0,0x020110,0x020120,0x020130,0x020150,
0x020160,0x020180,0x020190,0x0201A0,0x0201C0,0x0201D0,0x0201F0,0x020200,
0x020210,0x020230,0x020240,0x020260,0x020270,0x020280,0x0202A0,0x0202B0,
0x0202C0,0x0202E0,0x0202F0,0x020310,0x020320,0x020330,0x020350,0x020360,
0x020380,0x020390,0x0203A0,0x0203C0,0x0203D0,0x0203F0,0x020400,0x020410,
0x020430,0x020440,0x020460,0x020470,0x020480,0x0204A0,0x0204B0,0x0204D0,
0x0204E0,0x0204F0,0x020510,0x020520,0x020540,0x020550,0x020560,0x020580,
0x020590,0x0205B0,0x0205C0,0x0205D0,0x0205F0,0x020600,0x020620,0x020630,
0x020640,0x020660,0x020670,0x020690,0x0206A0,0x0206B0,0x0206D0,0x0206E0,
0x020700,0x020710,0x020720,0x020740,0x020750,0x020770,0x020780,0x0207A0,
0x0207B0,0x0207C0,0x0207E0,0x0207F0,0x020810,0x020820,0x020830,0x020850,
0x020860,0x020880,0x020890,0x0208A0,0x0208C0,0x0208D0,0x0208F0,0x020900,
0x020910,0x020930,0x020940,0x020960,0x020970,0x020990,0x0209A0,0x0209B0,
0x0209D0,0x0209E0,0x020A00,0x020A10,0x020A20,0x020A40,0x020A50,0x020A70,
0x020A80,0x020A90,0x020AB0,0x020AC0,0x020AE0,0x020AF0,0x020B10,0x020B20,
0x020B30,0x020B50,0x020B60,0x020B80,0x020B90,0x020BA0,0x020BC0,0x020BD0,
0x020BF0,0x020C00,0x020C20,0x020C30,0x020C40,0x020C60,0x020C70,0x020C90,
0x020CA0,0x020CB0,0x020CD0,0x020CE0,0x020D00,0x020D10,0x020D30,0x020D40,
0x020D50,0x020D70,0x020D80,0x020DA0,0x020DB0,0x020DD0,0x020DE0,0x020DF0,
0x020E10,0x020E20,0x020E40,0x020E50,0x020E70,0x020E80,0x020E90,0x020EB0,
0x020EC0,0x020EE0,0x020EF0,0x020F10,0x020F20,0x020F30,0x020F50,0x020F60,
0x020F80,0x020F90,0x020FB0,0x020FC0,0x020FD0,0x020FF0,0x021000,0x021020,
0x021030,0x021050,0x021060,0x021070,0x021090,0x0210A0,0x0210C0,0x0210D0,
0x0210F0,0x021100,0x021110,0x021130,0x021140,0x021160,0x021170,0x021190,
0x0211A0,0x0211B0,0x0211D0,0x0211E0,0x021200,0x021210,0x021230,0x021240,
0x021250,0x021270,0x021280,0x0212A0,0x0212B0,0x0212D0,0x0212E0,0x021300,
0x021310,0x021320,0x021340,0x021350,0x021370,0x021380,0x0213A0,0x0213B0,
0x0213C0,0x0213E0,0x0213F0,0x021410,0x021420,0x021440,0x021450,0x021470,
0x021480,0x021490,0x0214B0,0x0214C0,0x0214E0,0x0214F0,0x021510,0x021520,
0x021540,0x021550,0x021560,0x021580,0x021590,0x0215B0,0x0215C0,0x0215E0,
0x0215F0,0x021610,0x021620,0x021630,0x021650,0x021660,0x021680,0x021690,
0x0216B0,0x0216C0,0x0216E0,0x0216F0,0x021700,0x021720,0x021730,0x021750,
0x021760,0x021780,0x021790,0x0217B0,0x0217C0,0x0217E0,0x0217F0,0x021800,
0x021820,0x021830,0x021850,0x021860,0x021880,0x021890,0x0218B0,0x0218C0,
0x0218E0,0x0218F0,0x021900,0x021920,0x021930,0x021950,0x021960,0x021980,
0x021990,0x0219B0,0x0219C0,0x0219E0,0x0219F0,0x021A00,0x021A20,0x021A30,
0x021A50,0x021A60,0x021A80,0x021A90,0x021AB0,0x021AC0,0x021AE0,0x021AF0,
0x021B00,0x021B20,0x021B30,0x021B50,0x021B60,0x021B80,0x021B90,0x021BB0,
0x021BC0,0x021BE0,0x021BF0,0x021C10,0x021C20,0x021C30,0x021C50,0x021C60,
0x021C80,0x021C90,0x021CB0,0x021CC0,0x021CE0,0x021CF0,0x021D10,0x021D20,
0x021D40,0x021D50,0x021D60,0x021D80,0x021D90,0x021DB0,0x021DC0,0x021DE0,
0x021DF0,0x021E10,0x021E20,0x021E40,0x021E50,0x021E70,0x021E80,0x021EA0,
0x021EB0,0x021ED0,0x021EE0,0x021EF0,0x021F10,0x021F20,0x021F40,0x021F50,
0x021F70,0x021F80,0x021FA0,0x021FB0,0x021FD0,0x021FE0,0x022000,0x022010,
0x022030,0x022040,0x022060,0x022070,0x022080,0x0220A0,0x0220B0,0x0220D0,
0x0220E0,0x022100,0x022110,0x022130,0x022140,0x022160,0x022170,0x022190,
0x0221A0,0x0221C0,0x0221D0,0x0221F0,0x022200,0x022220,0x022230,0x022250,
0x022260,0x022270,0x022290,0x0222A0,0x0222C0,0x0222D0,0x0222F0,0x022300,
0x022320,0x022330,0x022350,0x022360,0x022380,0x022390,0x0223B0,0x0223C0,
0x0223E0,0x0223F0,0x022410,0x022420,0x022440,0x022450,0x022470,0x022480,
0x0224A0,0x0224B0,0x0224D0,0x0224E0,0x022500,0x022510,0x022530,0x022540,
0x022550,0x022570,0x022580,0x0225A0,0x0225B0,0x0225D0,0x0225E0,0x022600,
0x022610,0x022630,0x022640,0x022660,0x022670,0x022690,0x0226A0,0x0226C0,
0x0226D0,0x0226F0,0x022700,0x022720,0x022730,0x022750,0x022760,0x022780,
0x022790,0x0227B0,0x0227C0,0x0227E0,0x0227F0,0x022810,0x022820,0x022840,
0x022850,0x022870,0x022880,0x0228A0,0x0228B0,0x0228D0,0x0228E0,0x022900,
0x022910,0x022930,0x022940,0x022960,0x022970,0x022990,0x0229A0,0x0229C0,
0x0229D0,0x0229F0,0x022A00,0x022A20,0x022A30,0x022A50,0x022A60,0x022A80,
0x022A90,0x022AB0,0x022AC0,0x022AE0,0x022AF0,0x022B10,0x022B20,0x022B40,
0x022B50,0x022B70,0x022B80,0x022BA0,0x022BB0,0x022BD0,0x022BE0,0x022C00,
0x022C10,0x022C30,0x022C40,0x022C60,0x022C70,0x022C90,0x022CA0,0x022CC0,
0x022CD0,0x022CF0,0x022D00,0x022D20,0x022D30,0x022D50,0x022D60,0x022D80,
0x022D90,0x022DB0,0x022DC0,0x022DE0,0x022DF0,0x022E10,0x022E20,0x022E40,
0x022E50,0x022E70,0x022E80,0x022EA0,0x022EB0,0x022ED0,0x022EF0,0x022F00,
0x022F20,0x022F30,0x022F50,0x022F60,0x022F80,0x022F90,0x022FB0,0x022FC0,
0x022FE0,0x022FF0,0x023010,0x023020,0x023040,0x023050,0x023070,0x023080,
0x0230A0,0x0230B0,0x0230D0,0x0230E0,0x023100,0x023110,0x023130,0x023140,
0x023160,0x023170,0x023190,0x0231B0,0x0231C0,0x0231E0,0x0231F0,0x023210,
0x023220,0x023240,0x023250,0x023270,0x023280,0x0232A0,0x0232B0,0x0232D0,
0x0232E0,0x023300,0x023310,0x023330,0x023340,0x023360,0x023370,0x023390,
0x0233B0,0x0233C0,0x0233E0,0x0233F0,0x023410,0x023420,0x023440,0x023450,
0x023470,0x023480,0x0234A0,0x0234B0,0x0234D0,0x0234E0,0x023500,0x023510,
0x023530,0x023540,0x023560,0x023580,0x023590,0x0235B0,0x0235C0,0x0235E0,
0x0235F0,0x023610,0x023620,0x023640,0x023650,0x023670,0x023680,0x0236A0,
0x0236B0,0x0236D0,0x0236F0,0x023700,0x023720,0x023730,0x023750,0x023760,
0x023780,0x023790,0x0237B0,0x0237C0,0x0237E0,0x0237F0,0x023810,0x023830,
0x023840,0x023860,0x023870,0x023890,0x0238A0,0x0238C0,0x0238D0,0x0238F0,
0x023900,0x023920,0x023930,0x023950,0x023970,0x023980,0x0239A0,0x0239B0,
0x0239D0,0x0239E0,0x023A00,0x023A10,0x023A30,0x023A40,0x023A60,0x023A80,
0x023A90,0x023AB0,0x023AC0,0x023AE0,0x023AF0,0x023B10,0x023B20,0x023B40,
0x023B50,0x023B70,0x023B90,0x023BA0,0x023BC0,0x023BD0,0x023BF0,0x023C00,
0x023C20,0x023C30,0x023C50,0x023C60,0x023C80,0x023CA0,0x023CB0,0x023CD0,
0x023CE0,0x023D00,0x023D10,0x023D30,0x023D40,0x023D60,0x023D80,0x023D90,
0x023DB0,0x023DC0,0x023DE0,0x023DF0,0x023E10,0x023E20,0x023E40,0x023E60,
0x023E70,0x023E90,0x023EA0,0x023EC0,0x023ED0,0x023EF0,0x023F00,0x023F20,
0x023F40,0x023F50,0x023F70,0x023F80,0x023FA0,0x023FB0,0x023FD0,0x023FE0,
0x024000,0x024020,0x024030,0x024050,0x024060,0x024080,0x024090,0x0240B0,
0x0240C0,0x0240E0,0x024100,0x024110,0x024130,0x024140,0x024160,0x024170,
0x024190,0x0241B0,0x0241C0,0x0241E0,0x0241F0,0x024210,0x024220,0x024240,
0x024250,0x024270,0x024290,0x0242A0,0x0242C0,0x0242D0,0x0242F0,0x024300,
0x024320,0x024340,0x024350,0x024370,0x024380,0x0243A0,0x0243B0,0x0243D0,
0x0243F0,0x024400,0x024420,0x024430,0x024450,0x024460,0x024480,0x0244A0,
0x0244B0,0x0244D0,0x0244E0,0x024500,0x024510,0x024530,0x024550,0x024560,
0x024580,0x024590,0x0245B0,0x0245C0,0x0245E0,0x024600,0x024610,0x024630,
0x024640,0x024660,0x024670,0x024690,0x0246B0,0x0246C0,0x0246E0,0x0246F0,
0x024710,0x024730,0x024740,0x024760,0x024770,0x024790,0x0247A0,0x0247C0,
0x0247E0,0x0247F0,0x024810,0x024820,0x024840,0x024860,0x024870,0x024890,
0x0248A0,0x0248C0,0x0248D0,0x0248F0,0x024910,0x024920,0x024940,0x024950,
0x024970,0x024990,0x0249A0,0x0249C0,0x0249D0,0x0249F0,0x024A00,0x024A20,
0x024A40,0x024A50,0x024A70,0x024A80,0x024AA0,0x024AC0,0x024AD0,0x024AF0,
0x024B00,0x024B20,0x024B30,0x024B50,0x024B70,0x024B80,0x024BA0,0x024BB0,
0x024BD0,0x024BF0,0x024C00,0x024C20,0x024C30,0x024C50,0x024C70,0x024C80,
0x024CA0,0x024CB0,0x024CD0,0x024CF0,0x024D00,0x024D20,0x024D30,0x024D50,
0x024D70,0x024D80,0x024DA0,0x024DB0,0x024DD0,0x024DF0,0x024E00,0x024E20,
0x024E30,0x024E50,0x024E70,0x024E80,0x024EA0,0x024EB0,0x024ED0,0x024EF0,
0x024F00,0x024F20,0x024F30,0x024F50,0x024F70,0x024F80,0x024FA0,0x024FB0,
0x024FD0,0x024FF0,0x025000,0x025020,0x025030,0x025050,0x025070,0x025080,
0x0250A0,0x0250B0,0x0250D0,0x0250F0,0x025100,0x025120,0x025130,0x025150,
0x025170,0x025180,0x0251A0,0x0251B0,0x0251D0,0x0251F0,0x025200,0x025220,
0x025230,0x025250,0x025270,0x025280,0x0252A0,0x0252C0,0x0252D0,0x0252F0,
0x025300,0x025320,0x025340,0x025350,0x025370,0x025380,0x0253A0,0x0253C0,
0x0253D0,0x0253F0,0x025400,0x025420,0x025440,0x025450,0x025470,0x025490,
0x0254A0,0x0254C0,0x0254D0,0x0254F0,0x025510,0x025520,0x025540,0x025550,
0x025570,0x025590,0x0255A0,0x0255C0,0x0255E0,0x0255F0,0x025610,0x025620,
0x025640,0x025660,0x025670,0x025690,0x0256B0,0x0256C0,0x0256E0,0x0256F0,
0x025710,0x025730,0x025740,0x025760,0x025770,0x025790,0x0257B0,0x0257C0,
0x0257E0,0x025800,0x025810,0x025830,0x025840,0x025860,0x025880,0x025890,
0x0258B0,0x0258D0,0x0258E0,0x025900,0x025910,0x025930,0x025950,0x025960,
0x025980,0x0259A0,0x0259B0,0x0259D0,0x0259F0,0x025A00,0x025A20,0x025A30,
0x025A50,0x025A70,0x025A80,0x025AA0,0x025AC0,0x025AD0,0x025AF0,0x025B00,
0x025B20,0x025B40,0x025B50,0x025B70,0x025B90,0x025BA0,0x025BC0,0x025BE0,
0x025BF0,0x025C10,0x025C20,0x025C40,0x025C60,0x025C70,0x025C90,0x025CB0,
0x025CC0,0x025CE0,0x025D00,0x025D10,0x025D30,0x025D40,0x025D60,0x025D80,
0x025D90,0x025DB0,0x025DD0,0x025DE0,0x025E00,0x025E20,0x025E30,0x025E50,
0x025E60,0x025E80,0x025EA0,0x025EB0,0x025ED0,0x025EF0,0x025F00,0x025F20,
0x025F40,0x025F50,0x025F70,0x025F90,0x025FA0,0x025FC0,0x025FE0,0x025FF0,
0x026010,0x026020,0x026040,0x026060,0x026070,0x026090,0x0260B0,0x0260C0,
0x0260E0,0x026100,0x026110,0x026130,0x026150,0x026160,0x026180,0x0261A0,
0x0261B0,0x0261D0,0x0261E0,0x026200,0x026220,0x026230,0x026250,0x026270,
0x026280,0x0262A0,0x0262C0,0x0262D0,0x0262F0,0x026310,0x026320,0x026340,
0x026360,0x026370,0x026390,0x0263B0,0x0263C0,0x0263E0,0x026400,0x026410,
0x026430,0x026450,0x026460,0x026480,0x0264A0,0x0264B0,0x0264D0,0x0264E0,
0x026500,0x026520,0x026530,0x026550,0x026570,0x026580,0x0265A0,0x0265C0,
0x0265D0,0x0265F0,0x026610,0x026620,0x026640,0x026660,0x026670,0x026690,
0x0266B0,0x0266C0,0x0266E0,0x026700,0x026710,0x026730,0x026750,0x026760,
0x026780,0x0267A0,0x0267B0,0x0267D0,0x0267F0,0x026800,0x026820,0x026840,
0x026850,0x026870,0x026890,0x0268A0,0x0268C0,0x0268E0,0x0268F0,0x026910,
0x026930,0x026940,0x026960,0x026980,0x026990,0x0269B0,0x0269D0,0x0269E0,
0x026A00,0x026A20,0x026A30,0x026A50,0x026A70,0x026A90,0x026AA0,0x026AC0,
0x026AE0,0x026AF0,0x026B10,0x026B30,0x026B40,0x026B60,0x026B80,0x026B90,
0x026BB0,0x026BD0,0x026BE0,0x026C00,0x026C20,0x026C30,0x026C50,0x026C70,
0x026C80,0x026CA0,0x026CC0,0x026CD0,0x026CF0,0x026D10,0x026D20,0x026D40,
0x026D60,0x026D80,0x026D90,0x026DB0,0x026DD0,0x026DE0,0x026E00,0x026E20,
0x026E30,0x026E50,0x026E70,0x026E80,0x026EA0,0x026EC0,0x026ED0,0x026EF0,
0x026F10,0x026F20,0x026F40,0x026F60,0x026F80,0x026F90,0x026FB0,0x026FD0,
0x026FE0,0x027000,0x027020,0x027030,0x027050,0x027070,0x027080,0x0270A0,
0x0270C0,0x0270E0,0x0270F0,0x027110,0x027130,0x027140,0x027160,0x027180,
0x027190,0x0271B0,0x0271D0,0x0271E0,0x027200,0x027220,0x027240,0x027250,
0x027270,0x027290,0x0272A0,0x0272C0,0x0272E0,0x0272F0,0x027310,0x027330,
0x027350,0x027360,0x027380,0x0273A0,0x0273B0,0x0273D0,0x0273F0,0x027400,
0x027420,0x027440,0x027460,0x027470,0x027490,0x0274B0,0x0274C0,0x0274E0,
0x027500,0x027510,0x027530,0x027550,0x027570,0x027580,0x0275A0,0x0275C0,
0x0275D0,0x0275F0,0x027610,0x027620,0x027640,0x027660,0x027680,0x027690,
0x0276B0,0x0276D0,0x0276E0,0x027700,0x027720,0x027740,0x027750,0x027770,
0x027790,0x0277A0,0x0277C0,0x0277E0,0x027800,0x027810,0x027830,0x027850,
0x027860,0x027880,0x0278A0,0x0278B0,0x0278D0,0x0278F0,0x027910,0x027920,
0x027940,0x027960,0x027970,0x027990,0x0279B0,0x0279D0,0x0279E0,0x027A00,
0x027A20,0x027A40,0x027A50,0x027A70,0x027A90,0x027AA0,0x027AC0,0x027AE0,
0x027B00,0x027B10,0x027B30,0x027B50,0x027B60,0x027B80,0x027BA0,0x027BC0,
0x027BD0,0x027BF0,0x027C10,0x027C20,0x027C40,0x027C60,0x027C80,0x027C90,
0x027CB0,0x027CD0,0x027CF0,0x027D00,0x027D20,0x027D40,0x027D50,0x027D70,
0x027D90,0x027DB0,0x027DC0,0x027DE0,0x027E00,0x027E20,0x027E30,0x027E50,
0x027E70,0x027E80,0x027EA0,0x027EC0,0x027EE0,0x027EF0,0x027F10,0x027F30,
0x027F50,0x027F60,0x027F80,0x027FA0,0x027FB0,0x027FD0,0x027FF0,0x028010,
0x028020,0x028040,0x028060,0x028080,0x028090,0x0280B0,0x0280D0,0x0280F0,
0x028100,0x028120,0x028140,0x028150,0x028170,0x028190,0x0281B0,0x0281C0,
0x0281E0,0x028200,0x028220,0x028230,0x028250,0x028270,0x028290,0x0282A0,
0x0282C0,0x0282E0,0x028300,0x028310,0x028330,0x028350,0x028370,0x028380,
0x0283A0,0x0283C0,0x0283D0,0x0283F0,0x028410,0x028430,0x028440,0x028460,
0x028480,0x0284A0,0x0284B0,0x0284D0,0x0284F0,0x028510,0x028520,0x028540,
0x028560,0x028580,0x028590,0x0285B0,0x0285D0,0x0285F0,0x028600,0x028620,
0x028640,0x028660,0x028670,0x028690,0x0286B0,0x0286D0,0x0286E0,0x028700,
0x028720,0x028740,0x028750,0x028770,0x028790,0x0287B0,0x0287C0,0x0287E0,
0x028800,0x028820,0x028830,0x028850,0x028870,0x028890,0x0288A0,0x0288C0,
0x0288E0,0x028900,0x028920,0x028930,0x028950,0x028970,0x028990,0x0289A0,
0x0289C0,0x0289E0,0x028A00,0x028A10,0x028A30,0x028A50,0x028A70,0x028A80,
0x028AA0,0x028AC0,0x028AE0,0x028AF0,0x028B10,0x028B30,0x028B50,0x028B60,
0x028B80,0x028BA0,0x028BC0,0x028BE0,0x028BF0,0x028C10,0x028C30,0x028C50,
0x028C60,0x028C80,0x028CA0,0x028CC0,0x028CD0,0x028CF0,0x028D10,0x028D30,
0x028D50,0x028D60,0x028D80,0x028DA0,0x028DC0,0x028DD0,0x028DF0,0x028E10,
0x028E30,0x028E40,0x028E60,0x028E80,0x028EA0,0x028EC0,0x028ED0,0x028EF0,
0x028F10,0x028F30,0x028F40,0x028F60,0x028F80,0x028FA0,0x028FC0,0x028FD0,
0x028FF0,0x029010,0x029030,0x029040,0x029060,0x029080,0x0290A0,0x0290B0,
0x0290D0,0x0290F0,0x029110,0x029130,0x029140,0x029160,0x029180,0x0291A0,
0x0291C0,0x0291D0,0x0291F0,0x029210,0x029230,0x029240,0x029260,0x029280,
0x0292A0,0x0292C0,0x0292D0,0x0292F0,0x029310,0x029330,0x029340,0x029360,
0x029380,0x0293A0,0x0293C0,0x0293D0,0x0293F0,0x029410,0x029430,0x029450,
0x029460,0x029480,0x0294A0,0x0294C0,0x0294D0,0x0294F0,0x029510,0x029530,
0x029550,0x029560,0x029580,0x0295A0,0x0295C0,0x0295E0,0x0295F0,0x029610,
0x029630,0x029650,0x029670,0x029680,0x0296A0,0x0296C0,0x0296E0,0x029700,
0x029710,0x029730,0x029750,0x029770,0x029790,0x0297A0,0x0297C0,0x0297E0,
0x029800,0x029820,0x029830,0x029850,0x029870,0x029890,0x0298B0,0x0298C0,
0x0298E0,0x029900,0x029920,0x029940,0x029950,0x029970,0x029990,0x0299B0,
0x0299D0,0x0299E0,0x029A00,0x029A20,0x029A40,0x029A60,0x029A70,0x029A90,
0x029AB0,0x029AD0,0x029AF0,0x029B00,0x029B20,0x029B40,0x029B60,0x029B80,
0x029B90,0x029BB0,0x029BD0,0x029BF0,0x029C10,0x029C20,0x029C40,0x029C60,
0x029C80,0x029CA0,0x029CB0,0x029CD0,0x029CF0,0x029D10,0x029D30,0x029D50,
0x029D60,0x029D80,0x029DA0,0x029DC0,0x029DE0,0x029DF0,0x029E10,0x029E30,
0x029E50,0x029E70,0x029E80,0x029EA0,0x029EC0,0x029EE0,0x029F00,0x029F20,
0x029F30,0x029F50,0x029F70,0x029F90,0x029FB0,0x029FC0,0x029FE0,0x02A000,
0x02A020,0x02A040,0x02A060,0x02A070,0x02A090,0x02A0B0,0x02A0D0,0x02A0F0,
0x02A110,0x02A120,0x02A140,0x02A160,0x02A180,0x02A1A0,0x02A1B0,0x02A1D0,
0x02A1F0,0x02A210,0x02A230,0x02A250,0x02A260,0x02A280,0x02A2A0,0x02A2C0,
0x02A2E0,0x02A300,0x02A310,0x02A330,0x02A350,0x02A370,0x02A390,0x02A3B0,
0x02A3C0,0x02A3E0,0x02A400,0x02A420,0x02A440,0x02A450,0x02A470,0x02A490,
0x02A4B0,0x02A4D0,0x02A4F0,0x02A500,0x02A520,0x02A540,0x02A560,0x02A580,
0x02A5A0,0x02A5B0,0x02A5D0,0x02A5F0,0x02A610,0x02A630,0x02A650,0x02A670,
0x02A680,0x02A6A0,0x02A6C0,0x02A6E0,0x02A700,0x02A720,0x02A730,0x02A750,
0x02A770,0x02A790,0x02A7B0,0x02A7D0,0x02A7E0,0x02A800,0x02A820,0x02A840,
0x02A860,0x02A880,0x02A890,0x02A8B0,0x02A8D0,0x02A8F0,0x02A910,0x02A930,
0x02A950,0x02A960,0x02A980,0x02A9A0,0x02A9C0,0x02A9E0,0x02AA00,0x02AA10,
0x02AA30,0x02AA50,0x02AA70,0x02AA90,0x02AAB0,0x02AAD0,0x02AAE0,0x02AB00,
0x02AB20,0x02AB40,0x02AB60,0x02AB80,0x02AB90,0x02ABB0,0x02ABD0,0x02ABF0,
0x02AC10,0x02AC30,0x02AC50,0x02AC60,0x02AC80,0x02ACA0,0x02ACC0,0x02ACE0,
0x02AD00,0x02AD20,0x02AD30,0x02AD50,0x02AD70,0x02AD90,0x02ADB0,0x02ADD0,
0x02ADF0,0x02AE00,0x02AE20,0x02AE40,0x02AE60,0x02AE80,0x02AEA0,0x02AEC0,
0x02AED0,0x02AEF0,0x02AF10,0x02AF30,0x02AF50,0x02AF70,0x02AF90,0x02AFA0,
0x02AFC0,0x02AFE0,0x02B000,0x02B020,0x02B040,0x02B060,0x02B070,0x02B090,
0x02B0B0,0x02B0D0,0x02B0F0,0x02B110,0x02B130,0x02B150,0x02B160,0x02B180,
0x02B1A0,0x02B1C0,0x02B1E0,0x02B200,0x02B220,0x02B230,0x02B250,0x02B270,
0x02B290,0x02B2B0,0x02B2D0,0x02B2F0,0x02B310,0x02B320,0x02B340,0x02B360,
0x02B380,0x02B3A0,0x02B3C0,0x02B3E0,0x02B400,0x02B410,0x02B430,0x02B450,
0x02B470,0x02B490,0x02B4B0,0x02B4D0,0x02B4F0,0x02B500,0x02B520,0x02B540,
0x02B560,0x02B580,0x02B5A0,0x02B5C0,0x02B5E0,0x02B5F0,0x02B610,0x02B630,
0x02B650,0x02B670,0x02B690,0x02B6B0,0x02B6D0,0x02B6E0,0x02B700,0x02B720,
0x02B740,0x02B760,0x02B780,0x02B7A0,0x02B7C0,0x02B7E0,0x02B7F0,0x02B810,
0x02B830,0x02B850,0x02B870,0x02B890,0x02B8B0,0x02B8D0,0x02B8F0,0x02B900,
0x02B920,0x02B940,0x02B960,0x02B980,0x02B9A0,0x02B9C0,0x02B9E0,0x02BA00,
0x02BA10,0x02BA30,0x02BA50,0x02BA70,0x02BA90,0x02BAB0,0x02BAD0,0x02BAF0,
0x02BB10,0x02BB20,0x02BB40,0x02BB60,0x02BB80,0x02BBA0,0x02BBC0,0x02BBE0,
0x02BC00,0x02BC20,0x02BC30,0x02BC50,0x02BC70,0x02BC90,0x02BCB0,0x02BCD0,
0x02BCF0,0x02BD10,0x02BD30,0x02BD50,0x02BD60,0x02BD80,0x02BDA0,0x02BDC0,
0x02BDE0,0x02BE00,0x02BE20,0x02BE40,0x02BE60,0x02BE80,0x02BE90,0x02BEB0,
0x02BED0,0x02BEF0,0x02BF10,0x02BF30,0x02BF50,0x02BF70,0x02BF90,0x02BFB0,
0x02BFD0,0x02BFE0,0x02C000,0x02C020,0x02C040,0x02C060,0x02C080,0x02C0A0,
0x02C0C0,0x02C0E0,0x02C100,0x02C110,0x02C130,0x02C150,0x02C170,0x02C190,
0x02C1B0,0x02C1D0,0x02C1F0,0x02C210,0x02C230,0x02C250,0x02C270,0x02C280,
0x02C2A0,0x02C2C0,0x02C2E0,0x02C300,0x02C320,0x02C340,0x02C360,0x02C380,
0x02C3A0,0x02C3C0,0x02C3D0,0x02C3F0,0x02C410,0x02C430,0x02C450,0x02C470,
0x02C490,0x02C4B0,0x02C4D0,0x02C4F0,0x02C510,0x02C530,0x02C550,0x02C560,
0x02C580,0x02C5A0,0x02C5C0,0x02C5E0,0x02C600,0x02C620,0x02C640,0x02C660,
0x02C680,0x02C6A0,0x02C6C0,0x02C6E0,0x02C6F0,0x02C710,0x02C730,0x02C750,
0x02C770,0x02C790,0x02C7B0,0x02C7D0,0x02C7F0,0x02C810,0x02C830,0x02C850,
0x02C870,0x02C880,0x02C8A0,0x02C8C0,0x02C8E0,0x02C900,0x02C920,0x02C940,
0x02C960,0x02C980,0x02C9A0,0x02C9C0,0x02C9E0,0x02CA00,0x02CA20,0x02CA40,
0x02CA50,0x02CA70,0x02CA90,0x02CAB0,0x02CAD0,0x02CAF0,0x02CB10,0x02CB30,
0x02CB50,0x02CB70,0x02CB90,0x02CBB0,0x02CBD0,0x02CBF0,0x02CC10,0x02CC30,
0x02CC40,0x02CC60,0x02CC80,0x02CCA0,0x02CCC0,0x02CCE0,0x02CD00,0x02CD20,
0x02CD40,0x02CD60,0x02CD80,0x02CDA0,0x02CDC0,0x02CDE0,0x02CE00,0x02CE20,
0x02CE40,0x02CE50,0x02CE70,0x02CE90,0x02CEB0,0x02CED0,0x02CEF0,0x02CF10,
0x02CF30,0x02CF50,0x02CF70,0x02CF90,0x02CFB0,0x02CFD0,0x02CFF0,0x02D010,
0x02D030,0x02D050,0x02D070,0x02D090,0x02D0A0,0x02D0C0,0x02D0E0,0x02D100,
0x02D120,0x02D140,0x02D160,0x02D180,0x02D1A0,0x02D1C0,0x02D1E0,0x02D200,
0x02D220,0x02D240,0x02D260,0x02D280,0x02D2A0,0x02D2C0,0x02D2E0,0x02D300,
0x02D320,0x02D340,0x02D350,0x02D370,0x02D390,0x02D3B0,0x02D3D0,0x02D3F0,
0x02D410,0x02D430,0x02D450,0x02D470,0x02D490,0x02D4B0,0x02D4D0,0x02D4F0,
0x02D510,0x02D530,0x02D550,0x02D570,0x02D590,0x02D5B0,0x02D5D0,0x02D5F0,
0x02D610,0x02D630,0x02D650,0x02D670,0x02D690,0x02D6A0,0x02D6C0,0x02D6E0,
0x02D700,0x02D720,0x02D740,0x02D760,0x02D780,0x02D7A0,0x02D7C0,0x02D7E0,
0x02D800,0x02D820,0x02D840,0x02D860,0x02D880,0x02D8A0,0x02D8C0,0x02D8E0,
0x02D900,0x02D920,0x02D940,0x02D960,0x02D980,0x02D9A0,0x02D9C0,0x02D9E0,
0x02DA00,0x02DA20,0x02DA40,0x02DA60,0x02DA80,0x02DAA0,0x02DAC0,0x02DAE0,
0x02DB00,0x02DB20,0x02DB40,0x02DB50,0x02DB70,0x02DB90,0x02DBB0,0x02DBD0,
0x02DBF0,0x02DC10,0x02DC30,0x02DC50,0x02DC70,0x02DC90,0x02DCB0,0x02DCD0,
0x02DCF0,0x02DD10,0x02DD30,0x02DD50,0x02DD70,0x02DD90,0x02DDB0,0x02DDD0,
0x02DDF0,0x02DE10,0x02DE30,0x02DE50,0x02DE70,0x02DE90,0x02DEB0,0x02DED0,
0x02DEF0,0x02DF10,0x02DF30,0x02DF50,0x02DF70,0x02DF90,0x02DFB0,0x02DFD0,
0x02DFF0,0x02E010,0x02E030,0x02E050,0x02E070,0x02E090,0x02E0B0,0x02E0D0,
0x02E0F0,0x02E110,0x02E130,0x02E150,0x02E170,0x02E190,0x02E1B0,0x02E1D0,
0x02E1F0,0x02E210,0x02E230,0x02E250,0x02E270,0x02E290,0x02E2B0,0x02E2D0,
0x02E2F0,0x02E310,0x02E330,0x02E350,0x02E370,0x02E390,0x02E3B0,0x02E3D0,
0x02E3F0,0x02E410,0x02E430,0x02E450,0x02E470,0x02E490,0x02E4B0,0x02E4D0,
0x02E4F0,0x02E510,0x02E530,0x02E550,0x02E570,0x02E590,0x02E5B0,0x02E5D0,
0x02E5F0,0x02E610,0x02E630,0x02E650,0x02E670,0x02E690,0x02E6B0,0x02E6D0,
0x02E6F0,0x02E710,0x02E730,0x02E750,0x02E770,0x02E790,0x02E7B0,0x02E7D0,
0x02E7F0,0x02E810,0x02E830,0x02E850,0x02E870,0x02E890,0x02E8B0,0x02E8D0,
0x02E8F0,0x02E910,0x02E930,0x02E950,0x02E970,0x02E990,0x02E9B0,0x02E9D0,
0x02E9F0,0x02EA10,0x02EA40,0x02EA60,0x02EA80,0x02EAA0,0x02EAC0,0x02EAE0,
0x02EB00,0x02EB20,0x02EB40,0x02EB60,0x02EB80,0x02EBA0,0x02EBC0,0x02EBE0,
0x02EC00,0x02EC20,0x02EC40,0x02EC60,0x02EC80,0x02ECA0,0x02ECC0,0x02ECE0,
0x02ED00,0x02ED20,0x02ED40,0x02ED60,0x02ED80,0x02EDA0,0x02EDC0,0x02EDE0,
0x02EE00,0x02EE20,0x02EE40,0x02EE60,0x02EE80,0x02EEA0,0x02EEC0,0x02EEF0,
0x02EF10,0x02EF30,0x02EF50,0x02EF70,0x02EF90,0x02EFB0,0x02EFD0,0x02EFF0,
0x02F010,0x02F030,0x02F050,0x02F070,0x02F090,0x02F0B0,0x02F0D0,0x02F0F0,
0x02F110,0x02F130,0x02F150,0x02F170,0x02F190,0x02F1B0,0x02F1D0,0x02F1F0,
0x02F210,0x02F230,0x02F260,0x02F280,0x02F2A0,0x02F2C0,0x02F2E0,0x02F300,
0x02F320,0x02F340,0x02F360,0x02F380,0x02F3A0,0x02F3C0,0x02F3E0,0x02F400,
0x02F420,0x02F440,0x02F460,0x02F480,0x02F4A0,0x02F4C0,0x02F4E0,0x02F500,
0x02F530,0x02F550,0x02F570,0x02F590,0x02F5B0,0x02F5D0,0x02F5F0,0x02F610,
0x02F630,0x02F650,0x02F670,0x02F690,0x02F6B0,0x02F6D0,0x02F6F0,0x02F710,
0x02F730,0x02F750,0x02F780,0x02F7A0,0x02F7C0,0x02F7E0,0x02F800,0x02F820,
0x02F840,0x02F860,0x02F880,0x02F8A0,0x02F8C0,0x02F8E0,0x02F900,0x02F920,
0x02F940,0x02F960,0x02F980,0x02F9B0,0x02F9D0,0x02F9F0,0x02FA10,0x02FA30,
0x02FA50,0x02FA70,0x02FA90,0x02FAB0,0x02FAD0,0x02FAF0,0x02FB10,0x02FB30,
0x02FB50,0x02FB70,0x02FB90,0x02FBC0,0x02FBE0,0x02FC00,0x02FC20,0x02FC40,
0x02FC60,0x02FC80,0x02FCA0,0x02FCC0,0x02FCE0,0x02FD00,0x02FD20,0x02FD40,
0x02FD60,0x02FD90,0x02FDB0,0x02FDD0,0x02FDF0,0x02FE10,0x02FE30,0x02FE50,
0x02FE70,0x02FE90,0x02FEB0,0x02FED0,0x02FEF0,0x02FF10,0x02FF40,0x02FF60,
0x02FF80,0x02FFA0,0x02FFC0,0x02FFE0,0x030000,0x030020,0x030040,0x030060,
0x030080,0x0300A0,0x0300C0,0x0300F0,0x030110,0x030130,0x030150,0x030170,
0x030190,0x0301B0,0x0301D0,0x0301F0,0x030210,0x030230,0x030250,0x030280,
0x0302A0,0x0302C0,0x0302E0,0x030300,0x030320,0x030340,0x030360,0x030380,
0x0303A0,0x0303C0,0x0303F0,0x030410,0x030430,0x030450,0x030470,0x030490,
0x0304B0,0x0304D0,0x0304F0,0x030510,0x030530,0x030560,0x030580,0x0305A0,
0x0305C0,0x0305E0,0x030600,0x030620,0x030640,0x030660,0x030680,0x0306A0,
0x0306D0,0x0306F0,0x030710,0x030730,0x030750,0x030770,0x030790,0x0307B0,
0x0307D0,0x0307F0,0x030820,0x030840,0x030860,0x030880,0x0308A0,0x0308C0,
0x0308E0,0x030900,0x030920,0x030950,0x030970,0x030990,0x0309B0,0x0309D0,
0x0309F0,0x030A10,0x030A30,0x030A50,0x030A70,0x030AA0,0x030AC0,0x030AE0,
0x030B00,0x030B20,0x030B40,0x030B60,0x030B80,0x030BA0,0x030BD0,0x030BF0,
0x030C10,0x030C30,0x030C50,0x030C70,0x030C90,0x030CB0,0x030CD0,0x030D00,
0x030D20,0x030D40,0x030D60,0x030D80,0x030DA0,0x030DC0,0x030DE0,0x030E10,
0x030E30,0x030E50,0x030E70,0x030E90,0x030EB0,0x030ED0,0x030EF0,0x030F10,
0x030F40,0x030F60,0x030F80,0x030FA0,0x030FC0,0x030FE0,0x031000,0x031020,
0x031050,0x031070,0x031090,0x0310B0,0x0310D0,0x0310F0,0x031110,0x031130,
0x031160,0x031180,0x0311A0,0x0311C0,0x0311E0,0x031200,0x031220,0x031240,
0x031270,0x031290,0x0312B0,0x0312D0,0x0312F0,0x031310,0x031330,0x031350,
0x031380,0x0313A0,0x0313C0,0x0313E0,0x031400,0x031420,0x031440,0x031470,
0x031490,0x0314B0,0x0314D0,0x0314F0,0x031510,0x031530,0x031560,0x031580,
0x0315A0,0x0315C0,0x0315E0,0x031600,0x031620,0x031640,0x031670,0x031690,
0x0316B0,0x0316D0,0x0316F0,0x031710,0x031730,0x031760,0x031780,0x0317A0,
0x0317C0,0x0317E0,0x031800,0x031820,0x031850,0x031870,0x031890,0x0318B0,
0x0318D0,0x0318F0,0x031920,0x031940,0x031960,0x031980,0x0319A0,0x0319C0,
0x0319E0,0x031A10,0x031A30,0x031A50,0x031A70,0x031A90,0x031AB0,0x031AD0,
0x031B00,0x031B20,0x031B40,0x031B60,0x031B80,0x031BA0,0x031BD0,0x031BF0,
0x031C10,0x031C30,0x031C50,0x031C70,0x031C90,0x031CC0,0x031CE0,0x031D00,
0x031D20,0x031D40,0x031D60,0x031D90,0x031DB0,0x031DD0,0x031DF0,0x031E10,
0x031E30,0x031E60,0x031E80,0x031EA0,0x031EC0,0x031EE0,0x031F00,0x031F30,
0x031F50,0x031F70,0x031F90,0x031FB0,0x031FD0,0x031FF0,0x032020,0x032040,
0x032060,0x032080,0x0320A0,0x0320C0,0x0320F0,0x032110,0x032130,0x032150,
0x032170,0x0321A0,0x0321C0,0x0321E0,0x032200,0x032220,0x032240,0x032270,
0x032290,0x0322B0,0x0322D0,0x0322F0,0x032310,0x032340,0x032360,0x032380,
0x0323A0,0x0323C0,0x0323E0,0x032410,0x032430,0x032450,0x032470,0x032490,
0x0324C0,0x0324E0,0x032500,0x032520,0x032540,0x032560,0x032590,0x0325B0,
0x0325D0,0x0325F0,0x032610,0x032640,0x032660,0x032680,0x0326A0,0x0326C0,
0x0326E0,0x032710,0x032730,0x032750,0x032770,0x032790,0x0327C0,0x0327E0,
0x032800,0x032820,0x032840,0x032860,0x032890,0x0328B0,0x0328D0,0x0328F0,
0x032910,0x032940,0x032960,0x032980,0x0329A0,0x0329C0,0x0329F0,0x032A10,
0x032A30,0x032A50,0x032A70,0x032AA0,0x032AC0,0x032AE0,0x032B00,0x032B20,
0x032B50,0x032B70,0x032B90,0x032BB0,0x032BD0,0x032C00,0x032C20,0x032C40,
0x032C60,0x032C80,0x032CB0,0x032CD0,0x032CF0,0x032D10,0x032D30,0x032D60,
0x032D80,0x032DA0,0x032DC0,0x032DE0,0x032E10,0x032E30,0x032E50,0x032E70,
0x032E90,0x032EC0,0x032EE0,0x032F00,0x032F20,0x032F40,0x032F70,0x032F90,
0x032FB0,0x032FD0,0x032FF0,0x033020,0x033040,0x033060,0x033080,0x0330A0,
0x0330D0,0x0330F0,0x033110,0x033130,0x033160,0x033180,0x0331A0,0x0331C0,
0x0331E0,0x033210,0x033230,0x033250,0x033270,0x033290,0x0332C0,0x0332E0,
0x033300,0x033320,0x033350,0x033370,0x033390,0x0333B0,0x0333D0,0x033400,
0x033420,0x033440,0x033460,0x033490,0x0334B0,0x0334D0,0x0334F0,0x033510,
0x033540,0x033560,0x033580,0x0335A0,0x0335D0,0x0335F0,0x033610,0x033630,
0x033650,0x033680,0x0336A0,0x0336C0,0x0336E0,0x033710,0x033730,0x033750,
0x033770,0x0337A0,0x0337C0,0x0337E0,0x033800,0x033820,0x033850,0x033870,
0x033890,0x0338B0,0x0338E0,0x033900,0x033920,0x033940,0x033970,0x033990,
0x0339B0,0x0339D0,0x0339F0,0x033A20,0x033A40,0x033A60,0x033A80,0x033AB0,
0x033AD0,0x033AF0,0x033B10,0x033B40,0x033B60,0x033B80,0x033BA0,0x033BD0,
0x033BF0,0x033C10,0x033C30,0x033C60,0x033C80,0x033CA0,0x033CC0,0x033CF0,
0x033D10,0x033D30,0x033D50,0x033D80,0x033DA0,0x033DC0,0x033DE0,0x033E00,
0x033E30,0x033E50,0x033E70,0x033E90,0x033EC0,0x033EE0,0x033F00,0x033F20,
0x033F50,0x033F70,0x033F90,0x033FB0,0x033FE0,0x034000,0x034020,0x034050,
0x034070,0x034090,0x0340B0,0x0340E0,0x034100,0x034120,0x034140,0x034170,
0x034190,0x0341B0,0x0341D0,0x034200,0x034220,0x034240,0x034260,0x034290,
0x0342B0,0x0342D0,0x0342F0,0x034320,0x034340,0x034360,0x034380,0x0343B0,
0x0343D0,0x0343F0,0x034410,0x034440,0x034460,0x034480,0x0344B0,0x0344D0,
0x0344F0,0x034510,0x034540,0x034560,0x034580,0x0345A0,0x0345D0,0x0345F0,
0x034610,0x034630,0x034660,0x034680,0x0346A0,0x0346D0,0x0346F0,0x034710,
0x034730,0x034760,0x034780,0x0347A0,0x0347C0,0x0347F0,0x034810,0x034830,
0x034860,0x034880,0x0348A0,0x0348C0,0x0348F0,0x034910,0x034930,0x034960,
0x034980,0x0349A0,0x0349C0,0x0349F0,0x034A10,0x034A30,0x034A50,0x034A80,
0x034AA0,0x034AC0,0x034AF0,0x034B10,0x034B30,0x034B50,0x034B80,0x034BA0,
0x034BC0,0x034BF0,0x034C10,0x034C30,0x034C50,0x034C80,0x034CA0,0x034CC0,
0x034CF0,0x034D10,0x034D30,0x034D50,0x034D80,0x034DA0,0x034DC0,0x034DF0,
0x034E10,0x034E30,0x034E50,0x034E80,0x034EA0,0x034EC0,0x034EF0,0x034F10,
0x034F30,0x034F60,0x034F80,0x034FA0,0x034FC0,0x034FF0,0x035010,0x035030,
0x035060,0x035080,0x0350A0,0x0350C0,0x0350F0,0x035110,0x035130,0x035160,
0x035180,0x0351A0,0x0351D0,0x0351F0,0x035210,0x035230,0x035260,0x035280,
0x0352A0,0x0352D0,0x0352F0,0x035310,0x035340,0x035360,0x035380,0x0353B0,
0x0353D0,0x0353F0,0x035410,0x035440,0x035460,0x035480,0x0354B0,0x0354D0,
0x0354F0,0x035520,0x035540,0x035560,0x035590,0x0355B0,0x0355D0,0x0355F0,
0x035620,0x035640,0x035660,0x035690,0x0356B0,0x0356D0,0x035700,0x035720,
0x035740,0x035770,0x035790,0x0357B0,0x0357E0,0x035800,0x035820,0x035850,
0x035870,0x035890,0x0358B0,0x0358E0,0x035900,0x035920,0x035950,0x035970,
0x035990,0x0359C0,0x0359E0,0x035A00,0x035A30,0x035A50,0x035A70,0x035AA0,
0x035AC0,0x035AE0,0x035B10,0x035B30,0x035B50,0x035B80,0x035BA0,0x035BC0,
0x035BF0,0x035C10,0x035C30,0x035C60,0x035C80,0x035CA0,0x035CD0,0x035CF0,
0x035D10,0x035D40,0x035D60,0x035D80,0x035DB0,0x035DD0,0x035DF0,0x035E20,
0x035E40,0x035E60,0x035E90,0x035EB0,0x035ED0,0x035F00,0x035F20,0x035F40,
0x035F70,0x035F90,0x035FB0,0x035FE0,0x036000,0x036020,0x036050,0x036070,
0x036090,0x0360C0,0x0360E0,0x036100,0x036130,0x036150,0x036170,0x0361A0,
0x0361C0,0x0361E0,0x036210,0x036230,0x036250,0x036280,0x0362A0,0x0362C0,
0x0362F0,0x036310,0x036340,0x036360,0x036380,0x0363B0,0x0363D0,0x0363F0,
0x036420,0x036440,0x036460,0x036490,0x0364B0,0x0364D0,0x036500,0x036520,
0x036540,0x036570,0x036590,0x0365B0,0x0365E0,0x036600,0x036630,0x036650,
0x036670,0x0366A0,0x0366C0,0x0366E0,0x036710,0x036730,0x036750,0x036780,
0x0367A0,0x0367C0,0x0367F0,0x036810,0x036840,0x036860,0x036880,0x0368B0,
0x0368D0,0x0368F0,0x036920,0x036940,0x036960,0x036990,0x0369B0,0x0369E0,
0x036A00,0x036A20,0x036A50,0x036A70,0x036A90,0x036AC0,0x036AE0,0x036B10,
0x036B30,0x036B50,0x036B80,0x036BA0,0x036BC0,0x036BF0,0x036C10,0x036C30,
0x036C60,0x036C80,0x036CB0,0x036CD0,0x036CF0,0x036D20,0x036D40,0x036D60,
0x036D90,0x036DB0,0x036DE0,0x036E00,0x036E20,0x036E50,0x036E70,0x036EA0,
0x036EC0,0x036EE0,0x036F10,0x036F30,0x036F50,0x036F80,0x036FA0,0x036FD0,
0x036FF0,0x037010,0x037040,0x037060,0x037080,0x0370B0,0x0370D0,0x037100,
0x037120,0x037140,0x037170,0x037190,0x0371C0,0x0371E0,0x037200,0x037230,
0x037250,0x037270,0x0372A0,0x0372C0,0x0372F0,0x037310,0x037330,0x037360,
0x037380,0x0373B0,0x0373D0,0x0373F0,0x037420,0x037440,0x037470,0x037490,
0x0374B0,0x0374E0,0x037500,0x037530,0x037550,0x037570,0x0375A0,0x0375C0,
0x0375F0,0x037610,0x037630,0x037660,0x037680,0x0376B0,0x0376D0,0x0376F0,
0x037720,0x037740,0x037770,0x037790,0x0377B0,0x0377E0,0x037800,0x037830,
0x037850,0x037870,0x0378A0,0x0378C0,0x0378F0,0x037910,0x037930,0x037960,
0x037980,0x0379B0,0x0379D0,0x0379F0,0x037A20,0x037A40,0x037A70,0x037A90,
0x037AC0,0x037AE0,0x037B00,0x037B30,0x037B50,0x037B80,0x037BA0,0x037BC0,
0x037BF0,0x037C10,0x037C40,0x037C60,0x037C80,0x037CB0,0x037CD0,0x037D00,
0x037D20,0x037D50,0x037D70,0x037D90,0x037DC0,0x037DE0,0x037E10,0x037E30,
0x037E60,0x037E80,0x037EA0,0x037ED0,0x037EF0,0x037F20,0x037F40,0x037F60,
0x037F90,0x037FB0,0x037FE0,0x038000,0x038030,0x038050,0x038070,0x0380A0,
0x0380C0,0x0380F0,0x038110,0x038140,0x038160,0x038180,0x0381B0,0x0381D0,
0x038200,0x038220,0x038250,0x038270,0x038290,0x0382C0,0x0382E0,0x038310,
0x038330,0x038360,0x038380,0x0383B0,0x0383D0,0x0383F0,0x038420,0x038440,
0x038470,0x038490,0x0384C0,0x0384E0,0x038500,0x038530,0x038550,0x038580,
0x0385A0,0x0385D0,0x0385F0,0x038620,0x038640,0x038660,0x038690,0x0386B0,
0x0386E0,0x038700,0x038730,0x038750,0x038780,0x0387A0,0x0387C0,0x0387F0,
0x038810,0x038840,0x038860,0x038890,0x0388B0,0x0388E0,0x038900,0x038920,
0x038950,0x038970,0x0389A0,0x0389C0,0x0389F0,0x038A10,0x038A40,0x038A60,
0x038A90,0x038AB0,0x038AD0,0x038B00,0x038B20,0x038B50,0x038B70,0x038BA0,
0x038BC0,0x038BF0,0x038C10,0x038C40,0x038C60,0x038C90,0x038CB0,0x038CD0,
0x038D00,0x038D20,0x038D50,0x038D70,0x038DA0,0x038DC0,0x038DF0,0x038E10,
0x038E40,0x038E60,0x038E90,0x038EB0,0x038ED0,0x038F00,0x038F20,0x038F50,
0x038F70,0x038FA0,0x038FC0,0x038FF0,0x039010,0x039040,0x039060,0x039090,
0x0390B0,0x0390E0,0x039100,0x039120,0x039150,0x039170,0x0391A0,0x0391C0,
0x0391F0,0x039210,0x039240,0x039260,0x039290,0x0392B0,0x0392E0,0x039300,
0x039330,0x039350,0x039380,0x0393A0,0x0393D0,0x0393F0,0x039420,0x039440,
0x039470,0x039490,0x0394B0,0x0394E0,0x039500,0x039530,0x039550,0x039580,
0x0395A0,0x0395D0,0x0395F0,0x039620,0x039640,0x039670,0x039690,0x0396C0,
0x0396E0,0x039710,0x039730,0x039760,0x039780,0x0397B0,0x0397D0,0x039800,
0x039820,0x039850,0x039870,0x0398A0,0x0398C0,0x0398F0,0x039910,0x039940,
0x039960,0x039990,0x0399B0,0x0399E0,0x039A00,0x039A30,0x039A50,0x039A80,
0x039AA0,0x039AD0,0x039AF0,0x039B20,0x039B40,0x039B70,0x039B90,0x039BC0,
0x039BE0,0x039C10,0x039C30,0x039C60,0x039C80,0x039CB0,0x039CD0,0x039D00,
0x039D20,0x039D50,0x039D70,0x039DA0,0x039DC0,0x039DF0,0x039E10,0x039E40,
0x039E60,0x039E90,0x039EB0,0x039EE0,0x039F00,0x039F30,0x039F50,0x039F80,
0x039FA0,0x039FD0,0x039FF0,0x03A020,0x03A040,0x03A070,0x03A090,0x03A0C0,
0x03A0E0,0x03A110,0x03A130,0x03A160,0x03A180,0x03A1B0,0x03A1D0,0x03A200,
0x03A220,0x03A250,0x03A280,0x03A2A0,0x03A2D0,0x03A2F0,0x03A320,0x03A340,
0x03A370,0x03A390,0x03A3C0,0x03A3E0,0x03A410,0x03A430,0x03A460,0x03A480,
0x03A4B0,0x03A4D0,0x03A500,0x03A520,0x03A550,0x03A570,0x03A5A0,0x03A5D0,
0x03A5F0,0x03A620,0x03A640,0x03A670,0x03A690,0x03A6C0,0x03A6E0,0x03A710,
0x03A730,0x03A760,0x03A780,0x03A7B0,0x03A7D0,0x03A800,0x03A820,0x03A850,
0x03A880,0x03A8A0,0x03A8D0,0x03A8F0,0x03A920,0x03A940,0x03A970,0x03A990,
0x03A9C0,0x03A9E0,0x03AA10,0x03AA30,0x03AA60,0x03AA90,0x03AAB0,0x03AAE0,
0x03AB00,0x03AB30,0x03AB50,0x03AB80,0x03ABA0,0x03ABD0,0x03ABF0,0x03AC20,
0x03AC50,0x03AC70,0x03ACA0,0x03ACC0,0x03ACF0,0x03AD10,0x03AD40,0x03AD60,
0x03AD90,0x03ADB0,0x03ADE0,0x03AE10,0x03AE30,0x03AE60,0x03AE80,0x03AEB0,
0x03AED0,0x03AF00,0x03AF20,0x03AF50,0x03AF80,0x03AFA0,0x03AFD0,0x03AFF0,
0x03B020,0x03B040,0x03B070,0x03B090,0x03B0C0,0x03B0F0,0x03B110,0x03B140,
0x03B160,0x03B190,0x03B1B0,0x03B1E0,0x03B200,0x03B230,0x03B260,0x03B280,
0x03B2B0,0x03B2D0,0x03B300,0x03B320,0x03B350,0x03B380,0x03B3A0,0x03B3D0,
0x03B3F0,0x03B420,0x03B440,0x03B470,0x03B4A0,0x03B4C0,0x03B4F0,0x03B510,
0x03B540,0x03B560,0x03B590,0x03B5C0,0x03B5E0,0x03B610,0x03B630,0x03B660,
0x03B680,0x03B6B0,0x03B6E0,0x03B700,0x03B730,0x03B750,0x03B780,0x03B7A0,
0x03B7D0,0x03B800,0x03B820,0x03B850,0x03B870,0x03B8A0,0x03B8C0,0x03B8F0,
0x03B920,0x03B940,0x03B970,0x03B990,0x03B9C0,0x03B9F0,0x03BA10,0x03BA40,
0x03BA60,0x03BA90,0x03BAB0,0x03BAE0,0x03BB10,0x03BB30,0x03BB60,0x03BB80,
0x03BBB0,0x03BBE0,0x03BC00,0x03BC30,0x03BC50,0x03BC80,0x03BCA0,0x03BCD0,
0x03BD00,0x03BD20,0x03BD50,0x03BD70,0x03BDA0,0x03BDD0,0x03BDF0,0x03BE20,
0x03BE40,0x03BE70,0x03BEA0,0x03BEC0,0x03BEF0,0x03BF10,0x03BF40,0x03BF70,
0x03BF90,0x03BFC0,0x03BFE0,0x03C010,0x03C040,0x03C060,0x03C090,0x03C0B0,
0x03C0E0,0x03C110,0x03C130,0x03C160,0x03C180,0x03C1B0,0x03C1E0,0x03C200,
0x03C230,0x03C250,0x03C280,0x03C2B0,0x03C2D0,0x03C300,0x03C320,0x03C350,
0x03C380,0x03C3A0,0x03C3D0,0x03C3F0,0x03C420,0x03C450,0x03C470,0x03C4A0,
0x03C4D0,0x03C4F0,0x03C520,0x03C540,0x03C570,0x03C5A0,0x03C5C0,0x03C5F0,
0x03C610,0x03C640,0x03C670,0x03C690,0x03C6C0,0x03C6F0,0x03C710,0x03C740,
0x03C760,0x03C790,0x03C7C0,0x03C7E0,0x03C810,0x03C840,0x03C860,0x03C890,
0x03C8B0,0x03C8E0,0x03C910,0x03C930,0x03C960,0x03C980,0x03C9B0,0x03C9E0,
0x03CA00,0x03CA30,0x03CA60,0x03CA80,0x03CAB0,0x03CAE0,0x03CB00,0x03CB30,
0x03CB50,0x03CB80,0x03CBB0,0x03CBD0,0x03CC00,0x03CC30,0x03CC50,0x03CC80,
0x03CCA0,0x03CCD0,0x03CD00,0x03CD20,0x03CD50,0x03CD80,0x03CDA0,0x03CDD0,
0x03CE00,0x03CE20,0x03CE50,0x03CE70,0x03CEA0,0x03CED0,0x03CEF0,0x03CF20,
0x03CF50,0x03CF70,0x03CFA0,0x03CFD0,0x03CFF0,0x03D020,0x03D040,0x03D070,
0x03D0A0,0x03D0C0,0x03D0F0,0x03D120,0x03D140,0x03D170,0x03D1A0,0x03D1C0,
0x03D1F0,0x03D220,0x03D240,0x03D270,0x03D2A0,0x03D2C0,0x03D2F0,0x03D310,
0x03D340,0x03D370,0x03D390,0x03D3C0,0x03D3F0,0x03D410,0x03D440,0x03D470,
0x03D490,0x03D4C0,0x03D4F0,0x03D510,0x03D540,0x03D570,0x03D590,0x03D5C0,
0x03D5F0,0x03D610,0x03D640,0x03D670,0x03D690,0x03D6C0,0x03D6F0,0x03D710,
0x03D740,0x03D770,0x03D790,0x03D7C0,0x03D7F0,0x03D810,0x03D840,0x03D870,
0x03D890,0x03D8C0,0x03D8F0,0x03D910,0x03D940,0x03D970,0x03D990,0x03D9C0,
0x03D9F0,0x03DA10,0x03DA40,0x03DA70,0x03DA90,0x03DAC0,0x03DAF0,0x03DB10,
0x03DB40,0x03DB70,0x03DB90,0x03DBC0,0x03DBF0,0x03DC10,0x03DC40,0x03DC70,
0x03DC90,0x03DCC0,0x03DCF0,0x03DD10,0x03DD40,0x03DD70,0x03DD90,0x03DDC0,
0x03DDF0,0x03DE10,0x03DE40,0x03DE70,0x03DE90,0x03DEC0,0x03DEF0,0x03DF20,
0x03DF40,0x03DF70,0x03DFA0,0x03DFC0,0x03DFF0,0x03E020,0x03E040,0x03E070,
0x03E0A0,0x03E0C0,0x03E0F0,0x03E120,0x03E140,0x03E170,0x03E1A0,0x03E1D0,
0x03E1F0,0x03E220,0x03E250,0x03E270,0x03E2A0,0x03E2D0,0x03E2F0,0x03E320,
0x03E350,0x03E370,0x03E3A0,0x03E3D0,0x03E400,0x03E420,0x03E450,0x03E480,
0x03E4A0,0x03E4D0,0x03E500,0x03E520,0x03E550,0x03E580,0x03E5B0,0x03E5D0,
0x03E600,0x03E630,0x03E650,0x03E680,0x03E6B0,0x03E6D0,0x03E700,0x03E730,
0x03E760,0x03E780,0x03E7B0,0x03E7E0,0x03E800,0x03E830,0x03E860,0x03E890,
0x03E8B0,0x03E8E0,0x03E910,0x03E930,0x03E960,0x03E990,0x03E9B0,0x03E9E0,
0x03EA10,0x03EA40,0x03EA60,0x03EA90,0x03EAC0,0x03EAE0,0x03EB10,0x03EB40,
0x03EB70,0x03EB90,0x03EBC0,0x03EBF0,0x03EC20,0x03EC40,0x03EC70,0x03ECA0,
0x03ECC0,0x03ECF0,0x03ED20,0x03ED50,0x03ED70,0x03EDA0,0x03EDD0,0x03EDF0,
0x03EE20,0x03EE50,0x03EE80,0x03EEA0,0x03EED0,0x03EF00,0x03EF30,0x03EF50,
0x03EF80,0x03EFB0,0x03EFD0,0x03F000,0x03F030,0x03F060,0x03F080,0x03F0B0,
0x03F0E0,0x03F110,0x03F130,0x03F160,0x03F190,0x03F1B0,0x03F1E0,0x03F210,
0x03F240,0x03F260,0x03F290,0x03F2C0,0x03F2F0,0x03F310,0x03F340,0x03F370,
0x03F3A0,0x03F3C0,0x03F3F0,0x03F420,0x03F450,0x03F470,0x03F4A0,0x03F4D0,
0x03F500,0x03F520,0x03F550,0x03F580,0x03F5A0,0x03F5D0,0x03F600,0x03F630,
0x03F650,0x03F680,0x03F6B0,0x03F6E0,0x03F700,0x03F730,0x03F760,0x03F790,
0x03F7B0,0x03F7E0,0x03F810,0x03F840,0x03F860,0x03F890,0x03F8C0,0x03F8F0,
0x03F910,0x03F940,0x03F970,0x03F9A0,0x03F9C0,0x03F9F0,0x03FA20,0x03FA50,
0x03FA80,0x03FAA0,0x03FAD0,0x03FB00,0x03FB30,0x03FB50,0x03FB80,0x03FBB0,
0x03FBE0,0x03FC00,0x03FC30,0x03FC60,0x03FC90,0x03FCB0,0x03FCE0,0x03FD10,
0x03FD40,0x03FD60,0x03FD90,0x03FDC0,0x03FDF0,0x03FE20,0x03FE40,0x03FE70,
0x03FEA0,0x03FED0,0x03FEF0,0x03FF20,0x03FF50,0x03FF80,0x03FFA0,0x03FFD0,
0x040000,0x040020,0x040060,0x040080,0x0400C0,0x0400E0,0x040100,0x040140,
0x040160,0x040180,0x0401C0,0x0401E0,0x040220,0x040240,0x040260,0x0402A0,
0x0402C0,0x040300,0x040320,0x040340,0x040380,0x0403A0,0x0403E0,0x040400,
0x040420,0x040460,0x040480,0x0404C0,0x0404E0,0x040500,0x040540,0x040560,
0x040580,0x0405C0,0x0405E0,0x040620,0x040640,0x040660,0x0406A0,0x0406C0,
0x040700,0x040720,0x040740,0x040780,0x0407A0,0x0407E0,0x040800,0x040820,
0x040860,0x040880,0x0408C0,0x0408E0,0x040900,0x040940,0x040960,0x0409A0,
0x0409C0,0x0409E0,0x040A20,0x040A40,0x040A80,0x040AA0,0x040AC0,0x040B00,
0x040B20,0x040B60,0x040B80,0x040BA0,0x040BE0,0x040C00,0x040C40,0x040C60,
0x040C80,0x040CC0,0x040CE0,0x040D20,0x040D40,0x040D60,0x040DA0,0x040DC0,
0x040E00,0x040E20,0x040E40,0x040E80,0x040EA0,0x040EE0,0x040F00,0x040F40,
0x040F60,0x040F80,0x040FC0,0x040FE0,0x041020,0x041040,0x041060,0x0410A0,
0x0410C0,0x041100,0x041120,0x041140,0x041180,0x0411A0,0x0411E0,0x041200,
0x041220,0x041260,0x041280,0x0412C0,0x0412E0,0x041320,0x041340,0x041360,
0x0413A0,0x0413C0,0x041400,0x041420,0x041440,0x041480,0x0414A0,0x0414E0,
0x041500,0x041520,0x041560,0x041580,0x0415C0,0x0415E0,0x041620,0x041640,
0x041660,0x0416A0,0x0416C0,0x041700,0x041720,0x041740,0x041780,0x0417A0,
0x0417E0,0x041800,0x041840,0x041860,0x041880,0x0418C0,0x0418E0,0x041920,
0x041940,0x041960,0x0419A0,0x0419C0,0x041A00,0x041A20,0x041A60,0x041A80,
0x041AA0,0x041AE0,0x041B00,0x041B40,0x041B60,0x041BA0,0x041BC0,0x041BE0,
0x041C20,0x041C40,0x041C80,0x041CA0,0x041CE0,0x041D00,0x041D20,0x041D60,
0x041D80,0x041DC0,0x041DE0,0x041E20,0x041E40,0x041E60,0x041EA0,0x041EC0,
0x041F00,0x041F20,0x041F60,0x041F80,0x041FA0,0x041FE0,0x042000,0x042040,
0x042060,0x0420A0,0x0420C0,0x0420E0,0x042120,0x042140,0x042180,0x0421A0,
0x0421E0,0x042200,0x042220,0x042260,0x042280,0x0422C0,0x0422E0,0x042320,
0x042340,0x042360,0x0423A0,0x0423C0,0x042400,0x042420,0x042460,0x042480,
0x0424A0,0x0424E0,0x042500,0x042540,0x042560,0x0425A0,0x0425C0,0x042600,
0x042620,0x042640,0x042680,0x0426A0,0x0426E0,0x042700,0x042740,0x042760,
0x042780,0x0427C0,0x0427E0,0x042820,0x042840,0x042880,0x0428A0,0x0428E0,
0x042900,0x042920,0x042960,0x042980,0x0429C0,0x0429E0,0x042A20,0x042A40,
0x042A80,0x042AA0,0x042AC0,0x042B00,0x042B20,0x042B60,0x042B80,0x042BC0,
0x042BE0,0x042C20,0x042C40,0x042C60,0x042CA0,0x042CC0,0x042D00,0x042D20,
0x042D60,0x042D80,0x042DC0,0x042DE0,0x042E00,0x042E40,0x042E60,0x042EA0,
0x042EC0,0x042F00,0x042F20,0x042F60,0x042F80,0x042FC0,0x042FE0,0x043000,
0x043040,0x043060,0x0430A0,0x0430C0,0x043100,0x043120,0x043160,0x043180,
0x0431C0,0x0431E0,0x043200,0x043240,0x043260,0x0432A0,0x0432C0,0x043300,
0x043320,0x043360,0x043380,0x0433C0,0x0433E0,0x043400,0x043440,0x043460,
0x0434A0,0x0434C0,0x043500,0x043520,0x043560,0x043580,0x0435C0,0x0435E0,
0x043600,0x043640,0x043660,0x0436A0,0x0436C0,0x043700,0x043720,0x043760,
0x043780,0x0437C0,0x0437E0,0x043820,0x043840,0x043860,0x0438A0,0x0438C0,
0x043900,0x043920,0x043960,0x043980,0x0439C0,0x0439E0,0x043A20,0x043A40,
0x043A80,0x043AA0,0x043AC0,0x043B00,0x043B20,0x043B60,0x043B80,0x043BC0,
0x043BE0,0x043C20,0x043C40,0x043C80,0x043CA0,0x043CE0,0x043D00,0x043D40,
0x043D60,0x043DA0,0x043DC0,0x043DE0,0x043E20,0x043E40,0x043E80,0x043EA0,
0x043EE0,0x043F00,0x043F40,0x043F60,0x043FA0,0x043FC0,0x044000,0x044020,
0x044060,0x044080,0x0440C0,0x0440E0,0x044100,0x044140,0x044160,0x0441A0,
0x0441C0,0x044200,0x044220,0x044260,0x044280,0x0442C0,0x0442E0,0x044320,
0x044340,0x044380,0x0443A0,0x0443E0,0x044400,0x044440,0x044460,0x0444A0,
0x0444C0,0x0444E0,0x044520,0x044540,0x044580,0x0445A0,0x0445E0,0x044600,
0x044640,0x044660,0x0446A0,0x0446C0,0x044700,0x044720,0x044760,0x044780,
0x0447C0,0x0447E0,0x044820,0x044840,0x044880,0x0448A0,0x0448E0,0x044900,
0x044940,0x044960,0x0449A0,0x0449C0,0x044A00,0x044A20,0x044A60,0x044A80,
0x044AA0,0x044AE0,0x044B00,0x044B40,0x044B60,0x044BA0,0x044BC0,0x044C00,
0x044C20,0x044C60,0x044C80,0x044CC0,0x044CE0,0x044D20,0x044D40,0x044D80,
0x044DA0,0x044DE0,0x044E00,0x044E40,0x044E60,0x044EA0,0x044EC0,0x044F00,
0x044F20,0x044F60,0x044F80,0x044FC0,0x044FE0,0x045020,0x045040,0x045080,
0x0450A0,0x0450E0,0x045100,0x045140,0x045160,0x0451A0,0x0451C0,0x045200,
0x045220,0x045260,0x045280,0x0452C0,0x0452E0,0x045320,0x045340,0x045380,
0x0453A0,0x0453E0,0x045400,0x045440,0x045460,0x0454A0,0x0454C0,0x045500,
0x045520,0x045560,0x045580,0x0455C0,0x0455E0,0x045620,0x045640,0x045680,
0x0456A0,0x0456E0,0x045700,0x045740,0x045760,0x0457A0,0x0457C0,0x045800,
0x045820,0x045860,0x045880,0x0458C0,0x0458E0,0x045920,0x045940,0x045980,
0x0459A0,0x0459E0,0x045A00,0x045A40,0x045A60,0x045AA0,0x045AC0,0x045B00,
0x045B20,0x045B60,0x045B80,0x045BC0,0x045BE0,0x045C20,0x045C40,0x045C80,
0x045CA0,0x045CE0,0x045D00,0x045D40,0x045D60,0x045DA0,0x045DE0,0x045E00,
0x045E40,0x045E60,0x045EA0,0x045EC0,0x045F00,0x045F20,0x045F60,0x045F80,
0x045FC0,0x045FE0,0x046020,0x046040,0x046080,0x0460A0,0x0460E0,0x046100,
0x046140,0x046160,0x0461A0,0x0461C0,0x046200,0x046220,0x046260,0x046280,
0x0462C0,0x0462E0,0x046320,0x046360,0x046380,0x0463C0,0x0463E0,0x046420,
0x046440,0x046480,0x0464A0,0x0464E0,0x046500,0x046540,0x046560,0x0465A0,
0x0465C0,0x046600,0x046620,0x046660,0x046680,0x0466C0,0x0466E0,0x046720,
0x046760,0x046780,0x0467C0,0x0467E0,0x046820,0x046840,0x046880,0x0468A0,
0x0468E0,0x046900,0x046940,0x046960,0x0469A0,0x0469C0,0x046A00,0x046A20,
0x046A60,0x046A80,0x046AC0,0x046B00,0x046B20,0x046B60,0x046B80,0x046BC0,
0x046BE0,0x046C20,0x046C40,0x046C80,0x046CA0,0x046CE0,0x046D00,0x046D40,
0x046D60,0x046DA0,0x046DE0,0x046E00,0x046E40,0x046E60,0x046EA0,0x046EC0,
0x046F00,0x046F20,0x046F60,0x046F80,0x046FC0,0x046FE0,0x047020,0x047060,
0x047080,0x0470C0,0x0470E0,0x047120,0x047140,0x047180,0x0471A0,0x0471E0,
0x047200,0x047240,0x047260,0x0472A0,0x0472E0,0x047300,0x047340,0x047360,
0x0473A0,0x0473C0,0x047400,0x047420,0x047460,0x047480,0x0474C0,0x047500,
0x047520,0x047560,0x047580,0x0475C0,0x0475E0,0x047620,0x047640,0x047680,
0x0476A0,0x0476E0,0x047720,0x047740,0x047780,0x0477A0,0x0477E0,0x047800,
0x047840,0x047860,0x0478A0,0x0478C0,0x047900,0x047940,0x047960,0x0479A0,
0x0479C0,0x047A00,0x047A20,0x047A60,0x047A80,0x047AC0,0x047B00,0x047B20,
0x047B60,0x047B80,0x047BC0,0x047BE0,0x047C20,0x047C40,0x047C80,0x047CC0,
0x047CE0,0x047D20,0x047D40,0x047D80,0x047DA0,0x047DE0,0x047E00,0x047E40,
0x047E80,0x047EA0,0x047EE0,0x047F00,0x047F40,0x047F60,0x047FA0,0x047FC0,
0x048000,0x048040,0x048060,0x0480A0,0x0480C0,0x048100,0x048120,0x048160,
0x048180,0x0481C0,0x048200,0x048220,0x048260,0x048280,0x0482C0,0x0482E0,
0x048320,0x048360,0x048380,0x0483C0,0x0483E0,0x048420,0x048440,0x048480,
0x0484A0,0x0484E0,0x048520,0x048540,0x048580,0x0485A0,0x0485E0,0x048600,
0x048640,0x048680,0x0486A0,0x0486E0,0x048700,0x048740,0x048760,0x0487A0,
0x0487E0,0x048800,0x048840,0x048860,0x0488A0,0x0488C0,0x048900,0x048940,
0x048960,0x0489A0,0x0489C0,0x048A00,0x048A20,0x048A60,0x048AA0,0x048AC0,
0x048B00,0x048B20,0x048B60,0x048B80,0x048BC0,0x048C00,0x048C20,0x048C60,
0x048C80,0x048CC0,0x048CE0,0x048D20,0x048D60,0x048D80,0x048DC0,0x048DE0,
0x048E20,0x048E60,0x048E80,0x048EC0,0x048EE0,0x048F20,0x048F40,0x048F80,
0x048FC0,0x048FE0,0x049020,0x049040,0x049080,0x0490C0,0x0490E0,0x049120,
0x049140,0x049180,0x0491A0,0x0491E0,0x049220,0x049240,0x049280,0x0492A0,
0x0492E0,0x049320,0x049340,0x049380,0x0493A0,0x0493E0,0x049400,0x049440,
0x049480,0x0494A0,0x0494E0,0x049500,0x049540,0x049580,0x0495A0,0x0495E0,
0x049600,0x049640,0x049660,0x0496A0,0x0496E0,0x049700,0x049740,0x049760,
0x0497A0,0x0497E0,0x049800,0x049840,0x049860,0x0498A0,0x0498E0,0x049900,
0x049940,0x049960,0x0499A0,0x0499E0,0x049A00,0x049A40,0x049A60,0x049AA0,
0x049AE0,0x049B00,0x049B40,0x049B60,0x049BA0,0x049BE0,0x049C00,0x049C40,
0x049C60,0x049CA0,0x049CE0,0x049D00,0x049D40,0x049D60,0x049DA0,0x049DE0,
0x049E00,0x049E40,0x049E60,0x049EA0,0x049EE0,0x049F00,0x049F40,0x049F60,
0x049FA0,0x049FE0,0x04A000,0x04A040,0x04A060,0x04A0A0,0x04A0E0,0x04A100,
0x04A140,0x04A160,0x04A1A0,0x04A1E0,0x04A200,0x04A240,0x04A260,0x04A2A0,
0x04A2E0,0x04A300,0x04A340,0x04A360,0x04A3A0,0x04A3E0,0x04A400,0x04A440,
0x04A460,0x04A4A0,0x04A4E0,0x04A500,0x04A540,0x04A580,0x04A5A0,0x04A5E0,
0x04A600,0x04A640,0x04A680,0x04A6A0,0x04A6E0,0x04A700,0x04A740,0x04A780,
0x04A7A0,0x04A7E0,0x04A800,0x04A840,0x04A880,0x04A8A0,0x04A8E0,0x04A920,
0x04A940,0x04A980,0x04A9A0,0x04A9E0,0x04AA20,0x04AA40,0x04AA80,0x04AAA0,
0x04AAE0,0x04AB20,0x04AB40,0x04AB80,0x04ABC0,0x04ABE0,0x04AC20,0x04AC40,
0x04AC80,0x04ACC0,0x04ACE0,0x04AD20,0x04AD60,0x04AD80,0x04ADC0,0x04ADE0,
0x04AE20,0x04AE60,0x04AE80,0x04AEC0,0x04AEE0,0x04AF20,0x04AF60,0x04AF80,
0x04AFC0,0x04B000,0x04B020,0x04B060,0x04B080,0x04B0C0,0x04B100,0x04B120,
0x04B160,0x04B1A0,0x04B1C0,0x04B200,0x04B220,0x04B260,0x04B2A0,0x04B2C0,
0x04B300,0x04B340,0x04B360,0x04B3A0,0x04B3E0,0x04B400,0x04B440,0x04B460,
0x04B4A0,0x04B4E0,0x04B500,0x04B540,0x04B580,0x04B5A0,0x04B5E0,0x04B600,
0x04B640,0x04B680,0x04B6A0,0x04B6E0,0x04B720,0x04B740,0x04B780,0x04B7C0,
0x04B7E0,0x04B820,0x04B840,0x04B880,0x04B8C0,0x04B8E0,0x04B920,0x04B960,
0x04B980,0x04B9C0,0x04BA00,0x04BA20,0x04BA60,0x04BA80,0x04BAC0,0x04BB00,
0x04BB20,0x04BB60,0x04BBA0,0x04BBC0,0x04BC00,0x04BC40,0x04BC60,0x04BCA0,
0x04BCC0,0x04BD00,0x04BD40,0x04BD60,0x04BDA0,0x04BDE0,0x04BE00,0x04BE40,
0x04BE80,0x04BEA0,0x04BEE0,0x04BF20,0x04BF40,0x04BF80,0x04BFC0,0x04BFE0,
0x04C020,0x04C040,0x04C080,0x04C0C0,0x04C0E0,0x04C120,0x04C160,0x04C180,
0x04C1C0,0x04C200,0x04C220,0x04C260,0x04C2A0,0x04C2C0,0x04C300,0x04C340,
0x04C360,0x04C3A0,0x04C3C0,0x04C400,0x04C440,0x04C460,0x04C4A0,0x04C4E0,
0x04C500,0x04C540,0x04C580,0x04C5A0,0x04C5E0,0x04C620,0x04C640,0x04C680,
0x04C6C0,0x04C6E0,0x04C720,0x04C760,0x04C780,0x04C7C0,0x04C800,0x04C820,
0x04C860,0x04C8A0,0x04C8C0,0x04C900,0x04C940,0x04C960,0x04C9A0,0x04C9C0,
0x04CA00,0x04CA40,0x04CA60,0x04CAA0,0x04CAE0,0x04CB00,0x04CB40,0x04CB80,
0x04CBA0,0x04CBE0,0x04CC20,0x04CC40,0x04CC80,0x04CCC0,0x04CCE0,0x04CD20,
0x04CD60,0x04CD80,0x04CDC0,0x04CE00,0x04CE20,0x04CE60,0x04CEA0,0x04CEC0,
0x04CF00,0x04CF40,0x04CF60,0x04CFA0,0x04CFE0,0x04D000,0x04D040,0x04D080,
0x04D0A0,0x04D0E0,0x04D120,0x04D140,0x04D180,0x04D1C0,0x04D1E0,0x04D220,
0x04D260,0x04D280,0x04D2C0,0x04D300,0x04D320,0x04D360,0x04D3A0,0x04D3C0,
0x04D400,0x04D440,0x04D460,0x04D4A0,0x04D4E0,0x04D520,0x04D540,0x04D580,
0x04D5C0,0x04D5E0,0x04D620,0x04D660,0x04D680,0x04D6C0,0x04D700,0x04D720,
0x04D760,0x04D7A0,0x04D7C0,0x04D800,0x04D840,0x04D860,0x04D8A0,0x04D8E0,
0x04D900,0x04D940,0x04D980,0x04D9A0,0x04D9E0,0x04DA20,0x04DA40,0x04DA80,
0x04DAC0,0x04DB00,0x04DB20,0x04DB60,0x04DBA0,0x04DBC0,0x04DC00,0x04DC40,
0x04DC60,0x04DCA0,0x04DCE0,0x04DD00,0x04DD40,0x04DD80,0x04DDA0,0x04DDE0,
0x04DE20,0x04DE40,0x04DE80,0x04DEC0,0x04DF00,0x04DF20,0x04DF60,0x04DFA0,
0x04DFC0,0x04E000,0x04E040,0x04E060,0x04E0A0,0x04E0E0,0x04E100,0x04E140,
0x04E180,0x04E1C0,0x04E1E0,0x04E220,0x04E260,0x04E280,0x04E2C0,0x04E300,
0x04E320,0x04E360,0x04E3A0,0x04E3C0,0x04E400,0x04E440,0x04E480,0x04E4A0,
0x04E4E0,0x04E520,0x04E540,0x04E580,0x04E5C0,0x04E5E0,0x04E620,0x04E660,
0x04E6A0,0x04E6C0,0x04E700,0x04E740,0x04E760,0x04E7A0,0x04E7E0,0x04E800,
0x04E840,0x04E880,0x04E8C0,0x04E8E0,0x04E920,0x04E960,0x04E980,0x04E9C0,
0x04EA00,0x04EA20,0x04EA60,0x04EAA0,0x04EAE0,0x04EB00,0x04EB40,0x04EB80,
0x04EBA0,0x04EBE0,0x04EC20,0x04EC40,0x04EC80,0x04ECC0,0x04ED00,0x04ED20,
0x04ED60,0x04EDA0,0x04EDC0,0x04EE00,0x04EE40,0x04EE80,0x04EEA0,0x04EEE0,
0x04EF20,0x04EF40,0x04EF80,0x04EFC0,0x04F000,0x04F020,0x04F060,0x04F0A0,
0x04F0C0,0x04F100,0x04F140,0x04F160,0x04F1A0,0x04F1E0,0x04F220,0x04F240,
0x04F280,0x04F2C0,0x04F2E0,0x04F320,0x04F360,0x04F3A0,0x04F3C0,0x04F400,
0x04F440,0x04F480,0x04F4A0,0x04F4E0,0x04F520,0x04F540,0x04F580,0x04F5C0,
0x04F600,0x04F620,0x04F660,0x04F6A0,0x04F6C0,0x04F700,0x04F740,0x04F780,
0x04F7A0,0x04F7E0,0x04F820,0x04F840,0x04F880,0x04F8C0,0x04F900,0x04F920,
0x04F960,0x04F9A0,0x04F9E0,0x04FA00,0x04FA40,0x04FA80,0x04FAA0,0x04FAE0,
0x04FB20,0x04FB60,0x04FB80,0x04FBC0,0x04FC00,0x04FC40,0x04FC60,0x04FCA0,
0x04FCE0,0x04FD00,0x04FD40,0x04FD80,0x04FDC0,0x04FDE0,0x04FE20,0x04FE60,
0x04FEA0,0x04FEC0,0x04FF00,0x04FF40,0x04FF60,0x04FFA0,0x04FFE0,0x050020,
0x050040,0x050080,0x0500C0,0x050100,0x050120,0x050160,0x0501A0,0x0501E0,
0x050200,0x050240,0x050280,0x0502A0,0x0502E0,0x050320,0x050360,0x050380,
0x0503C0,0x050400,0x050440,0x050460,0x0504A0,0x0504E0,0x050520,0x050540,
0x050580,0x0505C0,0x050600,0x050620,0x050660,0x0506A0,0x0506E0,0x050700,
0x050740,0x050780,0x0507A0,0x0507E0,0x050820,0x050860,0x050880,0x0508C0,
0x050900,0x050940,0x050960,0x0509A0,0x0509E0,0x050A20,0x050A40,0x050A80,
0x050AC0,0x050B00,0x050B20,0x050B60,0x050BA0,0x050BE0,0x050C00,0x050C40,
0x050C80,0x050CC0,0x050CE0,0x050D20,0x050D60,0x050DA0,0x050DC0,0x050E00,
0x050E40,0x050E80,0x050EA0,0x050EE0,0x050F20,0x050F60,0x050F80,0x050FC0,
0x051000,0x051040,0x051060,0x0510A0,0x0510E0,0x051120,0x051140,0x051180,
0x0511C0,0x051200,0x051240,0x051260,0x0512A0,0x0512E0,0x051320,0x051340,
0x051380,0x0513C0,0x051400,0x051420,0x051460,0x0514A0,0x0514E0,0x051500,
0x051540,0x051580,0x0515C0,0x0515E0,0x051620,0x051660,0x0516A0,0x0516C0,
0x051700,0x051740,0x051780,0x0517C0,0x0517E0,0x051820,0x051860,0x0518A0,
0x0518C0,0x051900,0x051940,0x051980,0x0519A0,0x0519E0,0x051A20,0x051A60,
0x051AA0,0x051AC0,0x051B00,0x051B40,0x051B80,0x051BA0,0x051BE0,0x051C20,
0x051C60,0x051C80,0x051CC0,0x051D00,0x051D40,0x051D80,0x051DA0,0x051DE0,
0x051E20,0x051E60,0x051E80,0x051EC0,0x051F00,0x051F40,0x051F80,0x051FA0,
0x051FE0,0x052020,0x052060,0x052080,0x0520C0,0x052100,0x052140,0x052160,
0x0521A0,0x0521E0,0x052220,0x052260,0x052280,0x0522C0,0x052300,0x052340,
0x052380,0x0523A0,0x0523E0,0x052420,0x052460,0x052480,0x0524C0,0x052500,
0x052540,0x052580,0x0525A0,0x0525E0,0x052620,0x052660,0x052680,0x0526C0,
0x052700,0x052740,0x052780,0x0527A0,0x0527E0,0x052820,0x052860,0x0528A0,
0x0528C0,0x052900,0x052940,0x052980,0x0529A0,0x0529E0,0x052A20,0x052A60,
0x052AA0,0x052AC0,0x052B00,0x052B40,0x052B80,0x052BC0,0x052BE0,0x052C20,
0x052C60,0x052CA0,0x052CE0,0x052D00,0x052D40,0x052D80,0x052DC0,0x052E00,
0x052E20,0x052E60,0x052EA0,0x052EE0,0x052F20,0x052F40,0x052F80,0x052FC0,
0x053000,0x053040,0x053060,0x0530A0,0x0530E0,0x053120,0x053160,0x053180,
0x0531C0,0x053200,0x053240,0x053280,0x0532A0,0x0532E0,0x053320,0x053360,
0x0533A0,0x0533C0,0x053400,0x053440,0x053480,0x0534C0,0x0534E0,0x053520,
0x053560,0x0535A0,0x0535E0,0x053600,0x053640,0x053680,0x0536C0,0x053700,
0x053720,0x053760,0x0537A0,0x0537E0,0x053820,0x053840,0x053880,0x0538C0,
0x053900,0x053940,0x053960,0x0539A0,0x0539E0,0x053A20,0x053A60,0x053AA0,
0x053AC0,0x053B00,0x053B40,0x053B80,0x053BC0,0x053BE0,0x053C20,0x053C60,
0x053CA0,0x053CE0,0x053D00,0x053D40,0x053D80,0x053DC0,0x053E00,0x053E40,
0x053E60,0x053EA0,0x053EE0,0x053F20,0x053F60,0x053F80,0x053FC0,0x054000,
0x054040,0x054080,0x0540C0,0x0540E0,0x054120,0x054160,0x0541A0,0x0541E0,
0x054220,0x054240,0x054280,0x0542C0,0x054300,0x054340,0x054360,0x0543A0,
0x0543E0,0x054420,0x054460,0x0544A0,0x0544C0,0x054500,0x054540,0x054580,
0x0545C0,0x054600,0x054620,0x054660,0x0546A0,0x0546E0,0x054720,0x054760,
0x054780,0x0547C0,0x054800,0x054840,0x054880,0x0548A0,0x0548E0,0x054920,
0x054960,0x0549A0,0x0549E0,0x054A00,0x054A40,0x054A80,0x054AC0,0x054B00,
0x054B40,0x054B60,0x054BA0,0x054BE0,0x054C20,0x054C60,0x054CA0,0x054CE0,
0x054D00,0x054D40,0x054D80,0x054DC0,0x054E00,0x054E40,0x054E60,0x054EA0,
0x054EE0,0x054F20,0x054F60,0x054FA0,0x054FC0,0x055000,0x055040,0x055080,
0x0550C0,0x055100,0x055120,0x055160,0x0551A0,0x0551E0,0x055220,0x055260,
0x0552A0,0x0552C0,0x055300,0x055340,0x055380,0x0553C0,0x055400,0x055420,
0x055460,0x0554A0,0x0554E0,0x055520,0x055560,0x0555A0,0x0555C0,0x055600,
0x055640,0x055680,0x0556C0,0x055700,0x055720,0x055760,0x0557A0,0x0557E0,
0x055820,0x055860,0x0558A0,0x0558C0,0x055900,0x055940,0x055980,0x0559C0,
0x055A00,0x055A40,0x055A60,0x055AA0,0x055AE0,0x055B20,0x055B60,0x055BA0,
0x055BE0,0x055C00,0x055C40,0x055C80,0x055CC0,0x055D00,0x055D40,0x055D80,
0x055DA0,0x055DE0,0x055E20,0x055E60,0x055EA0,0x055EE0,0x055F20,0x055F40,
0x055F80,0x055FC0,0x056000,0x056040,0x056080,0x0560C0,0x0560E0,0x056120,
0x056160,0x0561A0,0x0561E0,0x056220,0x056260,0x0562A0,0x0562C0,0x056300,
0x056340,0x056380,0x0563C0,0x056400,0x056440,0x056460,0x0564A0,0x0564E0,
0x056520,0x056560,0x0565A0,0x0565E0,0x056620,0x056640,0x056680,0x0566C0,
0x056700,0x056740,0x056780,0x0567C0,0x056800,0x056820,0x056860,0x0568A0,
0x0568E0,0x056920,0x056960,0x0569A0,0x0569E0,0x056A00,0x056A40,0x056A80,
0x056AC0,0x056B00,0x056B40,0x056B80,0x056BC0,0x056BE0,0x056C20,0x056C60,
0x056CA0,0x056CE0,0x056D20,0x056D60,0x056DA0,0x056DC0,0x056E00,0x056E40,
0x056E80,0x056EC0,0x056F00,0x056F40,0x056F80,0x056FC0,0x056FE0,0x057020,
0x057060,0x0570A0,0x0570E0,0x057120,0x057160,0x0571A0,0x0571E0,0x057200,
0x057240,0x057280,0x0572C0,0x057300,0x057340,0x057380,0x0573C0,0x057400,
0x057420,0x057460,0x0574A0,0x0574E0,0x057520,0x057560,0x0575A0,0x0575E0,
0x057620,0x057640,0x057680,0x0576C0,0x057700,0x057740,0x057780,0x0577C0,
0x057800,0x057840,0x057860,0x0578A0,0x0578E0,0x057920,0x057960,0x0579A0,
0x0579E0,0x057A20,0x057A60,0x057AA0,0x057AC0,0x057B00,0x057B40,0x057B80,
0x057BC0,0x057C00,0x057C40,0x057C80,0x057CC0,0x057D00,0x057D20,0x057D60,
0x057DA0,0x057DE0,0x057E20,0x057E60,0x057EA0,0x057EE0,0x057F20,0x057F60,
0x057FA0,0x057FC0,0x058000,0x058040,0x058080,0x0580C0,0x058100,0x058140,
0x058180,0x0581C0,0x058200,0x058220,0x058260,0x0582A0,0x0582E0,0x058320,
0x058360,0x0583A0,0x0583E0,0x058420,0x058460,0x0584A0,0x0584E0,0x058500,
0x058540,0x058580,0x0585C0,0x058600,0x058640,0x058680,0x0586C0,0x058700,
0x058740,0x058780,0x0587A0,0x0587E0,0x058820,0x058860,0x0588A0,0x0588E0,
0x058920,0x058960,0x0589A0,0x0589E0,0x058A20,0x058A60,0x058AA0,0x058AC0,
0x058B00,0x058B40,0x058B80,0x058BC0,0x058C00,0x058C40,0x058C80,0x058CC0,
0x058D00,0x058D40,0x058D80,0x058DC0,0x058DE0,0x058E20,0x058E60,0x058EA0,
0x058EE0,0x058F20,0x058F60,0x058FA0,0x058FE0,0x059020,0x059060,0x0590A0,
0x0590E0,0x059100,0x059140,0x059180,0x0591C0,0x059200,0x059240,0x059280,
0x0592C0,0x059300,0x059340,0x059380,0x0593C0,0x059400,0x059440,0x059480,
0x0594A0,0x0594E0,0x059520,0x059560,0x0595A0,0x0595E0,0x059620,0x059660,
0x0596A0,0x0596E0,0x059720,0x059760,0x0597A0,0x0597E0,0x059820,0x059860,
0x059880,0x0598C0,0x059900,0x059940,0x059980,0x0599C0,0x059A00,0x059A40,
0x059A80,0x059AC0,0x059B00,0x059B40,0x059B80,0x059BC0,0x059C00,0x059C40,
0x059C80,0x059CA0,0x059CE0,0x059D20,0x059D60,0x059DA0,0x059DE0,0x059E20,
0x059E60,0x059EA0,0x059EE0,0x059F20,0x059F60,0x059FA0,0x059FE0,0x05A020,
0x05A060,0x05A0A0,0x05A0E0,0x05A120,0x05A140,0x05A180,0x05A1C0,0x05A200,
0x05A240,0x05A280,0x05A2C0,0x05A300,0x05A340,0x05A380,0x05A3C0,0x05A400,
0x05A440,0x05A480,0x05A4C0,0x05A500,0x05A540,0x05A580,0x05A5C0,0x05A600,
0x05A640,0x05A680,0x05A6A0,0x05A6E0,0x05A720,0x05A760,0x05A7A0,0x05A7E0,
0x05A820,0x05A860,0x05A8A0,0x05A8E0,0x05A920,0x05A960,0x05A9A0,0x05A9E0,
0x05AA20,0x05AA60,0x05AAA0,0x05AAE0,0x05AB20,0x05AB60,0x05ABA0,0x05ABE0,
0x05AC20,0x05AC60,0x05ACA0,0x05ACE0,0x05AD20,0x05AD40,0x05AD80,0x05ADC0,
0x05AE00,0x05AE40,0x05AE80,0x05AEC0,0x05AF00,0x05AF40,0x05AF80,0x05AFC0,
0x05B000,0x05B040,0x05B080,0x05B0C0,0x05B100,0x05B140,0x05B180,0x05B1C0,
0x05B200,0x05B240,0x05B280,0x05B2C0,0x05B300,0x05B340,0x05B380,0x05B3C0,
0x05B400,0x05B440,0x05B480,0x05B4C0,0x05B500,0x05B540,0x05B580,0x05B5C0,
0x05B600,0x05B640,0x05B680,0x05B6A0,0x05B6E0,0x05B720,0x05B760,0x05B7A0,
0x05B7E0,0x05B820,0x05B860,0x05B8A0,0x05B8E0,0x05B920,0x05B960,0x05B9A0,
0x05B9E0,0x05BA20,0x05BA60,0x05BAA0,0x05BAE0,0x05BB20,0x05BB60,0x05BBA0,
0x05BBE0,0x05BC20,0x05BC60,0x05BCA0,0x05BCE0,0x05BD20,0x05BD60,0x05BDA0,
0x05BDE0,0x05BE20,0x05BE60,0x05BEA0,0x05BEE0,0x05BF20,0x05BF60,0x05BFA0,
0x05BFE0,0x05C020,0x05C060,0x05C0A0,0x05C0E0,0x05C120,0x05C160,0x05C1A0,
0x05C1E0,0x05C220,0x05C260,0x05C2A0,0x05C2E0,0x05C320,0x05C360,0x05C3A0,
0x05C3E0,0x05C420,0x05C460,0x05C4A0,0x05C4E0,0x05C520,0x05C560,0x05C5A0,
0x05C5E0,0x05C620,0x05C660,0x05C6A0,0x05C6E0,0x05C720,0x05C760,0x05C7A0,
0x05C7E0,0x05C820,0x05C860,0x05C8A0,0x05C8E0,0x05C920,0x05C960,0x05C9A0,
0x05C9E0,0x05CA20,0x05CA60,0x05CAA0,0x05CAE0,0x05CB20,0x05CB60,0x05CBA0,
0x05CBE0,0x05CC20,0x05CC60,0x05CCA0,0x05CCE0,0x05CD20,0x05CD60,0x05CDA0,
0x05CDE0,0x05CE20,0x05CE60,0x05CEA0,0x05CEE0,0x05CF20,0x05CF60,0x05CFA0,
0x05CFE0,0x05D020,0x05D060,0x05D0A0,0x05D0E0,0x05D120,0x05D160,0x05D1A0,
0x05D1E0,0x05D220,0x05D260,0x05D2A0,0x05D2E0,0x05D320,0x05D360,0x05D3A0,
0x05D3E0,0x05D420,0x05D480,0x05D4C0,0x05D500,0x05D540,0x05D580,0x05D5C0,
0x05D600,0x05D640,0x05D680,0x05D6C0,0x05D700,0x05D740,0x05D780,0x05D7C0,
0x05D800,0x05D840,0x05D880,0x05D8C0,0x05D900,0x05D940,0x05D980,0x05D9C0,
0x05DA00,0x05DA40,0x05DA80,0x05DAC0,0x05DB00,0x05DB40,0x05DB80,0x05DBC0,
0x05DC00,0x05DC40,0x05DC80,0x05DCC0,0x05DD00,0x05DD40,0x05DD80,0x05DDE0,
0x05DE20,0x05DE60,0x05DEA0,0x05DEE0,0x05DF20,0x05DF60,0x05DFA0,0x05DFE0,
0x05E020,0x05E060,0x05E0A0,0x05E0E0,0x05E120,0x05E160,0x05E1A0,0x05E1E0,
0x05E220,0x05E260,0x05E2A0,0x05E2E0,0x05E320,0x05E360,0x05E3A0,0x05E3E0,
0x05E420,0x05E460,0x05E4C0,0x05E500,0x05E540,0x05E580,0x05E5C0,0x05E600,
0x05E640,0x05E680,0x05E6C0,0x05E700,0x05E740,0x05E780,0x05E7C0,0x05E800,
0x05E840,0x05E880,0x05E8C0,0x05E900,0x05E940,0x05E980,0x05E9C0,0x05EA00,
0x05EA60,0x05EAA0,0x05EAE0,0x05EB20,0x05EB60,0x05EBA0,0x05EBE0,0x05EC20,
0x05EC60,0x05ECA0,0x05ECE0,0x05ED20,0x05ED60,0x05EDA0,0x05EDE0,0x05EE20,
0x05EE60,0x05EEA0,0x05EF00,0x05EF40,0x05EF80,0x05EFC0,0x05F000,0x05F040,
0x05F080,0x05F0C0,0x05F100,0x05F140,0x05F180,0x05F1C0,0x05F200,0x05F240,
0x05F280,0x05F2C0,0x05F300,0x05F360,0x05F3A0,0x05F3E0,0x05F420,0x05F460,
0x05F4A0,0x05F4E0,0x05F520,0x05F560,0x05F5A0,0x05F5E0,0x05F620,0x05F660,
0x05F6A0,0x05F6E0,0x05F720,0x05F780,0x05F7C0,0x05F800,0x05F840,0x05F880,
0x05F8C0,0x05F900,0x05F940,0x05F980,0x05F9C0,0x05FA00,0x05FA40,0x05FA80,
0x05FAC0,0x05FB20,0x05FB60,0x05FBA0,0x05FBE0,0x05FC20,0x05FC60,0x05FCA0,
0x05FCE0,0x05FD20,0x05FD60,0x05FDA0,0x05FDE0,0x05FE20,0x05FE80,0x05FEC0,
0x05FF00,0x05FF40,0x05FF80,0x05FFC0,0x060000,0x060040,0x060080,0x0600C0,
0x060100,0x060140,0x060180,0x0601E0,0x060220,0x060260,0x0602A0,0x0602E0,
0x060320,0x060360,0x0603A0,0x0603E0,0x060420,0x060460,0x0604A0,0x060500,
0x060540,0x060580,0x0605C0,0x060600,0x060640,0x060680,0x0606C0,0x060700,
0x060740,0x060780,0x0607E0,0x060820,0x060860,0x0608A0,0x0608E0,0x060920,
0x060960,0x0609A0,0x0609E0,0x060A20,0x060A60,0x060AC0,0x060B00,0x060B40,
0x060B80,0x060BC0,0x060C00,0x060C40,0x060C80,0x060CC0,0x060D00,0x060D40,
0x060DA0,0x060DE0,0x060E20,0x060E60,0x060EA0,0x060EE0,0x060F20,0x060F60,
0x060FA0,0x060FE0,0x061040,0x061080,0x0610C0,0x061100,0x061140,0x061180,
0x0611C0,0x061200,0x061240,0x0612A0,0x0612E0,0x061320,0x061360,0x0613A0,
0x0613E0,0x061420,0x061460,0x0614A0,0x0614E0,0x061540,0x061580,0x0615C0,
0x061600,0x061640,0x061680,0x0616C0,0x061700,0x061740,0x0617A0,0x0617E0,
0x061820,0x061860,0x0618A0,0x0618E0,0x061920,0x061960,0x0619A0,0x061A00,
0x061A40,0x061A80,0x061AC0,0x061B00,0x061B40,0x061B80,0x061BC0,0x061C20,
0x061C60,0x061CA0,0x061CE0,0x061D20,0x061D60,0x061DA0,0x061DE0,0x061E20,
0x061E80,0x061EC0,0x061F00,0x061F40,0x061F80,0x061FC0,0x062000,0x062040,
0x0620A0,0x0620E0,0x062120,0x062160,0x0621A0,0x0621E0,0x062220,0x062260,
0x0622C0,0x062300,0x062340,0x062380,0x0623C0,0x062400,0x062440,0x062480,
0x0624E0,0x062520,0x062560,0x0625A0,0x0625E0,0x062620,0x062660,0x0626A0,
0x062700,0x062740,0x062780,0x0627C0,0x062800,0x062840,0x062880,0x0628E0,
0x062920,0x062960,0x0629A0,0x0629E0,0x062A20,0x062A60,0x062AC0,0x062B00,
0x062B40,0x062B80,0x062BC0,0x062C00,0x062C40,0x062C80,0x062CE0,0x062D20,
0x062D60,0x062DA0,0x062DE0,0x062E20,0x062E60,0x062EC0,0x062F00,0x062F40,
0x062F80,0x062FC0,0x063000,0x063040,0x0630A0,0x0630E0,0x063120,0x063160,
0x0631A0,0x0631E0,0x063240,0x063280,0x0632C0,0x063300,0x063340,0x063380,
0x0633C0,0x063420,0x063460,0x0634A0,0x0634E0,0x063520,0x063560,0x0635A0,
0x063600,0x063640,0x063680,0x0636C0,0x063700,0x063740,0x0637A0,0x0637E0,
0x063820,0x063860,0x0638A0,0x0638E0,0x063920,0x063980,0x0639C0,0x063A00,
0x063A40,0x063A80,0x063AC0,0x063B20,0x063B60,0x063BA0,0x063BE0,0x063C20,
0x063C60,0x063CC0,0x063D00,0x063D40,0x063D80,0x063DC0,0x063E00,0x063E60,
0x063EA0,0x063EE0,0x063F20,0x063F60,0x063FA0,0x063FE0,0x064040,0x064080,
0x0640C0,0x064100,0x064140,0x064180,0x0641E0,0x064220,0x064260,0x0642A0,
0x0642E0,0x064340,0x064380,0x0643C0,0x064400,0x064440,0x064480,0x0644E0,
0x064520,0x064560,0x0645A0,0x0645E0,0x064620,0x064680,0x0646C0,0x064700,
0x064740,0x064780,0x0647C0,0x064820,0x064860,0x0648A0,0x0648E0,0x064920,
0x064980,0x0649C0,0x064A00,0x064A40,0x064A80,0x064AC0,0x064B20,0x064B60,
0x064BA0,0x064BE0,0x064C20,0x064C80,0x064CC0,0x064D00,0x064D40,0x064D80,
0x064DC0,0x064E20,0x064E60,0x064EA0,0x064EE0,0x064F20,0x064F80,0x064FC0,
0x065000,0x065040,0x065080,0x0650C0,0x065120,0x065160,0x0651A0,0x0651E0,
0x065220,0x065280,0x0652C0,0x065300,0x065340,0x065380,0x0653E0,0x065420,
0x065460,0x0654A0,0x0654E0,0x065540,0x065580,0x0655C0,0x065600,0x065640,
0x0656A0,0x0656E0,0x065720,0x065760,0x0657A0,0x065800,0x065840,0x065880,
0x0658C0,0x065900,0x065960,0x0659A0,0x0659E0,0x065A20,0x065A60,0x065AC0,
0x065B00,0x065B40,0x065B80,0x065BC0,0x065C20,0x065C60,0x065CA0,0x065CE0,
0x065D20,0x065D80,0x065DC0,0x065E00,0x065E40,0x065E80,0x065EE0,0x065F20,
0x065F60,0x065FA0,0x065FE0,0x066040,0x066080,0x0660C0,0x066100,0x066140,
0x0661A0,0x0661E0,0x066220,0x066260,0x0662C0,0x066300,0x066340,0x066380,
0x0663C0,0x066420,0x066460,0x0664A0,0x0664E0,0x066520,0x066580,0x0665C0,
0x066600,0x066640,0x0666A0,0x0666E0,0x066720,0x066760,0x0667A0,0x066800,
0x066840,0x066880,0x0668C0,0x066920,0x066960,0x0669A0,0x0669E0,0x066A20,
0x066A80,0x066AC0,0x066B00,0x066B40,0x066BA0,0x066BE0,0x066C20,0x066C60,
0x066CA0,0x066D00,0x066D40,0x066D80,0x066DC0,0x066E20,0x066E60,0x066EA0,
0x066EE0,0x066F40,0x066F80,0x066FC0,0x067000,0x067040,0x0670A0,0x0670E0,
0x067120,0x067160,0x0671C0,0x067200,0x067240,0x067280,0x0672E0,0x067320,
0x067360,0x0673A0,0x0673E0,0x067440,0x067480,0x0674C0,0x067500,0x067560,
0x0675A0,0x0675E0,0x067620,0x067680,0x0676C0,0x067700,0x067740,0x0677A0,
0x0677E0,0x067820,0x067860,0x0678C0,0x067900,0x067940,0x067980,0x0679E0,
0x067A20,0x067A60,0x067AA0,0x067B00,0x067B40,0x067B80,0x067BC0,0x067C00,
0x067C60,0x067CA0,0x067CE0,0x067D20,0x067D80,0x067DC0,0x067E00,0x067E40,
0x067EA0,0x067EE0,0x067F20,0x067F60,0x067FC0,0x068000,0x068040,0x0680A0,
0x0680E0,0x068120,0x068160,0x0681C0,0x068200,0x068240,0x068280,0x0682E0,
0x068320,0x068360,0x0683A0,0x068400,0x068440,0x068480,0x0684C0,0x068520,
0x068560,0x0685A0,0x0685E0,0x068640,0x068680,0x0686C0,0x068700,0x068760,
0x0687A0,0x0687E0,0x068820,0x068880,0x0688C0,0x068900,0x068960,0x0689A0,
0x0689E0,0x068A20,0x068A80,0x068AC0,0x068B00,0x068B40,0x068BA0,0x068BE0,
0x068C20,0x068C60,0x068CC0,0x068D00,0x068D40,0x068DA0,0x068DE0,0x068E20,
0x068E60,0x068EC0,0x068F00,0x068F40,0x068F80,0x068FE0,0x069020,0x069060,
0x0690C0,0x069100,0x069140,0x069180,0x0691E0,0x069220,0x069260,0x0692C0,
0x069300,0x069340,0x069380,0x0693E0,0x069420,0x069460,0x0694A0,0x069500,
0x069540,0x069580,0x0695E0,0x069620,0x069660,0x0696A0,0x069700,0x069740,
0x069780,0x0697E0,0x069820,0x069860,0x0698A0,0x069900,0x069940,0x069980,
0x0699E0,0x069A20,0x069A60,0x069AA0,0x069B00,0x069B40,0x069B80,0x069BE0,
0x069C20,0x069C60,0x069CA0,0x069D00,0x069D40,0x069D80,0x069DE0,0x069E20,
0x069E60,0x069EC0,0x069F00,0x069F40,0x069F80,0x069FE0,0x06A020,0x06A060,
0x06A0C0,0x06A100,0x06A140,0x06A180,0x06A1E0,0x06A220,0x06A260,0x06A2C0,
0x06A300,0x06A340,0x06A3A0,0x06A3E0,0x06A420,0x06A460,0x06A4C0,0x06A500,
0x06A540,0x06A5A0,0x06A5E0,0x06A620,0x06A680,0x06A6C0,0x06A700,0x06A760,
0x06A7A0,0x06A7E0,0x06A820,0x06A880,0x06A8C0,0x06A900,0x06A960,0x06A9A0,
0x06A9E0,0x06AA40,0x06AA80,0x06AAC0,0x06AB20,0x06AB60,0x06ABA0,0x06ABE0,
0x06AC40,0x06AC80,0x06ACC0,0x06AD20,0x06AD60,0x06ADA0,0x06AE00,0x06AE40,
0x06AE80,0x06AEE0,0x06AF20,0x06AF60,0x06AFC0,0x06B000,0x06B040,0x06B0A0,
0x06B0E0,0x06B120,0x06B160,0x06B1C0,0x06B200,0x06B240,0x06B2A0,0x06B2E0,
0x06B320,0x06B380,0x06B3C0,0x06B400,0x06B460,0x06B4A0,0x06B4E0,0x06B540,
0x06B580,0x06B5C0,0x06B620,0x06B660,0x06B6A0,0x06B700,0x06B740,0x06B780,
0x06B7E0,0x06B820,0x06B860,0x06B8C0,0x06B900,0x06B940,0x06B9A0,0x06B9E0,
0x06BA20,0x06BA80,0x06BAC0,0x06BB00,0x06BB60,0x06BBA0,0x06BBE0,0x06BC40,
0x06BC80,0x06BCC0,0x06BD20,0x06BD60,0x06BDA0,0x06BE00,0x06BE40,0x06BE80,
0x06BEE0,0x06BF20,0x06BF60,0x06BFC0,0x06C000,0x06C040,0x06C0A0,0x06C0E0,
0x06C120,0x06C180,0x06C1C0,0x06C200,0x06C260,0x06C2A0,0x06C2E0,0x06C340,
0x06C380,0x06C3C0,0x06C420,0x06C460,0x06C4A0,0x06C500,0x06C540,0x06C580,
0x06C5E0,0x06C620,0x06C680,0x06C6C0,0x06C700,0x06C760,0x06C7A0,0x06C7E0,
0x06C840,0x06C880,0x06C8C0,0x06C920,0x06C960,0x06C9A0,0x06CA00,0x06CA40,
0x06CA80,0x06CAE0,0x06CB20,0x06CB60,0x06CBC0,0x06CC00,0x06CC60,0x06CCA0,
0x06CCE0,0x06CD40,0x06CD80,0x06CDC0,0x06CE20,0x06CE60,0x06CEA0,0x06CF00,
0x06CF40,0x06CF80,0x06CFE0,0x06D020,0x06D080,0x06D0C0,0x06D100,0x06D160,
0x06D1A0,0x06D1E0,0x06D240,0x06D280,0x06D2C0,0x06D320,0x06D360,0x06D3C0,
0x06D400,0x06D440,0x06D4A0,0x06D4E0,0x06D520,0x06D580,0x06D5C0,0x06D620,
0x06D660,0x06D6A0,0x06D700,0x06D740,0x06D780,0x06D7E0,0x06D820,0x06D860,
0x06D8C0,0x06D900,0x06D960,0x06D9A0,0x06D9E0,0x06DA40,0x06DA80,0x06DAC0,
0x06DB20,0x06DB60,0x06DBC0,0x06DC00,0x06DC40,0x06DCA0,0x06DCE0,0x06DD40,
0x06DD80,0x06DDC0,0x06DE20,0x06DE60,0x06DEA0,0x06DF00,0x06DF40,0x06DFA0,
0x06DFE0,0x06E020,0x06E080,0x06E0C0,0x06E100,0x06E160,0x06E1A0,0x06E200,
0x06E240,0x06E280,0x06E2E0,0x06E320,0x06E380,0x06E3C0,0x06E400,0x06E460,
0x06E4A0,0x06E4E0,0x06E540,0x06E580,0x06E5E0,0x06E620,0x06E660,0x06E6C0,
0x06E700,0x06E760,0x06E7A0,0x06E7E0,0x06E840,0x06E880,0x06E8E0,0x06E920,
0x06E960,0x06E9C0,0x06EA00,0x06EA60,0x06EAA0,0x06EAE0,0x06EB40,0x06EB80,
0x06EBE0,0x06EC20,0x06EC60,0x06ECC0,0x06ED00,0x06ED60,0x06EDA0,0x06EDE0,
0x06EE40,0x06EE80,0x06EEE0,0x06EF20,0x06EF60,0x06EFC0,0x06F000,0x06F060,
0x06F0A0,0x06F0E0,0x06F140,0x06F180,0x06F1E0,0x06F220,0x06F260,0x06F2C0,
0x06F300,0x06F360,0x06F3A0,0x06F3E0,0x06F440,0x06F480,0x06F4E0,0x06F520,
0x06F580,0x06F5C0,0x06F600,0x06F660,0x06F6A0,0x06F700,0x06F740,0x06F780,
0x06F7E0,0x06F820,0x06F880,0x06F8C0,0x06F900,0x06F960,0x06F9A0,0x06FA00,
0x06FA40,0x06FAA0,0x06FAE0,0x06FB20,0x06FB80,0x06FBC0,0x06FC20,0x06FC60,
0x06FCC0,0x06FD00,0x06FD40,0x06FDA0,0x06FDE0,0x06FE40,0x06FE80,0x06FEC0,
0x06FF20,0x06FF60,0x06FFC0,0x070000,0x070060,0x0700A0,0x0700E0,0x070140,
0x070180,0x0701E0,0x070220,0x070280,0x0702C0,0x070300,0x070360,0x0703A0,
0x070400,0x070440,0x0704A0,0x0704E0,0x070520,0x070580,0x0705C0,0x070620,
0x070660,0x0706C0,0x070700,0x070760,0x0707A0,0x0707E0,0x070840,0x070880,
0x0708E0,0x070920,0x070980,0x0709C0,0x070A00,0x070A60,0x070AA0,0x070B00,
0x070B40,0x070BA0,0x070BE0,0x070C40,0x070C80,0x070CC0,0x070D20,0x070D60,
0x070DC0,0x070E00,0x070E60,0x070EA0,0x070F00,0x070F40,0x070F80,0x070FE0,
0x071020,0x071080,0x0710C0,0x071120,0x071160,0x0711C0,0x071200,0x071240,
0x0712A0,0x0712E0,0x071340,0x071380,0x0713E0,0x071420,0x071480,0x0714C0,
0x071520,0x071560,0x0715A0,0x071600,0x071640,0x0716A0,0x0716E0,0x071740,
0x071780,0x0717E0,0x071820,0x071880,0x0718C0,0x071920,0x071960,0x0719A0,
0x071A00,0x071A40,0x071AA0,0x071AE0,0x071B40,0x071B80,0x071BE0,0x071C20,
0x071C80,0x071CC0,0x071D20,0x071D60,0x071DA0,0x071E00,0x071E40,0x071EA0,
0x071EE0,0x071F40,0x071F80,0x071FE0,0x072020,0x072080,0x0720C0,0x072120,
0x072160,0x0721C0,0x072200,0x072240,0x0722A0,0x0722E0,0x072340,0x072380,
0x0723E0,0x072420,0x072480,0x0724C0,0x072520,0x072560,0x0725C0,0x072600,
0x072660,0x0726A0,0x072700,0x072740,0x0727A0,0x0727E0,0x072840,0x072880,
0x0728E0,0x072920,0x072960,0x0729C0,0x072A00,0x072A60,0x072AA0,0x072B00,
0x072B40,0x072BA0,0x072BE0,0x072C40,0x072C80,0x072CE0,0x072D20,0x072D80,
0x072DC0,0x072E20,0x072E60,0x072EC0,0x072F00,0x072F60,0x072FA0,0x073000,
0x073040,0x0730A0,0x0730E0,0x073140,0x073180,0x0731E0,0x073220,0x073280,
0x0732C0,0x073320,0x073360,0x0733C0,0x073400,0x073460,0x0734A0,0x073500,
0x073540,0x0735A0,0x0735E0,0x073640,0x073680,0x0736E0,0x073720,0x073780,
0x0737C0,0x073820,0x073860,0x0738C0,0x073900,0x073960,0x0739A0,0x073A00,
0x073A40,0x073AA0,0x073AE0,0x073B40,0x073B80,0x073BE0,0x073C20,0x073C80,
0x073CC0,0x073D20,0x073D60,0x073DC0,0x073E00,0x073E60,0x073EA0,0x073F00,
0x073F40,0x073FA0,0x073FE0,0x074040,0x074080,0x0740E0,0x074120,0x074180,
0x0741C0,0x074220,0x074260,0x0742C0,0x074300,0x074360,0x0743A0,0x074400,
0x074440,0x0744A0,0x074500,0x074540,0x0745A0,0x0745E0,0x074640,0x074680,
0x0746E0,0x074720,0x074780,0x0747C0,0x074820,0x074860,0x0748C0,0x074900,
0x074960,0x0749A0,0x074A00,0x074A40,0x074AA0,0x074AE0,0x074B40,0x074BA0,
0x074BE0,0x074C40,0x074C80,0x074CE0,0x074D20,0x074D80,0x074DC0,0x074E20,
0x074E60,0x074EC0,0x074F00,0x074F60,0x074FA0,0x075000,0x075040,0x0750A0,
0x075100,0x075140,0x0751A0,0x0751E0,0x075240,0x075280,0x0752E0,0x075320,
0x075380,0x0753C0,0x075420,0x075460,0x0754C0,0x075520,0x075560,0x0755C0,
0x075600,0x075660,0x0756A0,0x075700,0x075740,0x0757A0,0x0757E0,0x075840,
0x0758A0,0x0758E0,0x075940,0x075980,0x0759E0,0x075A20,0x075A80,0x075AC0,
0x075B20,0x075B60,0x075BC0,0x075C20,0x075C60,0x075CC0,0x075D00,0x075D60,
0x075DA0,0x075E00,0x075E40,0x075EA0,0x075F00,0x075F40,0x075FA0,0x075FE0,
0x076040,0x076080,0x0760E0,0x076120,0x076180,0x0761E0,0x076220,0x076280,
0x0762C0,0x076320,0x076360,0x0763C0,0x076400,0x076460,0x0764C0,0x076500,
0x076560,0x0765A0,0x076600,0x076640,0x0766A0,0x076700,0x076740,0x0767A0,
0x0767E0,0x076840,0x076880,0x0768E0,0x076940,0x076980,0x0769E0,0x076A20,
0x076A80,0x076AC0,0x076B20,0x076B80,0x076BC0,0x076C20,0x076C60,0x076CC0,
0x076D00,0x076D60,0x076DC0,0x076E00,0x076E60,0x076EA0,0x076F00,0x076F40,
0x076FA0,0x077000,0x077040,0x0770A0,0x0770E0,0x077140,0x077180,0x0771E0,
0x077240,0x077280,0x0772E0,0x077320,0x077380,0x0773E0,0x077420,0x077480,
0x0774C0,0x077520,0x077560,0x0775C0,0x077620,0x077660,0x0776C0,0x077700,
0x077760,0x0777C0,0x077800,0x077860,0x0778A0,0x077900,0x077940,0x0779A0,
0x077A00,0x077A40,0x077AA0,0x077AE0,0x077B40,0x077BA0,0x077BE0,0x077C40,
0x077C80,0x077CE0,0x077D40,0x077D80,0x077DE0,0x077E20,0x077E80,0x077EE0,
0x077F20,0x077F80,0x077FC0,0x078020,0x078080,0x0780C0,0x078120,0x078160,
0x0781C0,0x078220,0x078260,0x0782C0,0x078300,0x078360,0x0783C0,0x078400,
0x078460,0x0784A0,0x078500,0x078560,0x0785A0,0x078600,0x078640,0x0786A0,
0x078700,0x078740,0x0787A0,0x0787E0,0x078840,0x0788A0,0x0788E0,0x078940,
0x0789A0,0x0789E0,0x078A40,0x078A80,0x078AE0,0x078B40,0x078B80,0x078BE0,
0x078C20,0x078C80,0x078CE0,0x078D20,0x078D80,0x078DE0,0x078E20,0x078E80,
0x078EC0,0x078F20,0x078F80,0x078FC0,0x079020,0x079080,0x0790C0,0x079120,
0x079160,0x0791C0,0x079220,0x079260,0x0792C0,0x079300,0x079360,0x0793C0,
0x079400,0x079460,0x0794C0,0x079500,0x079560,0x0795C0,0x079600,0x079660,
0x0796A0,0x079700,0x079760,0x0797A0,0x079800,0x079860,0x0798A0,0x079900,
0x079940,0x0799A0,0x079A00,0x079A40,0x079AA0,0x079B00,0x079B40,0x079BA0,
0x079C00,0x079C40,0x079CA0,0x079CE0,0x079D40,0x079DA0,0x079DE0,0x079E40,
0x079EA0,0x079EE0,0x079F40,0x079FA0,0x079FE0,0x07A040,0x07A080,0x07A0E0,
0x07A140,0x07A180,0x07A1E0,0x07A240,0x07A280,0x07A2E0,0x07A340,0x07A380,
0x07A3E0,0x07A440,0x07A480,0x07A4E0,0x07A540,0x07A580,0x07A5E0,0x07A620,
0x07A680,0x07A6E0,0x07A720,0x07A780,0x07A7E0,0x07A820,0x07A880,0x07A8E0,
0x07A920,0x07A980,0x07A9E0,0x07AA20,0x07AA80,0x07AAE0,0x07AB20,0x07AB80,
0x07ABE0,0x07AC20,0x07AC80,0x07ACE0,0x07AD20,0x07AD80,0x07ADE0,0x07AE20,
0x07AE80,0x07AEE0,0x07AF20,0x07AF80,0x07AFE0,0x07B020,0x07B080,0x07B0E0,
0x07B120,0x07B180,0x07B1E0,0x07B220,0x07B280,0x07B2E0,0x07B320,0x07B380,
0x07B3E0,0x07B420,0x07B480,0x07B4E0,0x07B520,0x07B580,0x07B5E0,0x07B620,
0x07B680,0x07B6E0,0x07B720,0x07B780,0x07B7E0,0x07B820,0x07B880,0x07B8E0,
0x07B920,0x07B980,0x07B9E0,0x07BA20,0x07BA80,0x07BAE0,0x07BB20,0x07BB80,
0x07BBE0,0x07BC20,0x07BC80,0x07BCE0,0x07BD20,0x07BD80,0x07BDE0,0x07BE40,
0x07BE80,0x07BEE0,0x07BF40,0x07BF80,0x07BFE0,0x07C040,0x07C080,0x07C0E0,
0x07C140,0x07C180,0x07C1E0,0x07C240,0x07C280,0x07C2E0,0x07C340,0x07C3A0,
0x07C3E0,0x07C440,0x07C4A0,0x07C4E0,0x07C540,0x07C5A0,0x07C5E0,0x07C640,
0x07C6A0,0x07C6E0,0x07C740,0x07C7A0,0x07C800,0x07C840,0x07C8A0,0x07C900,
0x07C940,0x07C9A0,0x07CA00,0x07CA40,0x07CAA0,0x07CB00,0x07CB60,0x07CBA0,
0x07CC00,0x07CC60,0x07CCA0,0x07CD00,0x07CD60,0x07CDA0,0x07CE00,0x07CE60,
0x07CEC0,0x07CF00,0x07CF60,0x07CFC0,0x07D000,0x07D060,0x07D0C0,0x07D120,
0x07D160,0x07D1C0,0x07D220,0x07D260,0x07D2C0,0x07D320,0x07D360,0x07D3C0,
0x07D420,0x07D480,0x07D4C0,0x07D520,0x07D580,0x07D5C0,0x07D620,0x07D680,
0x07D6E0,0x07D720,0x07D780,0x07D7E0,0x07D840,0x07D880,0x07D8E0,0x07D940,
0x07D980,0x07D9E0,0x07DA40,0x07DAA0,0x07DAE0,0x07DB40,0x07DBA0,0x07DBE0,
0x07DC40,0x07DCA0,0x07DD00,0x07DD40,0x07DDA0,0x07DE00,0x07DE60,0x07DEA0,
0x07DF00,0x07DF60,0x07DFA0,0x07E000,0x07E060,0x07E0C0,0x07E100,0x07E160,
0x07E1C0,0x07E220,0x07E260,0x07E2C0,0x07E320,0x07E360,0x07E3C0,0x07E420,
0x07E480,0x07E4C0,0x07E520,0x07E580,0x07E5E0,0x07E620,0x07E680,0x07E6E0,
0x07E740,0x07E780,0x07E7E0,0x07E840,0x07E8A0,0x07E8E0,0x07E940,0x07E9A0,
0x07EA00,0x07EA40,0x07EAA0,0x07EB00,0x07EB40,0x07EBA0,0x07EC00,0x07EC60,
0x07ECA0,0x07ED00,0x07ED60,0x07EDC0,0x07EE00,0x07EE60,0x07EEC0,0x07EF20,
0x07EF60,0x07EFC0,0x07F020,0x07F080,0x07F0C0,0x07F120,0x07F180,0x07F1E0,
0x07F220,0x07F280,0x07F2E0,0x07F340,0x07F380,0x07F3E0,0x07F440,0x07F4A0,
0x07F500,0x07F540,0x07F5A0,0x07F600,0x07F660,0x07F6A0,0x07F700,0x07F760,
0x07F7C0,0x07F800,0x07F860,0x07F8C0,0x07F920,0x07F960,0x07F9C0,0x07FA20,
0x07FA80,0x07FAC0,0x07FB20,0x07FB80,0x07FBE0,0x07FC40,0x07FC80,0x07FCE0,
0x07FD40,0x07FDA0,0x07FDE0,0x07FE40,0x07FEA0,0x07FF00,0x07FF40,0x07FFA0,
0x000000,0x000000,0x000000,0x000000,0x000000,0x000000,0x000000,0x000000,
0x000000,0x000000,0x000000,0x000000,0x000000,0x000000,0x000000,0x000000,
0x000000,0x000000,0x000000,0x000000,0x000000,0x000000,0x000000,0x000000,
0x000000,0x000000,0x000000,0x000000,0x000000,0x000000,0x000000,0x000000,
0x000000,0x000000,0x000000,0x000000,0x000000,0x000000,0x000000,0x000000,
0x000000,0x000000,0x000000,0x000000,0x000000,0x000000,0x000000,0x000000,
0x000000,0x000000,0x000000,0x000000,0x000000,0x000000,0x000000,0x000000,
0x000000,0x000000,0x000000,0x000000,0x000000,0x000000,0x000000,0x000000,
0x000000,0x000000,0x000000,0x000000,0x000000,0x000000,0x000000,0x000000,
0x000000,0x000000,0x000000,0x000000,0x000000,0x000000,0x000000,0x000000,
0x000000,0x000000,0x000000,0x000000,0x000000,0x000000,0x000000,0x000000,
0x000000,0x000000,0x000000,0x000000,0x000000,0x000000,0x000000,0x000000,
0x000000,0x000000,0x000000,0x000000,0x000000,0x000000,0x000000,0x000000,
0x000000,0x000000,0x000000,0x000000,0x000000,0x000000,0x000000,0x000000,
0x000000,0x000000,0x000000,0x000000,0x000000,0x000000,0x000000,0x000000,
0x000000,0x000000,0x000000,0x000000,0x000000,0x000000,0x000000,0x000000,
0x000000,0x000000,0x000000,0x000000,0x000000,0x000000,0x000000,0x000000,
0x000000,0x000000,0x000000,0x000000,0x000000,0x000000,0x000000,0x000000,
0x000000,0x000000,0x000000,0x000000,0x000000,0x000000,0x000000,0x000000,
0x000000,0x000000,0x000000,0x000000,0x000000,0x000000,0x000000,0x000000,
0x000000,0x000000,0x000000,0x000000,0x000000,0x000000,0x000000,0x000000,
0x000000,0x000000,0x000000,0x000000,0x000000,0x000000,0x000000,0x000000,
0x000000,0x000000,0x000000,0x000000,0x000000,0x000000,0x000000,0x000000,
0x000000,0x000000,0x000000,0x000000,0x000000,0x000000,0x000000,0x000000,
0x000000,0x000000,0x000000,0x000000,0x000000,0x000000,0x000000,0x000000,
0x000000,0x000000,0x000000,0x000000,0x000000,0x000000,0x000000,0x000000,
0x000000,0x000000,0x000000,0x000000,0x000000,0x000000,0x000000,0x000000,
0x000000,0x000000,0x000000,0x000000,0x000000,0x000000,0x000000,0x000000,
0x000000,0x000000,0x000000,0x000000,0x000000,0x000000,0x000000,0x000000,
0x000000,0x000000,0x000000,0x000000,0x000000,0x000000,0x000000,0x000000,
0x000000,0x000000,0x000000,0x000000,0x000000,0x000000,0x000000,0x000000,
0x000000,0x000000,0x000000,0x000000,0x000000,0x000000,0x000000,0x000000,
0x000000,0x000000,0x000000,0x000000,0x000000,0x000000,0x000000,0x000000,
0x000000,0x000000,0x000000,0x000000,0x000000,0x000000,0x000000,0x000000,
0x000000,0x000000,0x000000,0x000000,0x000000,0x000000,0x000000,0x000000,
0x000000,0x000000,0x000000,0x000000,0x000000,0x000000,0x000000,0x000000,
0x000000,0x000000,0x000000,0x000000,0x000000,0x000000,0x000000,0x000000,
0x000000,0x000000,0x000000,0x000000,0x000000,0x000000,0x000000,0x000000,
0x000000,0x000000,0x000000,0x000000,0x000000,0x000000,0x000000,0x000000,
0x000000,0x000000,0x000000,0x000000,0x000000,0x000000,0x000000,0x000000,
0x000000,0x000000,0x000000,0x000000,0x000000,0x000000,0x000000,0x000000,
0x000000,0x000000,0x000000,0x000000,0x000000,0x000000,0x000000,0x000000,
0x000000,0x000000,0x000000,0x000000,0x000000,0x000000,0x000000,0x000000,
0x000000,0x000000,0x000000,0x000000,0x000000,0x000000,0x000000,0x000000,
0x000000,0x000000,0x000000,0x000000,0x000000,0x000000,0x000000,0x000000,
0x000000,0x000000,0x000000,0x000000,0x000000,0x000000,0x000000,0x000000,
0x000000,0x000000,0x000000,0x000000,0x000000,0x000000,0x000000,0x000000,
0x000000,0x000000,0x000000,0x000000,0x000000,0x000000,0x000000,0x000000,
0x000000,0x000000,0x000000,0x000000,0x000000,0x000000,0x000000,0x000000,
0x000000,0x000000,0x000000,0x000000,0x000000,0x000000,0x000000,0x000000,
0x000000,0x000000,0x000000,0x000000,0x000000,0x000000,0x000000,0x000000,
0x000000,0x000000,0x000000,0x000000,0x000000,0x000000,0x000000,0x000000,
0x000000,0x000000,0x000000,0x000000,0x000000,0x000000,0x000000,0x000000,
0x000000,0x000000,0x000000,0x000000,0x000000,0x000000,0x000000,0x000000,
0x000000,0x000000,0x000000,0x000000,0x000000,0x000000,0x000000,0x000000,
0x000000,0x000000,0x000000,0x000000,0x000000,0x000000,0x000000,0x000000,
0x000000,0x000000,0x000000,0x000000,0x000000,0x000000,0x000000,0x000000,
0x000000,0x000000,0x000000,0x000000,0x000000,0x000000,0x000000,0x000000,
0x000000,0x000000,0x000000,0x000000,0x000000,0x000000,0x000000,0x000000,
0x000000,0x000000,0x000000,0x000000,0x000000,0x000000,0x000000,0x000000,
0x000000,0x000000,0x000000,0x000000,0x000000,0x000000,0x000000,0x000000,
0x000000,0x000000,0x000000,0x000000,0x000000,0x000000,0x000000,0x000000,
0x000000,0x000000,0x000000,0x000000,0x000000,0x000000,0x000000,0x000000,
0x000000,0x000000,0x000000,0x000000,0x000000,0x000000,0x000000,0x000000,
0x000000,0x000000,0x000000,0x000000,0x000000,0x000000,0x000000,0x000000,
0x000000,0x000000,0x000000,0x000000,0x000000,0x000000,0x000000,0x000000,
0x000000,0x000000,0x000000,0x000000,0x000000,0x000000,0x000000,0x000000,
0x000000,0x000000,0x000000,0x000000,0x000000,0x000000,0x000000,0x000000,
0x000000,0x000000,0x000000,0x000000,0x000000,0x000000,0x000000,0x000000,
0x000000,0x000000,0x000000,0x000000,0x000000,0x000000,0x000000,0x000000,
0x000000,0x000000,0x000000,0x000000,0x000000,0x000000,0x000000,0x000000,
0x000000,0x000000,0x000000,0x000000,0x000000,0x000000,0x000000,0x000000,
0x000000,0x000000,0x000000,0x000000,0x000000,0x000000,0x000000,0x000000,
0x000000,0x000000,0x000000,0x000000,0x000000,0x000000,0x000000,0x000000,
0x000000,0x000000,0x000000,0x000000,0x000000,0x000000,0x000000,0x000000,
0x000000,0x000000,0x000000,0x000000,0x000000,0x000000,0x000000,0x000000,
0x000000,0x000000,0x000000,0x000000,0x000000,0x000000,0x000000,0x000000,
0x000000,0x000000,0x000000,0x000000,0x000000,0x000000,0x000000,0x000000,
0x000000,0x000000,0x000000,0x000000,0x000000,0x000000,0x000000,0x000000,
0x000000,0x000000,0x000000,0x000000,0x000000,0x000000,0x000000,0x000000,
0x000000,0x000000,0x000000,0x000000,0x000000,0x000000,0x000000,0x000000,
0x000000,0x000000,0x000000,0x000000,0x000000,0x000000,0x000000,0x000000,
0x000000,0x000000,0x000000,0x000000,0x000000,0x000000,0x000000,0x000000,
0x000000,0x000000,0x000000,0x000000,0x000000,0x000000,0x000000,0x000000,
0x000000,0x000000,0x000000,0x000000,0x000000,0x000000,0x000000,0x000000,
0x000000,0x000000,0x000000,0x000000,0x000000,0x000000,0x000000,0x000000,
0x000000,0x000000,0x000000,0x000000,0x000000,0x000000,0x000000,0x000000,
0x000000,0x000000,0x000000,0x000000,0x000000,0x000000,0x000000,0x000000,
0x000000,0x000000,0x000000,0x000000,0x000000,0x000000,0x000000,0x000000,
0x000000,0x000000,0x000000,0x000000,0x000000,0x000000,0x000000,0x000000,
0x000000,0x000000,0x000000,0x000000,0x000000,0x000000,0x000000,0x000000,
0x000000,0x000000,0x000000,0x000000,0x000000,0x000000,0x000000,0x000000,
0x000000,0x000000,0x000000,0x000000,0x000000,0x000000,0x000000,0x000000,
0x000000,0x000000,0x000000,0x000000,0x000000,0x000000,0x000000,0x000000,
0x000000,0x000000,0x000000,0x000000,0x000000,0x000000,0x000000,0x000000,
0x000000,0x000000,0x000000,0x000000,0x000000,0x000000,0x000000,0x000000,
0x000000,0x000000,0x000000,0x000000,0x000000,0x000000,0x000000,0x000000,
0x000000,0x000000,0x000000,0x000000,0x000000,0x000000,0x000000,0x000000,
0x000000,0x000000,0x000000,0x000000,0x000000,0x000000,0x000000,0x000000,
0x000000,0x000000,0x000000,0x000000,0x000000,0x000000,0x000000,0x000000,
0x000000,0x000000,0x000000,0x000000,0x000000,0x000000,0x000000,0x000000,
0x000000,0x000000,0x000000,0x000000,0x000000,0x000000,0x000000,0x000000,
0x000000,0x000000,0x000000,0x000000,0x000000,0x000000,0x000000,0x000000,
0x000000,0x000000,0x000000,0x000000,0x000000,0x000000,0x000000,0x000000,
0x000000,0x000000,0x000000,0x000000,0x000000,0x000000,0x000000,0x000000,
0x000000,0x000000,0x000000,0x000000,0x000000,0x000000,0x000000,0x000000,
0x000000,0x000000,0x000000,0x000000,0x000000,0x000000,0x000000,0x000000,
0x000000,0x000000,0x000000,0x000000,0x000000,0x000000,0x000000,0x000000,
0x000000,0x000000,0x000000,0x000000,0x000000,0x000000,0x000000,0x000000,
0x000000,0x000000,0x000000,0x000000,0x000000,0x000000,0x000000,0x000000,
0x000000,0x000000,0x000000,0x000000,0x000000,0x000000,0x000000,0x000000,
0x000000,0x000000,0x000000,0x000000,0x000000,0x000000,0x000000,0x000000,
0x000000,0x000000,0x000000,0x000000,0x000000,0x000000,0x000000,0x000000,
0x000000,0x000000,0x000000,0x000000,0x000000,0x000000,0x000000,0x000000,
0x000000,0x000000,0x000000,0x000000,0x000000,0x000000,0x000000,0x000000,
0x000000,0x000000,0x000000,0x000000,0x000000,0x000000,0x000000,0x000000,
0x000000,0x000000,0x000000,0x000000,0x000000,0x000000,0x000000,0x000000,
0x000000,0x000000,0x000000,0x000000,0x000000,0x000000,0x000000,0x000000,
0x000000,0x000000,0x000000,0x000000,0x000000,0x000000,0x000000,0x000000,
0x000000,0x000000,0x000000,0x000000,0x000000,0x000000,0x000000,0x000000,
0x000000,0x000000,0x000000,0x000000,0x000000,0x000000,0x000000,0x000000,
0x000000,0x000000,0x000000,0x000000,0x000000,0x000000,0x000000,0x000000,
0x000000,0x000000,0x000000,0x000000,0x000000,0x000000,0x000000,0x000000,
0x000000,0x000000,0x000000,0x000000,0x000000,0x000000,0x000000,0x000000,
0x000000,0x000000,0x000000,0x000000,0x000000,0x000000,0x000000,0x000000,
0x000000,0x000000,0x000000,0x000000,0x000000,0x000000,0x000000,0x000000,
0x000000,0x000000,0x000000,0x000000,0x000000,0x000000,0x000000,0x000000,
0x000000,0x000000,0x000000,0x000000,0x000000,0x000000,0x000000,0x000000,
0x000000,0x000000,0x000000,0x000000,0x000000,0x000000,0x000000,0x000000,
0x000000,0x000000,0x000000,0x000000,0x000000,0x000000,0x000000,0x000000,
0x000000,0x000000,0x000000,0x000000,0x000000,0x000000,0x000000,0x000000,
0x000000,0x000000,0x000000,0x000000,0x000000,0x000000,0x000000,0x000000,
0x000000,0x000000,0x000000,0x000000,0x000000,0x000000,0x000000,0x000000,
0x000000,0x000000,0x000000,0x000000,0x000000,0x000000,0x000000,0x000000,
0x000000,0x000000,0x000000,0x000000,0x000000,0x000000,0x000000,0x000000,
0x000000,0x000000,0x000000,0x000000,0x000000,0x000000,0x000000,0x000000,
0x000000,0x000000,0x000000,0x000000,0x000000,0x000000,0x000000,0x000000,
0x000000,0x000000,0x000000,0x000000,0x000000,0x000000,0x000000,0x000000,
0x000000,0x000000,0x000000,0x000000,0x000000,0x000000,0x000000,0x000000,
0x000000,0x000000,0x000000,0x000000,0x000000,0x000000,0x000000,0x000000,
0x000000,0x000000,0x000000,0x000000,0x000000,0x000000,0x000000,0x000000,
0x000000,0x000000,0x000000,0x000000,0x000000,0x000000,0x000000,0x000000,
0x000000,0x000000,0x000000,0x000000,0x000000,0x000000,0x000000,0x000000,
0x000000,0x000000,0x000000,0x000000,0x000000,0x000000,0x000000,0x000000,
0x000000,0x000000,0x000000,0x000000,0x000000,0x000000,0x000000,0x000000,
0x000000,0x000000,0x000000,0x000000,0x000000,0x000000,0x000000,0x000000,
0x000000,0x000000,0x000000,0x000000,0x000000,0x000000,0x000000,0x000000,
0x000000,0x000000,0x000000,0x000000,0x000000,0x000000,0x000000,0x000000,
0x000000,0x000000,0x000000,0x000000,0x000000,0x000000,0x000000,0x000000,
0x000000,0x000000,0x000000,0x000000,0x000000,0x000000,0x000000,0x000000,
0x000000,0x000000,0x000000,0x000000,0x000000,0x000000,0x000000,0x000000,
0x000000,0x000000,0x000000,0x000000,0x000000,0x000000,0x000000,0x000000,
0x000000,0x000000,0x000000,0x000000,0x000000,0x000000,0x000000,0x000000,
0x000000,0x000000,0x000000,0x000000,0x000000,0x000000,0x000000,0x000000,
0x000000,0x000000,0x000000,0x000000,0x000000,0x000000,0x000000,0x000000,
0x000000,0x000000,0x000000,0x000000,0x000000,0x000000,0x000000,0x000000,
0x000000,0x000000,0x000000,0x000000,0x000000,0x000000,0x000000,0x000000,
0x000000,0x000000,0x000000,0x000000,0x000000,0x000000,0x000000,0x000000,
0x000000,0x000000,0x000000,0x000000,0x000000,0x000000,0x000000,0x000000,
0x000000,0x000000,0x000000,0x000000,0x000000,0x000000,0x000000,0x000000,
0x000000,0x000000,0x000000,0x000000,0x000000,0x000000,0x000000,0x000000,
0x000000,0x000000,0x000000,0x000000,0x000000,0x000000,0x000000,0x000000,
0x000000,0x000000,0x000000,0x000000,0x000000,0x000000,0x000000,0x000000,
0x000000,0x000000,0x000000,0x000000,0x000000,0x000000,0x000000,0x000000,
0x000000,0x000000,0x000000,0x000000,0x000000,0x000000,0x000000,0x000000,
0x000000,0x000000,0x000000,0x000000,0x000000,0x000000,0x000000,0x000000,
0x000000,0x000000,0x000000,0x000000,0x000000,0x000000,0x000000,0x000000,
0x000000,0x000000,0x000000,0x000000,0x000000,0x000000,0x000000,0x000000,
0x000000,0x000000,0x000000,0x000000,0x000000,0x000000,0x000000,0x000000,
0x000000,0x000000,0x000000,0x000000,0x000000,0x000000,0x000000,0x000000,
0x000000,0x000000,0x000000,0x000000,0x000000,0x000000,0x000000,0x000000,
0x000000,0x000000,0x000000,0x000000,0x000000,0x000000,0x000000,0x000000,
0x000000,0x000000,0x000000,0x000000,0x000000,0x000000,0x000000,0x000000,
0x000000,0x000000,0x000000,0x000000,0x000000,0x000000,0x000000,0x000000,
0x000000,0x000000,0x000000,0x000000,0x000000,0x000000,0x000000,0x000000,
0x000000,0x000000,0x000000,0x000000,0x000000,0x000000,0x000000,0x000000,
0x000000,0x000000,0x000000,0x000000,0x000000,0x000000,0x000000,0x000000,
0x000000,0x000000,0x000000,0x000000,0x000000,0x000000,0x000000,0x000000,
0x000000,0x000000,0x000000,0x000000,0x000000,0x000000,0x000000,0x000000,
0x000000,0x000000,0x000000,0x000000,0x000000,0x000000,0x000000,0x000000,
0x000000,0x000000,0x000000,0x000000,0x000000,0x000000,0x000000,0x000000,
0x000000,0x000000,0x000000,0x000000,0x000000,0x000000,0x000000,0x000000,
0x000000,0x000000,0x000000,0x000000,0x000000,0x000000,0x000000,0x000000,
0x000000,0x000000,0x000000,0x000000,0x000000,0x000000,0x000000,0x000000,
0x000000,0x000000,0x000000,0x000000,0x000000,0x000000,0x000000,0x000000,
0x000000,0x000000,0x000000,0x000000,0x000000,0x000000,0x000000,0x000000,
0x000000,0x000000,0x000000,0x000000,0x000000,0x000000,0x000000,0x000000,
0x000000,0x000000,0x000000,0x000000,0x000000,0x000000,0x000000,0x000000,
0x000000,0x000000,0x000000,0x000000,0x000000,0x000000,0x000000,0x000000,
0x000000,0x000000,0x000000,0x000000,0x000000,0x000000,0x000000,0x000000,
0x000000,0x000000,0x000000,0x000000,0x000000,0x000000,0x000000,0x000000,
0x000000,0x000000,0x000000,0x000000,0x000000,0x000000,0x000000,0x000000,
0x000000,0x000000,0x000000,0x000000,0x000000,0x000000,0x000000,0x000000,
0x000000,0x000000,0x000000,0x000000,0x000000,0x000000,0x000000,0x000000,
0x000000,0x000000,0x000000,0x000000,0x000000,0x000000,0x000000,0x000000,
0x000000,0x000000,0x000000,0x000000,0x000000,0x000000,0x000000,0x000000,
0x000000,0x000000,0x000000,0x000000,0x000000,0x000000,0x000000,0x000000,
0x000000,0x000000,0x000000,0x000000,0x000000,0x000000,0x000000,0x000000,
0x000000,0x000000,0x000000,0x000000,0x000000,0x000000,0x000000,0x000000,
0x000000,0x000000,0x000000,0x000000,0x000000,0x000000,0x000000,0x000000,
0x000000,0x000000,0x000000,0x000000,0x000000,0x000000,0x000000,0x000000,
0x000000,0x000000,0x000000,0x000000,0x000000,0x000000,0x000000,0x000000,
0x000000,0x000000,0x000000,0x000000,0x000000,0x000000,0x000000,0x000000,
0x000000,0x000000,0x000000,0x000000,0x000000,0x000000,0x000000,0x000000,
0x000000,0x000000,0x000000,0x000000,0x000000,0x000000,0x000000,0x000000,
0x000000,0x000000,0x000000,0x000000,0x000000,0x000000,0x000000,0x000000,
0x000000,0x000000,0x000000,0x000000,0x000000,0x000000,0x000000,0x000000,
0x000000,0x000000,0x000000,0x000000,0x000000,0x000000,0x000000,0x000000,
0x000000,0x000000,0x000000,0x000000,0x000000,0x000000,0x000000,0x000000,
0x000000,0x000000,0x000000,0x000000,0x000000,0x000000,0x000000,0x000000,
0x000000,0x000000,0x000000,0x000000,0x000000,0x000000,0x000000,0x000000,
0x000000,0x000000,0x000000,0x000000,0x000000,0x000000,0x000000,0x000000,
0x000000,0x000000,0x000000,0x000000,0x000000,0x000000,0x000000,0x000000,
0x000000,0x000000,0x000000,0x000000,0x000000,0x000000,0x000000,0x000000,
0x000000,0x000000,0x000000,0x000000,0x000000,0x000000,0x000000,0x000000,
0x000000,0x000000,0x000000,0x000000,0x000000,0x000000,0x000000,0x000000,
0x000000,0x000000,0x000000,0x000000,0x000000,0x000000,0x000000,0x000000,
0x000000,0x000000,0x000000,0x000000,0x000000,0x000000,0x000000,0x000000,
0x000000,0x000000,0x000000,0x000000,0x000000,0x000000,0x000000,0x000000,
0x000000,0x000000,0x000000,0x000000,0x000000,0x000000,0x000000,0x000000,
0x000000,0x000000,0x000000,0x000000,0x000000,0x000000,0x000000,0x000000,
0x000000,0x000000,0x000000,0x000000,0x000000,0x000000,0x000000,0x000000,
0x000000,0x000000,0x000000,0x000000,0x000000,0x000000,0x000000,0x000000,
0x000000,0x000000,0x000000,0x000000,0x000000,0x000000,0x000000,0x000000,
0x000000,0x000000,0x000000,0x000000,0x000000,0x000000,0x000000,0x000000,
0x000000,0x000000,0x000000,0x000000,0x000000,0x000000,0x000000,0x000000,
0x000000,0x000000,0x000000,0x000000,0x000000,0x000000,0x000000,0x000000,
0x000000,0x000000,0x000000,0x000000,0x000000,0x000000,0x000000,0x000000,
0x000000,0x000000,0x000000,0x000000,0x000000,0x000000,0x000000,0x000000,
0x000000,0x000000,0x000000,0x000000,0x000000,0x000000,0x000000,0x000000,
0x000000,0x000000,0x000000,0x000000,0x000000,0x000000,0x000000,0x000000,
0x000000,0x000000,0x000000,0x000000,0x000000,0x000000,0x000000,0x000000,
0x000000,0x000000,0x000000,0x000000,0x000000,0x000000,0x000000,0x000000,
0x000000,0x000000,0x000000,0x000000,0x000000,0x000000,0x000000,0x000000,
0x000000,0x000000,0x000000,0x000000,0x000000,0x000000,0x000000,0x000000,
0x000000,0x000000,0x000000,0x000000,0x000000,0x000000,0x000000,0x000000,
0x000000,0x000000,0x000000,0x000000,0x000000,0x000000,0x000000,0x000000,
0x000000,0x000000,0x000000,0x000000,0x000000,0x000000,0x000000,0x000000,
0x000000,0x000000,0x000000,0x000000,0x000000,0x000000,0x000000,0x000000,
0x000000,0x000000,0x000000,0x000000,0x000000,0x000000,0x000000,0x000000,
0x000000,0x000000,0x000000,0x000000,0x000000,0x000000,0x000000,0x000000,
0x000000,0x000000,0x000000,0x000000,0x000000,0x000000,0x000000,0x000000,
0x000000,0x000000,0x000000,0x000000,0x000000,0x000000,0x000000,0x000000,
0x000000,0x000000,0x000000,0x000000,0x000000,0x000000,0x000000,0x000000,
0x000000,0x000000,0x000000,0x000000,0x000000,0x000000,0x000000,0x000000,
0x000000,0x000000,0x000000,0x000000,0x000000,0x000000,0x000000,0x000000,
0x000000,0x000000,0x000000,0x000000,0x000000,0x000000,0x000000,0x000000,
0x000000,0x000000,0x000000,0x000000,0x000000,0x000000,0x000000,0x000000,
0x000000,0x000000,0x000000,0x000000,0x000000,0x000000,0x000000,0x000000,
0x000000,0x000000,0x000000,0x000000,0x000000,0x000000,0x000000,0x000000,
0x000000,0x000000,0x000000,0x000000,0x000000,0x000000,0x000000,0x000000,
0x000000,0x000000,0x000000,0x000000,0x000000,0x000000,0x000000,0x000000,
0x000000,0x000000,0x000000,0x000000,0x000000,0x000000,0x000000,0x000000,
0x000000,0x000000,0x000000,0x000000,0x000000,0x000000,0x000000,0x000000,
0x000000,0x000000,0x000000,0x000000,0x000000,0x000000,0x000000,0x000000,
0x000000,0x000000,0x000000,0x000000,0x000000,0x000000,0x000000,0x000000,
0x000000,0x000000,0x000000,0x000000,0x000000,0x000000,0x000000,0x000000,
0x000000,0x000000,0x000000,0x000000,0x000000,0x000000,0x000000,0x000000,
0x000000,0x000000,0x000000,0x000000,0x000000,0x000000,0x000000,0x000000,
0x000000,0x000000,0x000000,0x000000,0x000000,0x000000,0x000000,0x000000,
0x000000,0x000000,0x000000,0x000000,0x000000,0x000000,0x000000,0x000000,
0x000000,0x000000,0x000000,0x000000,0x000000,0x000000,0x000000,0x000000,
0x000000,0x000000,0x000000,0x000000,0x000000,0x000000,0x000000,0x000000,
0x000000,0x000000,0x000000,0x000000,0x000000,0x000000,0x000000,0x000000,
0x000000,0x000000,0x000000,0x000000,0x000000,0x000000,0x000000,0x000000,
0x000000,0x000000,0x000000,0x000000,0x000000,0x000000,0x000000,0x000000,
0x000000,0x000000,0x000000,0x000000,0x000000,0x000000,0x000000,0x000000,
0x000000,0x000000,0x000000,0x000000,0x000000,0x000000,0x000000,0x000000,
0x000000,0x000000,0x000000,0x000000,0x000000,0x000000,0x000000,0x000000,
0x000000,0x000000,0x000000,0x000000,0x000000,0x000000,0x000000,0x000000,
0x000000,0x000000,0x000000,0x000000,0x000000,0x000000,0x000000,0x000000,
0x000000,0x000000,0x000000,0x000000,0x000000,0x000000,0x000000,0x000000,
0x000000,0x000000,0x000000,0x000000,0x000000,0x000000,0x000000,0x000000,
0x000000,0x000000,0x000000,0x000000,0x000000,0x000000,0x000000,0x000000,
0x000000,0x000000,0x000000,0x000000,0x000000,0x000000,0x000000,0x000000,
0x000000,0x000000,0x000000,0x000000,0x000000,0x000000,0x000000,0x000000,
0x000000,0x000000,0x000000,0x000000,0x000000,0x000000,0x000000,0x000000,
0x000000,0x000000,0x000000,0x000000,0x000000,0x000000,0x000000,0x000000,
0x000000,0x000000,0x000000,0x000000,0x000000,0x000000,0x000000,0x000000,
0x000000,0x000000,0x000000,0x000000,0x000000,0x000000,0x000000,0x000000,
0x000000,0x000000,0x000000,0x000000,0x000000,0x000000,0x000000,0x000000,
0x000000,0x000000,0x000000,0x000000,0x000000,0x000000,0x000000,0x000000,
0x000000,0x000000,0x000000,0x000000,0x000000,0x000000,0x000000,0x000000,
0x000000,0x000000,0x000000,0x000000,0x000000,0x000000,0x000000,0x000000,
0x000000,0x000000,0x000000,0x000000,0x000000,0x000000,0x000000,0x000000,
0x000000,0x000000,0x000000,0x000000,0x000000,0x000000,0x000000,0x000000,
0x000000,0x000000,0x000000,0x000000,0x000000,0x000000,0x000000,0x000000,
0x000000,0x000000,0x000000,0x000000,0x000000,0x000000,0x000000,0x000000,
0x000000,0x000000,0x000000,0x000000,0x000000,0x000000,0x000000,0x000000,
0x000000,0x000000,0x000000,0x000000,0x000000,0x000000,0x000000,0x000000,
0x000000,0x000000,0x000000,0x000000,0x000000,0x000000,0x000000,0x000000,
0x000000,0x000000,0x000000,0x000000,0x000000,0x000000,0x000000,0x000000,
0x000000,0x000000,0x000000,0x000000,0x000000,0x000000,0x000000,0x000000,
0x000000,0x000000,0x000000,0x000000,0x000000,0x000000,0x000000,0x000000,
0x000000,0x000000,0x000000,0x000000,0x000000,0x000000,0x000000,0x000000,
0x000000,0x000000,0x000000,0x000000,0x000000,0x000000,0x000000,0x000000,
0x000000,0x000000,0x000000,0x000000,0x000000,0x000000,0x000000,0x000000,
0x000000,0x000000,0x000000,0x000000,0x000000,0x000000,0x000000,0x000000,
0x000000,0x000000,0x000000,0x000000,0x000000,0x000000,0x000000,0x000000,
0x000000,0x000000,0x000000,0x000000,0x000000,0x000000,0x000000,0x000000,
0x000000,0x000000,0x000000,0x000000,0x000000,0x000000,0x000000,0x000000,
0x000000,0x000000,0x000000,0x000000,0x000000,0x000000,0x000000,0x000000,
0x000000,0x000000,0x000000,0x000000,0x000000,0x000000,0x000000,0x000000,
0x000000,0x000000,0x000000,0x000000,0x000000,0x000000,0x000000,0x000000,
0x000000,0x000000,0x000000,0x000000,0x000000,0x000000,0x000000,0x000000,
0x000000,0x000000,0x000000,0x000000,0x000000,0x000000,0x000000,0x000000,
0x000000,0x000000,0x000000,0x000000,0x000000,0x000000,0x000000,0x000000,
0x000000,0x000000,0x000000,0x000000,0x000000,0x000000,0x000000,0x000000,
0x000000,0x000000,0x000000,0x000000,0x000000,0x000000,0x000000,0x000000,
0x000000,0x000000,0x000000,0x000000,0x000000,0x000000,0x000000,0x000000,
0x000000,0x000000,0x000000,0x000000,0x000000,0x000000,0x000000,0x000000,
0x000000,0x000000,0x000000,0x000000,0x000000,0x000000,0x000000,0x000000,
0x000000,0x000000,0x000000,0x000000,0x000000,0x000000,0x000000,0x000000,
0x000000,0x000000,0x000000,0x000000,0x000000,0x000000,0x000000,0x000000,
0x000000,0x000000,0x000000,0x000000,0x000000,0x000000,0x000000,0x000000,
0x000000,0x000000,0x000000,0x000000,0x000000,0x000000,0x000000,0x000000,
0x000000,0x000000,0x000000,0x000000,0x000000,0x000000,0x000000,0x000000,
0x000000,0x000000,0x000000,0x000000,0x000000,0x000000,0x000000,0x000000,
0x000000,0x000000,0x000000,0x000000,0x000000,0x000000,0x000000,0x000000,
0x000000,0x000000,0x000000,0x000000,0x000000,0x000000,0x000000,0x000000,
0x000000,0x000000,0x000000,0x000000,0x000000,0x000000,0x000000,0x000000,
0x000000,0x000000,0x000000,0x000000,0x000000,0x000000,0x000000,0x000000,
0x000000,0x000000,0x000000,0x000000,0x000000,0x000000,0x000000,0x000000,
0x000000,0x000000,0x000000,0x000000,0x000000,0x000000,0x000000,0x000000,
0x000000,0x000000,0x000000,0x000000,0x000000,0x000000,0x000000,0x000000,
0x000000,0x000000,0x000000,0x000000,0x000000,0x000000,0x000000,0x000000,
0x000000,0x000000,0x000000,0x000000,0x000000,0x000000,0x000000,0x000000,
0x000000,0x000000,0x000000,0x000000,0x000000,0x000000,0x000000,0x000000,
0x000000,0x000000,0x000000,0x000000,0x000000,0x000000,0x000000,0x000000,
0x000000,0x000000,0x000000,0x000000,0x000000,0x000000,0x000000,0x000000,
0x000000,0x000000,0x000000,0x000000,0x000000,0x000000,0x000000,0x000000,
0x000000,0x000000,0x000000,0x000000,0x000000,0x000000,0x000000,0x000000,
0x000000,0x000000,0x000000,0x000000,0x000000,0x000000,0x000000,0x000000,
0x000000,0x000000,0x000000,0x000000,0x000000,0x000000,0x000000,0x000000,
0x000000,0x000000,0x000000,0x000000,0x000000,0x000000,0x000000,0x000000,
0x000000,0x000000,0x000000,0x000000,0x000000,0x000000,0x000000,0x000000,
0x000000,0x000000,0x000000,0x000000,0x000000,0x000000,0x000000,0x000000,
0x000000,0x000000,0x000000,0x000000,0x000000,0x000000,0x000000,0x000000,
0x000000,0x000000,0x000000,0x000000,0x000000,0x000000,0x000000,0x000000,
0x000000,0x000000,0x000000,0x000000,0x000000,0x000000,0x000000,0x000000,
0x000000,0x000000,0x000000,0x000000,0x000000,0x000000,0x000000,0x000000,
0x000000,0x000000,0x000000,0x000000,0x000000,0x000000,0x000000,0x000000,
0x000000,0x000000,0x000000,0x000000,0x000000,0x000000,0x000000,0x000000,
0x000000,0x000000,0x000000,0x000000,0x000000,0x000000,0x000000,0x000000,
0x000000,0x000000,0x000000,0x000000,0x000000,0x000000,0x000000,0x000000,
0x000000,0x000000,0x000000,0x000000,0x000000,0x000000,0x000000,0x000000,
0x000000,0x000000,0x000000,0x000000,0x000000,0x000000,0x000000,0x000000,
0x000000,0x000000,0x000000,0x000000,0x000000,0x000000,0x000000,0x000000,
0x000000,0x000000,0x000000,0x000000,0x000000,0x000000,0x000000,0x000000,
0x000000,0x000000,0x000000,0x000000,0x000000,0x000000,0x000000,0x000000,
0x000000,0x000000,0x000000,0x000000,0x000000,0x000000,0x000000,0x000000,
0x000000,0x000000,0x000000,0x000000,0x000000,0x000000,0x000000,0x000000,
0x000000,0x000000,0x000000,0x000000,0x000000,0x000000,0x000000,0x000000,
0x000000,0x000000,0x000000,0x000000,0x000000,0x000000,0x000000,0x000000,
0x000000,0x000000,0x000000,0x000000,0x000000,0x000000,0x000000,0x000000,
0x000000,0x000000,0x000000,0x000000,0x000000,0x000000,0x000000,0x000000,
0x000000,0x000000,0x000000,0x000000,0x000000,0x000000,0x000000,0x000000,
0x000000,0x000000,0x000000,0x000000,0x000000,0x000000,0x000000,0x000000,
0x000000,0x000000,0x000000,0x000000,0x000000,0x000000,0x000000,0x000000,
0x000000,0x000000,0x000000,0x000000,0x000000,0x000000,0x000000,0x000000,
0x000000,0x000000,0x000000,0x000000,0x000000,0x000000,0x000000,0x000000,
0x000000,0x000000,0x000000,0x000000,0x000000,0x000000,0x000000,0x000000,
0x000000,0x000000,0x000000,0x000000,0x000000,0x000000,0x000000,0x000000,
0x000000,0x000000,0x000000,0x000000,0x000000,0x000000,0x000000,0x000000,
0x000000,0x000000,0x000000,0x000000,0x000000,0x000000,0x000000,0x000000,
0x000000,0x000000,0x000000,0x000000,0x000000,0x000000,0x000000,0x000000,
0x000000,0x000000,0x000000,0x000000,0x000000,0x000000,0x000000,0x000000,
0x000000,0x000000,0x000000,0x000000,0x000000,0x000000,0x000000,0x000000,
0x000000,0x000000,0x000000,0x000000,0x000000,0x000000,0x000000,0x000000,
0x000000,0x000000,0x000000,0x000000,0x000000,0x000000,0x000000,0x000000,
0x000000,0x000000,0x000000,0x000000,0x000000,0x000000,0x000000,0x000000,
0x000000,0x000000,0x000000,0x000000,0x000000,0x000000,0x000000,0x000000,
0x000000,0x000000,0x000000,0x000000,0x000000,0x000000,0x000000,0x000000,
0x000000,0x000000,0x000000,0x000000,0x000000,0x000000,0x000000,0x000000,
0x000000,0x000000,0x000000,0x000000,0x000000,0x000000,0x000000,0x000000,
0x000000,0x000000,0x000000,0x000000,0x000000,0x000000,0x000000,0x000000,
0x000000,0x000000,0x000000,0x000000,0x000000,0x000000,0x000000,0x000000,
0x000000,0x000000,0x000000,0x000000,0x000000,0x000000,0x000000,0x000000,
0x000000,0x000000,0x000000,0x000000,0x000000,0x000000,0x000000,0x000000,
0x000000,0x000000,0x000000,0x000000,0x000000,0x000000,0x000000,0x000000,
0x000000,0x000000,0x000000,0x000000,0x000000,0x000000,0x000000,0x000000,
0x000000,0x000000,0x000000,0x000000,0x000000,0x000000,0x000000,0x000000,
0x000000,0x000000,0x000000,0x000000,0x000000,0x000000,0x000000,0x000000,
0x000000,0x000000,0x000000,0x000000,0x000000,0x000000,0x000000,0x000000,
0x000000,0x000000,0x000000,0x000000,0x000000,0x000000,0x000000,0x000000,
0x000000,0x000000,0x000000,0x000000,0x000000,0x000000,0x000000,0x000000,
0x000000,0x000000,0x000000,0x000000,0x000000,0x000000,0x000000,0x000000,
0x000000,0x000000,0x000000,0x000000,0x000000,0x000000,0x000000,0x000000,
0x000000,0x000000,0x000000,0x000000,0x000000,0x000000,0x000000,0x000000,
0x000000,0x000000,0x000000,0x000000,0x000000,0x000000,0x000000,0x000000,
0x000000,0x000000,0x000000,0x000000,0x000000,0x000000,0x000000,0x000000,
0x000000,0x000000,0x000000,0x000000,0x000000,0x000000,0x000000,0x000000,
0x000000,0x000000,0x000000,0x000000,0x000000,0x000000,0x000000,0x000000,
0x000000,0x000000,0x000000,0x000000,0x000000,0x000000,0x000000,0x000000,
0x000000,0x000000,0x000000,0x000000,0x000000,0x000000,0x000000,0x000000,
0x000000,0x000000,0x000000,0x000000,0x000000,0x000000,0x000000,0x000000,
0x000000,0x000000,0x000000,0x000000,0x000000,0x000000,0x000000,0x000000,
0x000000,0x000000,0x000000,0x000000,0x000000,0x000000,0x000000,0x000000,
0x000000,0x000000,0x000000,0x000000,0x000000,0x000000,0x000000,0x000000,
0x000000,0x000000,0x000000,0x000000,0x000000,0x000000,0x000000,0x000000,
0x000000,0x000000,0x000000,0x000000,0x000000,0x000000,0x000000,0x000000,
0x000000,0x000000,0x000000,0x000000,0x000000,0x000000,0x000000,0x000000,
0x000000,0x000000,0x000000,0x000000,0x000000,0x000000,0x000000,0x000000,
0x000000,0x000000,0x000000,0x000000,0x000000,0x000000,0x000000,0x000000,
0x000000,0x000000,0x000000,0x000000,0x000000,0x000000,0x000000,0x000000,
0x000000,0x000000,0x000000,0x000000,0x000000,0x000000,0x000000,0x000000,
0x000000,0x000000,0x000000,0x000000,0x000000,0x000000,0x000000,0x000000,
0x000000,0x000000,0x000000,0x000000,0x000000,0x000000,0x000000,0x000000,
0x000000,0x000000,0x000000,0x000000,0x000000,0x000000,0x000000,0x000000,
0x000000,0x000000,0x000000,0x000000,0x000000,0x000000,0x000000,0x000000,
0x000000,0x000000,0x000000,0x000000,0x000000,0x000000,0x000000,0x000000,
0x000000,0x000000,0x000000,0x000000,0x000000,0x000000,0x000000,0x000000,
0x000000,0x000000,0x000000,0x000000,0x000000,0x000000,0x000000,0x000000,
0x000000,0x000000,0x000000,0x000000,0x000000,0x000000,0x000000,0x000000,
0x000000,0x000000,0x000000,0x000000,0x000000,0x000000,0x000000,0x000000,
0x000000,0x000000,0x000000,0x000000,0x000000,0x000000,0x000000,0x000000,
0x000000,0x000000,0x000000,0x000000,0x000000,0x000000,0x000000,0x000000,
0x000000,0x000000,0x000000,0x000000,0x000000,0x000000,0x000000,0x000000,
0x000000,0x000000,0x000000,0x000000,0x000000,0x000000,0x000000,0x000000,
0x000000,0x000000,0x000000,0x000000,0x000000,0x000000,0x000000,0x000000,
0x000000,0x000000,0x000000,0x000000,0x000000,0x000000,0x000000,0x000000,
0x000000,0x000000,0x000000,0x000000,0x000000,0x000000,0x000000,0x000000,
0x000000,0x000000,0x000000,0x000000,0x000000,0x000000,0x000000,0x000000,
0x000000,0x000000,0x000000,0x000000,0x000000,0x000000,0x000000,0x000000,
0x000000,0x000000,0x000000,0x000000,0x000000,0x000000,0x000000,0x000000,
0x000000,0x000000,0x000000,0x000000,0x000000,0x000000,0x000000,0x000000,
0x000000,0x000000,0x000000,0x000000,0x000000,0x000000,0x000000,0x000000,
0x000000,0x000000,0x000000,0x000000,0x000000,0x000000,0x000000,0x000000,
0x000000,0x000000,0x000000,0x000000,0x000000,0x000000,0x000000,0x000000,
0x000000,0x000000,0x000000,0x000000,0x000000,0x000000,0x000000,0x000000,
0x000000,0x000000,0x000000,0x000000,0x000000,0x000000,0x000000,0x000000,
0x000000,0x000000,0x000000,0x000000,0x000000,0x000000,0x000000,0x000000,
0x000000,0x000000,0x000000,0x000000,0x000000,0x000000,0x000000,0x000000,
0x000000,0x000000,0x000000,0x000000,0x000000,0x000000,0x000000,0x000000,
0x000000,0x000000,0x000000,0x000000,0x000000,0x000000,0x000000,0x000000,
0x000000,0x000000,0x000000,0x000000,0x000000,0x000000,0x000000,0x000000,
0x000000,0x000000,0x000000,0x000000,0x000000,0x000000,0x000000,0x000000,
0x000000,0x000000,0x000000,0x000000,0x000000,0x000000,0x000000,0x000000,
0x000000,0x000000,0x000000,0x000000,0x000000,0x000000,0x000000,0x000000,
0x000000,0x000000,0x000000,0x000000,0x000000,0x000000,0x000000,0x000000,
0x000000,0x000000,0x000000,0x000000,0x000000,0x000000,0x000000,0x000000,
0x000000,0x000000,0x000000,0x000000,0x000000,0x000000,0x000000,0x000000,
0x000000,0x000000,0x000000,0x000000,0x000000,0x000000,0x000000,0x000000,
0x000000,0x000000,0x000000,0x000000,0x000000,0x000000,0x000000,0x000000,
0x000000,0x000000,0x000000,0x000000,0x000000,0x000000,0x000000,0x000000,
0x000000,0x000000,0x000000,0x000000,0x000000,0x000000,0x000000,0x000000,
0x000000,0x000000,0x000000,0x000000,0x000000,0x000000,0x000000,0x000000,
0x000000,0x000000,0x000000,0x000000,0x000000,0x000000,0x000000,0x000000,
0x000000,0x000000,0x000000,0x000000,0x000000,0x000000,0x000000,0x000000,
0x000000,0x000000,0x000000,0x000000,0x000000,0x000000,0x000000,0x000000,
0x000000,0x000000,0x000000,0x000000,0x000000,0x000000,0x000000,0x000000,
0x000000,0x000000,0x000000,0x000000,0x000000,0x000000,0x000000,0x000000,
0x000000,0x000000,0x000000,0x000000,0x000000,0x000000,0x000000,0x000000,
0x000000,0x000000,0x000000,0x000000,0x000000,0x000000,0x000000,0x000000,
0x000000,0x000000,0x000000,0x000000,0x000000,0x000000,0x000000,0x000000,
0x000000,0x000000,0x000000,0x000000,0x000000,0x000000,0x000000,0x000000,
0x000000,0x000000,0x000000,0x000000,0x000000,0x000000,0x000000,0x000000,
0x000000,0x000000,0x000000,0x000000,0x000000,0x000000,0x000000,0x000000,
0x000000,0x000000,0x000000,0x000000,0x000000,0x000000,0x000000,0x000000,
0x000000,0x000000,0x000000,0x000000,0x000000,0x000000,0x000000,0x000000,
0x000000,0x000000,0x000000,0x000000,0x000000,0x000000,0x000000,0x000000,
0x000000,0x000000,0x000000,0x000000,0x000000,0x000000,0x000000,0x000000,
0x000000,0x000000,0x000000,0x000000,0x000000,0x000000,0x000000,0x000000,
0x000000,0x000000,0x000000,0x000000,0x000000,0x000000,0x000000,0x000000,
0x000000,0x000000,0x000000,0x000000,0x000000,0x000000,0x000000,0x000000,
0x000000,0x000000,0x000000,0x000000,0x000000,0x000000,0x000000,0x000000,
0x000000,0x000000,0x000000,0x000000,0x000000,0x000000,0x000000,0x000000,
0x000000,0x000000,0x000000,0x000000,0x000000,0x000000,0x000000,0x000000,
0x000000,0x000000,0x000000,0x000000,0x000000,0x000000,0x000000,0x000000,
0x000000,0x000000,0x000000,0x000000,0x000000,0x000000,0x000000,0x000000,
0x000000,0x000000,0x000000,0x000000,0x000000,0x000000,0x000000,0x000000,
0x000000,0x000000,0x000000,0x000000,0x000000,0x000000,0x000000,0x000000,
0x000000,0x000000,0x000000,0x000000,0x000000,0x000000,0x000000,0x000000,
0x000000,0x000000,0x000000,0x000000,0x000000,0x000000,0x000000,0x000000,
0x000000,0x000000,0x000000,0x000000,0x000000,0x000000,0x000000,0x000000,
0x000000,0x000000,0x000000,0x000000,0x000000,0x000000,0x000000,0x000000,
0x000000,0x000000,0x000000,0x000000,0x000000,0x000000,0x000000,0x000000,
0x000000,0x000000,0x000000,0x000000,0x000000,0x000000,0x000000,0x000000,
0x000000,0x000000,0x000000,0x000000,0x000000,0x000000,0x000000,0x000000,
0x000000,0x000000,0x000000,0x000000,0x000000,0x000000,0x000000,0x000000,
0x000000,0x000000,0x000000,0x000000,0x000000,0x000000,0x000000,0x000000,
0x000000,0x000000,0x000000,0x000000,0x000000,0x000000,0x000000,0x000000,
0x000000,0x000000,0x000000,0x000000,0x000000,0x000000,0x000000,0x000000,
0x000000,0x000000,0x000000,0x000000,0x000000,0x000000,0x000000,0x000000,
0x000000,0x000000,0x000000,0x000000,0x000000,0x000000,0x000000,0x000000,
0x000000,0x000000,0x000000,0x000000,0x000000,0x000000,0x000000,0x000000,
0x000000,0x000000,0x000000,0x000000,0x000000,0x000000,0x000000,0x000000,
0x000000,0x000000,0x000000,0x000000,0x000000,0x000000,0x000000,0x000000,
0x000000,0x000000,0x000000,0x000000,0x000000,0x000000,0x000000,0x000000,
0x000000,0x000000,0x000000,0x000000,0x000000,0x000000,0x000000,0x000000,
0x000000,0x000000,0x000000,0x000000,0x000000,0x000000,0x000000,0x000000,
0x000000,0x000000,0x000000,0x000000,0x000000,0x000000,0x000000,0x000000,
0x000000,0x000000,0x000000,0x000000,0x000000,0x000000,0x000000,0x000000,
0x000000,0x000000,0x000000,0x000000,0x000000,0x000000,0x000000,0x000000,
0x000000,0x000000,0x000000,0x000000,0x000000,0x000000,0x000000,0x000000,
0x000000,0x000000,0x000000,0x000000,0x000000,0x000000,0x000000,0x000000,
0x000000,0x000000,0x000000,0x000000,0x000000,0x000000,0x000000,0x000000,
0x000000,0x000000,0x000000,0x000000,0x000000,0x000000,0x000000,0x000000,
0x000000,0x000000,0x000000,0x000000,0x000000,0x000000,0x000000,0x000000,
0x000000,0x000000,0x000000,0x000000,0x000000,0x000000,0x000000,0x000000,
0x000000,0x000000,0x000000,0x000000,0x000000,0x000000,0x000000,0x000000,
0x000000,0x000000,0x000000,0x000000,0x000000,0x000000,0x000000,0x000000,
0x000000,0x000000,0x000000,0x000000,0x000000,0x000000,0x000000,0x000000,
0x000000,0x000000,0x000000,0x000000,0x000000,0x000000,0x000000,0x000000,
0x000000,0x000000,0x000000,0x000000,0x000000,0x000000,0x000000,0x000000,
0x000000,0x000000,0x000000,0x000000,0x000000,0x000000,0x000000,0x000000,
0x000000,0x000000,0x000000,0x000000,0x000000,0x000000,0x000000,0x000000,
0x000000,0x000000,0x000000,0x000000,0x000000,0x000000,0x000000,0x000000,
0x000000,0x000000,0x000000,0x000000,0x000000,0x000000,0x000000,0x000000,
0x000000,0x000000,0x000000,0x000000,0x000000,0x000000,0x000000,0x000000,
0x000000,0x000000,0x000000,0x000000,0x000000,0x000000,0x000000,0x000000,
0x000000,0x000000,0x000000,0x000000,0x000000,0x000000,0x000000,0x000000,
0x000000,0x000000,0x000000,0x000000,0x000000,0x000000,0x000000,0x000000,
0x000000,0x000000,0x000000,0x000000,0x000000,0x000000,0x000000,0x000000,
0x000000,0x000000,0x000000,0x000000,0x000000,0x000000,0x000000,0x000000,
0x000000,0x000000,0x000000,0x000000,0x000000,0x000000,0x000000,0x000000,
0x000000,0x000000,0x000000,0x000000,0x000000,0x000000,0x000000,0x000000,
0x000000,0x000000,0x000000,0x000000,0x000000,0x000000,0x000000,0x000000,
0x000000,0x000000,0x000000,0x000000,0x000000,0x000000,0x000000,0x000000,
0x000000,0x000000,0x000000,0x000000,0x000000,0x000000,0x000000,0x000000,
0x000000,0x000000,0x000000,0x000000,0x000000,0x000000,0x000000,0x000000,
0x000000,0x000000,0x000000,0x000000,0x000000,0x000000,0x000000,0x000000,
0x000000,0x000000,0x000000,0x000000,0x000000,0x000000,0x000000,0x000000,
0x000000,0x000000,0x000000,0x000000,0x000000,0x000000,0x000000,0x000000,
0x000000,0x000000,0x000000,0x000000,0x000000,0x000000,0x000000,0x000000,
0x000000,0x000000,0x000000,0x000000,0x000000,0x000000,0x000000,0x000000,
0x000000,0x000000,0x000000,0x000000,0x000000,0x000000,0x000000,0x000000,
0x000000,0x000000,0x000000,0x000000,0x000000,0x000000,0x000000,0x000000,
0x000000,0x000000,0x000000,0x000000,0x000000,0x000000,0x000000,0x000000,
0x000000,0x000000,0x000000,0x000000,0x000000,0x000000,0x000000,0x000000,
0x000000,0x000000,0x000000,0x000000,0x000000,0x000000,0x000000,0x000000,
0x000000,0x000000,0x000000,0x000000,0x000000,0x000000,0x000000,0x000000,
0x000000,0x000000,0x000000,0x000000,0x000000,0x000000,0x000000,0x000000,
0x000000,0x000000,0x000000,0x000000,0x000000,0x000000,0x000000,0x000000,
0x000000,0x000000,0x000000,0x000000,0x000000,0x000000,0x000000,0x000000,
0x000000,0x000000,0x000000,0x000000,0x000000,0x000000,0x000000,0x000000,
0x000000,0x000000,0x000000,0x000000,0x000000,0x000000,0x000000,0x000000,
0x000000,0x000000,0x000000,0x000000,0x000000,0x000000,0x000000,0x000000,
0x000000,0x000000,0x000000,0x000000,0x000000,0x000000,0x000000,0x000000,
0x000000,0x000000,0x000000,0x000000,0x000000,0x000000,0x000000,0x000000,
0x000000,0x000000,0x000000,0x000000,0x000000,0x000000,0x000000,0x000000,
0x000000,0x000000,0x000000,0x000000,0x000000,0x000000,0x000000,0x000000,
0x000000,0x000000,0x000000,0x000000,0x000000,0x000000,0x000000,0x000000,
0x000000,0x000000,0x000000,0x000000,0x000000,0x000000,0x000000,0x000000,
0x000000,0x000000,0x000000,0x000000,0x000000,0x000000,0x000000,0x000000,
0x000000,0x000000,0x000000,0x000000,0x000000,0x000000,0x000000,0x000000,
0x000000,0x000000,0x000000,0x000000,0x000000,0x000000,0x000000,0x000000,
0x000000,0x000000,0x000000,0x000000,0x000000,0x000000,0x000000,0x000000,
0x000000,0x000000,0x000000,0x000000,0x000000,0x000000,0x000000,0x000000,
0x000000,0x000000,0x000000,0x000000,0x000000,0x000000,0x000000,0x000000,
0x000000,0x000000,0x000000,0x000000,0x000000,0x000000,0x000000,0x000000,
0x000000,0x000000,0x000000,0x000000,0x000000,0x000000,0x000000,0x000000,
0x000000,0x000000,0x000000,0x000000,0x000000,0x000000,0x000000,0x000000,
0x000000,0x000000,0x000000,0x000000,0x000000,0x000000,0x000000,0x000000,
0x000000,0x000000,0x000000,0x000000,0x000000,0x000000,0x000000,0x000000,
0x000000,0x000000,0x000000,0x000000,0x000000,0x000000,0x000000,0x000000,
0x000000,0x000000,0x000000,0x000000,0x000000,0x000000,0x000000,0x000000,
0x000000,0x000000,0x000000,0x000000,0x000000,0x000000,0x000000,0x000000,
0x000000,0x000000,0x000000,0x000000,0x000000,0x000000,0x000000,0x000000,
0x000000,0x000000,0x000000,0x000000,0x000000,0x000000,0x000000,0x000000,
0x000000,0x000000,0x000000,0x000000,0x000000,0x000000,0x000000,0x000000,
0x000000,0x000000,0x000000,0x000000,0x000000,0x000000,0x000000,0x000000,
0x000000,0x000000,0x000000,0x000000,0x000000,0x000000,0x000000,0x000000,
0x000000,0x000000,0x000000,0x000000,0x000000,0x000000,0x000000,0x000000,
0x000000,0x000000,0x000000,0x000000,0x000000,0x000000,0x000000,0x000000,
0x000000,0x000000,0x000000,0x000000,0x000000,0x000000,0x000000,0x000000,
0x000000,0x000000,0x000000,0x000000,0x000000,0x000000,0x000000,0x000000,
0x000000,0x000000,0x000000,0x000000,0x000000,0x000000,0x000000,0x000000,
0x000000,0x000000,0x000000,0x000000,0x000000,0x000000,0x000000,0x000000,
0x000000,0x000000,0x000000,0x000000,0x000000,0x000000,0x000000,0x000000,
0x000000,0x000000,0x000000,0x000000,0x000000,0x000000,0x000000,0x000000,
0x000000,0x000000,0x000000,0x000000,0x000000,0x000000,0x000000,0x000000,
0x000000,0x000000,0x000000,0x000000,0x000000,0x000000,0x000000,0x000000,
0x000000,0x000000,0x000000,0x000000,0x000000,0x000000,0x000000,0x000000,
0x000000,0x000000,0x000000,0x000000,0x000000,0x000000,0x000000,0x000000,
0x000000,0x000000,0x000000,0x000000,0x000000,0x000000,0x000000,0x000000,
0x000000,0x000000,0x000000,0x000000,0x000000,0x000000,0x000000,0x000000,
0x000000,0x000000,0x000000,0x000000,0x000000,0x000000,0x000000,0x000000,
0x000000,0x000000,0x000000,0x000000,0x000000,0x000000,0x000000,0x000000,
0x000000,0x000000,0x000000,0x000000,0x000000,0x000000,0x000000,0x000000,
0x000000,0x000000,0x000000,0x000000,0x000000,0x000000,0x000000,0x000000,
0x000000,0x000000,0x000000,0x000000,0x000000,0x000000,0x000000,0x000000,
0x000000,0x000000,0x000000,0x000000,0x000000,0x000000,0x000000,0x000000,
0x000000,0x000000,0x000000,0x000000,0x000000,0x000000,0x000000,0x000000,
0x000000,0x000000,0x000000,0x000000,0x000000,0x000000,0x000000,0x000000,
0x000000,0x000000,0x000000,0x000000,0x000000,0x000000,0x000000,0x000000,
0x000000,0x000000,0x000000,0x000000,0x000000,0x000000,0x000000,0x000000,
0x000000,0x000000,0x000000,0x000000,0x000000,0x000000,0x000000,0x000000,
0x000000,0x000000,0x000000,0x000000,0x000000,0x000000,0x000000,0x000000,
0x000000,0x000000,0x000000,0x000000,0x000000,0x000000,0x000000,0x000000,
0x000000,0x000000,0x000000,0x000000,0x000000,0x000000,0x000000,0x000000,
0x000000,0x000000,0x000000,0x000000,0x000000,0x000000,0x000000,0x000000,
0x000000,0x000000,0x000000,0x000000,0x000000,0x000000,0x000000,0x000000,
0x000000,0x000000,0x000000,0x000000,0x000000,0x000000,0x000000,0x000000,
0x000000,0x000000,0x000000,0x000000,0x000000,0x000000,0x000000,0x000000,
0x000000,0x000000,0x000000,0x000000,0x000000,0x000000,0x000000,0x000000,
0x000000,0x000000,0x000000,0x000000,0x000000,0x000000,0x000000,0x000000,
0x000000,0x000000,0x000000,0x000000,0x000000,0x000000,0x000000,0x000000,
0x000000,0x000000,0x000000,0x000000,0x000000,0x000000,0x000000,0x000000,
0x000000,0x000000,0x000000,0x000000,0x000000,0x000000,0x000000,0x000000,
0x000000,0x000000,0x000000,0x000000,0x000000,0x000000,0x000000,0x000000,
0x000000,0x000000,0x000000,0x000000,0x000000,0x000000,0x000000,0x000000,
0x000000,0x000000,0x000000,0x000000,0x000000,0x000000,0x000000,0x000000,
0x000000,0x000000,0x000000,0x000000,0x000000,0x000000,0x000000,0x000000,
0x000000,0x000000,0x000000,0x000000,0x000000,0x000000,0x000000,0x000000,
0x000000,0x000000,0x000000,0x000000,0x000000,0x000000,0x000000,0x000000,
0x000000,0x000000,0x000000,0x000000,0x000000,0x000000,0x000000,0x000000,
0x000000,0x000000,0x000000,0x000000,0x000000,0x000000,0x000000,0x000000,
0x000000,0x000000,0x000000,0x000000,0x000000,0x000000,0x000000,0x000000,
0x000000,0x000000,0x000000,0x000000,0x000000,0x000000,0x000000,0x000000,
0x000000,0x000000,0x000000,0x000000,0x000000,0x000000,0x000000,0x000000,
0x000000,0x000000,0x000000,0x000000,0x000000,0x000000,0x000000,0x000000,
0x000000,0x000000,0x000000,0x000000,0x000000,0x000000,0x000000,0x000000,
0x000000,0x000000,0x000000,0x000000,0x000000,0x000000,0x000000,0x000000,
0x000000,0x000000,0x000000,0x000000,0x000000,0x000000,0x000000,0x000000,
0x000000,0x000000,0x000000,0x000000,0x000000,0x000000,0x000000,0x000000,
0x000000,0x000000,0x000000,0x000000,0x000000,0x000000,0x000000,0x000000,
0x000000,0x000000,0x000000,0x000000,0x000000,0x000000,0x000000,0x000000,
0x000000,0x000000,0x000000,0x000000,0x000000,0x000000,0x000000,0x000000,
0x000000,0x000000,0x000000,0x000000,0x000000,0x000000,0x000000,0x000000,
0x000000,0x000000,0x000000,0x000000,0x000000,0x000000,0x000000,0x000000,
0x000000,0x000000,0x000000,0x000000,0x000000,0x000000,0x000000,0x000000,
0x000000,0x000000,0x000000,0x000000,0x000000,0x000000,0x000000,0x000000,
0x000000,0x000000,0x000000,0x000000,0x000000,0x000000,0x000000,0x000000,
0x000000,0x000000,0x000000,0x000000,0x000000,0x000000,0x000000,0x000000,
0x000000,0x000000,0x000000,0x000000,0x000000,0x000000,0x000000,0x000000,
0x000000,0x000000,0x000000,0x000000,0x000000,0x000000,0x000000,0x000000,
0x000000,0x000000,0x000000,0x000000,0x000000,0x000000,0x000000,0x000000,
0x000000,0x000000,0x000000,0x000000,0x000000,0x000000,0x000000,0x000000,
0x000000,0x000000,0x000000,0x000000,0x000000,0x000000,0x000000,0x000000,
0x000000,0x000000,0x000000,0x000000,0x000000,0x000000,0x000000,0x000000,
0x000000,0x000000,0x000000,0x000000,0x000000,0x000000,0x000000,0x000000,
0x000000,0x000000,0x000000,0x000000,0x000000,0x000000,0x000000,0x000000,
0x000000,0x000000,0x000000,0x000000,0x000000,0x000000,0x000000,0x000000,
0x000000,0x000000,0x000000,0x000000,0x000000,0x000000,0x000000,0x000000,
0x000000,0x000000,0x000000,0x000000,0x000000,0x000000,0x000000,0x000000,
0x000000,0x000000,0x000000,0x000000,0x000000,0x000000,0x000000,0x000000,
0x000000,0x000000,0x000000,0x000000,0x000000,0x000000,0x000000,0x000000,
0x000000,0x000000,0x000000,0x000000,0x000000,0x000000,0x000000,0x000000,
0x000000,0x000000,0x000000,0x000000,0x000000,0x000000,0x000000,0x000000,
0x000000,0x000000,0x000000,0x000000,0x000000,0x000000,0x000000,0x000000,
0x000000,0x000000,0x000000,0x000000,0x000000,0x000000,0x000000,0x000000,
0x000000,0x000000,0x000000,0x000000,0x000000,0x000000,0x000000,0x000000,
0x000000,0x000000,0x000000,0x000000,0x000000,0x000000,0x000000,0x000000,
0x000000,0x000000,0x000000,0x000000,0x000000,0x000000,0x000000,0x000000,
0x000000,0x000000,0x000000,0x000000,0x000000,0x000000,0x000000,0x000000,
0x000000,0x000000,0x000000,0x000000,0x000000,0x000000,0x000000,0x000000,
0x000000,0x000000,0x000000,0x000000,0x000000,0x000000,0x000000,0x000000,
0x000000,0x000000,0x000000,0x000000,0x000000,0x000000,0x000000,0x000000,
0x000000,0x000000,0x000000,0x000000,0x000000,0x000000,0x000000,0x000000,
0x000000,0x000000,0x000000,0x000000,0x000000,0x000000,0x000000,0x000000,
0x000000,0x000000,0x000000,0x000000,0x000000,0x000000,0x000000,0x000000,
0x000000,0x000000,0x000000,0x000000,0x000000,0x000000,0x000000,0x000000,
0x000000,0x000000,0x000000,0x000000,0x000000,0x000000,0x000000,0x000000,
0x000000,0x000000,0x000000,0x000000,0x000000,0x000000,0x000000,0x000000,
0x000000,0x000000,0x000000,0x000000,0x000000,0x000000,0x000000,0x000000,
0x000000,0x000000,0x000000,0x000000,0x000000,0x000000,0x000000,0x000000,
0x000000,0x000000,0x000000,0x000000,0x000000,0x000000,0x000000,0x000000,
0x000000,0x000000,0x000000,0x000000,0x000000,0x000000,0x000000,0x000000,
0x000000,0x000000,0x000000,0x000000,0x000000,0x000000,0x000000,0x000000,
0x000000,0x000000,0x000000,0x000000,0x000000,0x000000,0x000000,0x000000,
0x000000,0x000000,0x000000,0x000000,0x000000,0x000000,0x000000,0x000000,
0x000000,0x000000,0x000000,0x000000,0x000000,0x000000,0x000000,0x000000,
0x000000,0x000000,0x000000,0x000000,0x000000,0x000000,0x000000,0x000000,
0x000000,0x000000,0x000000,0x000000,0x000000,0x000000,0x000000,0x000000,
0x000000,0x000000,0x000000,0x000000,0x000000,0x000000,0x000000,0x000000,
0x000000,0x000000,0x000000,0x000000,0x000000,0x000000,0x000000,0x000000,
0x000000,0x000000,0x000000,0x000000,0x000000,0x000000,0x000000,0x000000,
0x000000,0x000000,0x000000,0x000000,0x000000,0x000000,0x000000,0x000000,
0x000000,0x000000,0x000000,0x000000,0x000000,0x000000,0x000000,0x000000,
0x000000,0x000000,0x000000,0x000000,0x000000,0x000000,0x000000,0x000000,
0x000000,0x000000,0x000000,0x000000,0x000000,0x000000,0x000000,0x000000,
0x000000,0x000000,0x000000,0x000000,0x000000,0x000000,0x000000,0x000000,
0x000000,0x000000,0x000000,0x000000,0x000000,0x000000,0x000000,0x000000,
0x000000,0x000000,0x000000,0x000000,0x000000,0x000000,0x000000,0x000000,
0x000000,0x000000,0x000000,0x000000,0x000000,0x000000,0x000000,0x000000,
0x000000,0x000000,0x000000,0x000000,0x000000,0x000000,0x000000,0x000000,
0x000000,0x000000,0x000000,0x000000,0x000000,0x000000,0x000000,0x000000,
0x000000,0x000000,0x000000,0x000000,0x000000,0x000000,0x000000,0x000000,
0x000000,0x000000,0x000000,0x000000,0x000000,0x000000,0x000000,0x000000,
0x000000,0x000000,0x000000,0x000000,0x000000,0x000000,0x000000,0x000000,
0x000000,0x000000,0x000000,0x000000,0x000000,0x000000,0x000000,0x000000,
0x000000,0x000000,0x000000,0x000000,0x000000,0x000000,0x000000,0x000000,
0x000000,0x000000,0x000000,0x000000,0x000000,0x000000,0x000000,0x000000,
0x000000,0x000000,0x000000,0x000000,0x000000,0x000000,0x000000,0x000000,
0x000000,0x000000,0x000000,0x000000,0x000000,0x000000,0x000000,0x000000,
0x000000,0x000000,0x000000,0x000000,0x000000,0x000000,0x000000,0x000000,
0x000000,0x000000,0x000000,0x000000,0x000000,0x000000,0x000000,0x000000,
0x000000,0x000000,0x000000,0x000000,0x000000,0x000000,0x000000,0x000000,
0x000000,0x000000,0x000000,0x000000,0x000000,0x000000,0x000000,0x000000,
0x000000,0x000000,0x000000,0x000000,0x000000,0x000000,0x000000,0x000000,
0x000000,0x000000,0x000000,0x000000,0x000000,0x000000,0x000000,0x000000,
0x000000,0x000000,0x000000,0x000000,0x000000,0x000000,0x000000,0x000000,
0x000000,0x000000,0x000000,0x000000,0x000000,0x000000,0x000000,0x000000,
0x000000,0x000000,0x000000,0x000000,0x000000,0x000000,0x000000,0x000000,
0x000000,0x000000,0x000000,0x000000,0x000000,0x000000,0x000000,0x000000,
0x000000,0x000000,0x000000,0x000000,0x000000,0x000000,0x000000,0x000000,
0x000000,0x000000,0x000000,0x000000,0x000000,0x000000,0x000000,0x000000,
0x000000,0x000000,0x000000,0x000000,0x000000,0x000000,0x000000,0x000000,
0x000000,0x000000,0x000000,0x000000,0x000000,0x000000,0x000000,0x000000,
0x000000,0x000000,0x000000,0x000000,0x000000,0x000000,0x000000,0x000000,
0x000000,0x000000,0x000000,0x000000,0x000000,0x000000,0x000000,0x000000,
0x000000,0x000000,0x000000,0x000000,0x000000,0x000000,0x000000,0x000000,
0x000000,0x000000,0x000000,0x000000,0x000000,0x000000,0x000000,0x000000,
0x000000,0x000000,0x000000,0x000000,0x000000,0x000000,0x000000,0x000000,
0x000000,0x000000,0x000000,0x000000,0x000000,0x000000,0x000000,0x000000,
0x000000,0x000000,0x000000,0x000000,0x000000,0x000000,0x000000,0x000000,
0x000000,0x000000,0x000000,0x000000,0x000000,0x000000,0x000000,0x000000,
0x000000,0x000000,0x000000,0x000000,0x000000,0x000000,0x000000,0x000000,
0x000000,0x000000,0x000000,0x000000,0x000000,0x000000,0x000000,0x000000,
0x000000,0x000000,0x000000,0x000000,0x000000,0x000000,0x000000,0x000000,
0x000000,0x000000,0x000000,0x000000,0x000000,0x000000,0x000000,0x000000,
0x000000,0x000000,0x000000,0x000000,0x000000,0x000000,0x000000,0x000000,
0x000000,0x000000,0x000000,0x000000,0x000000,0x000000,0x000000,0x000000,
0x000000,0x000000,0x000000,0x000000,0x000000,0x000000,0x000000,0x000000,
0x000000,0x000000,0x000000,0x000000,0x000000,0x000000,0x000000,0x000000,
0x000000,0x000000,0x000000,0x000000,0x000000,0x000000,0x000000,0x000000,
0x000000,0x000000,0x000000,0x000000,0x000000,0x000000,0x000000,0x000000,
0x000000,0x000000,0x000000,0x000000,0x000000,0x000000,0x000000,0x000000,
0x000000,0x000000,0x000000,0x000000,0x000000,0x000000,0x000000,0x000000,
0x000000,0x000000,0x000000,0x000000,0x000000,0x000000,0x000000,0x000000,
0x000000,0x000000,0x000000,0x000000,0x000000,0x000000,0x000000,0x000000,
0x000000,0x000000,0x000000,0x000000,0x000000,0x000000,0x000000,0x000000,
0x000000,0x000000,0x000000,0x000000,0x000000,0x000000,0x000000,0x000000,
0x000000,0x000000,0x000000,0x000000,0x000000,0x000000,0x000000,0x000000,
0x000000,0x000000,0x000000,0x000000,0x000000,0x000000,0x000000,0x000000,
0x000000,0x000000,0x000000,0x000000,0x000000,0x000000,0x000000,0x000000,
0x000000,0x000000,0x000000,0x000000,0x000000,0x000000,0x000000,0x000000,
0x000000,0x000000,0x000000,0x000000,0x000000,0x000000,0x000000,0x000000,
0x000000,0x000000,0x000000,0x000000,0x000000,0x000000,0x000000,0x000000,
0x000000,0x000000,0x000000,0x000000,0x000000,0x000000,0x000000,0x000000,
0x000000,0x000000,0x000000,0x000000,0x000000,0x000000,0x000000,0x000000,
0x000000,0x000000,0x000000,0x000000,0x000000,0x000000,0x000000,0x000000,
0x000000,0x000000,0x000000,0x000000,0x000000,0x000000,0x000000,0x000000,
0x000000,0x000000,0x000000,0x000000,0x000000,0x000000,0x000000,0x000000,
0x000000,0x000000,0x000000,0x000000,0x000000,0x000000,0x000000,0x000000,
0x000000,0x000000,0x000000,0x000000,0x000000,0x000000,0x000000,0x000000,
0x000000,0x000000,0x000000,0x000000,0x000000,0x000000,0x000000,0x000000,
0x000000,0x000000,0x000000,0x000000,0x000000,0x000000,0x000000,0x000000,
0x000000,0x000000,0x000000,0x000000,0x000000,0x000000,0x000000,0x000000,
0x000000,0x000000,0x000000,0x000000,0x000000,0x000000,0x000000,0x000000,
0x000000,0x000000,0x000000,0x000000,0x000000,0x000000,0x000000,0x000000,
0x000000,0x000000,0x000000,0x000000,0x000000,0x000000,0x000000,0x000000,
0x000000,0x000000,0x000000,0x000000,0x000000,0x000000,0x000000,0x000000,
0x000000,0x000000,0x000000,0x000000,0x000000,0x000000,0x000000,0x000000,
0x000000,0x000000,0x000000,0x000000,0x000000,0x000000,0x000000,0x000000,
0x000000,0x000000,0x000000,0x000000,0x000000,0x000000,0x000000,0x000000,
0x000000,0x000000,0x000000,0x000000,0x000000,0x000000,0x000000,0x000000,
0x000000,0x000000,0x000000,0x000000,0x000000,0x000000,0x000000,0x000000,
0x000000,0x000000,0x000000,0x000000,0x000000,0x000000,0x000000,0x000000,
0x000000,0x000000,0x000000,0x000000,0x000000,0x000000,0x000000,0x000000,
0x000000,0x000000,0x000000,0x000000,0x000000,0x000000,0x000000,0x000000,
0x000000,0x000000,0x000000,0x000000,0x000000,0x000000,0x000000,0x000000,
0x000000,0x000000,0x000000,0x000000,0x000000,0x000000,0x000000,0x000000,
0x000000,0x000000,0x000000,0x000000,0x000000,0x000000,0x000000,0x000000,
0x000000,0x000000,0x000000,0x000000,0x000000,0x000000,0x000000,0x000000,
0x000000,0x000000,0x000000,0x000000,0x000000,0x000000,0x000000,0x000000,
0x000000,0x000000,0x000000,0x000000,0x000000,0x000000,0x000000,0x000000,
0x000000,0x000000,0x000000,0x000000,0x000000,0x000000,0x000000,0x000000,
0x000000,0x000000,0x000000,0x000000,0x000000,0x000000,0x000000,0x000000,
0x000000,0x000000,0x000000,0x000000,0x000000,0x000000,0x000000,0x000000,
0x000000,0x000000,0x000000,0x000000,0x000000,0x000000,0x000000,0x000000,
0x000000,0x000000,0x000000,0x000000,0x000000,0x000000,0x000000,0x000000,
0x000000,0x000000,0x000000,0x000000,0x000000,0x000000,0x000000,0x000000,
0x000000,0x000000,0x000000,0x000000,0x000000,0x000000,0x000000,0x000000,
0x000000,0x000000,0x000000,0x000000,0x000000,0x000000,0x000000,0x000000,
0x000000,0x000000,0x000000,0x000000,0x000000,0x000000,0x000000,0x000000,
0x000000,0x000000,0x000000,0x000000,0x000000,0x000000,0x000000,0x000000,
0x000000,0x000000,0x000000,0x000000,0x000000,0x000000,0x000000,0x000000,
0x000000,0x000000,0x000000,0x000000,0x000000,0x000000,0x000000,0x000000,
0x000000,0x000000,0x000000,0x000000,0x000000,0x000000,0x000000,0x000000,
0x000000,0x000000,0x000000,0x000000,0x000000,0x000000,0x000000,0x000000,
0x000000,0x000000,0x000000,0x000000,0x000000,0x000000,0x000000,0x000000,
0x000000,0x000000,0x000000,0x000000,0x000000,0x000000,0x000000,0x000000,
0x000000,0x000000,0x000000,0x000000,0x000000,0x000000,0x000000,0x000000,
0x000000,0x000000,0x000000,0x000000,0x000000,0x000000,0x000000,0x000000,
0x000000,0x000000,0x000000,0x000000,0x000000,0x000000,0x000000,0x000000,
0x000000,0x000000,0x000000,0x000000,0x000000,0x000000,0x000000,0x000000,
0x000000,0x000000,0x000000,0x000000,0x000000,0x000000,0x000000,0x000000,
0x000000,0x000000,0x000000,0x000000,0x000000,0x000000,0x000000,0x000000,
0x000000,0x000000,0x000000,0x000000,0x000000,0x000000,0x000000,0x000000,
0x000000,0x000000,0x000000,0x000000,0x000000,0x000000,0x000000,0x000000,
0x000000,0x000000,0x000000,0x000000,0x000000,0x000000,0x000000,0x000000,
0x000000,0x000000,0x000000,0x000000,0x000000,0x000000,0x000000,0x000000,
0x000000,0x000000,0x000000,0x000000,0x000000,0x000000,0x000000,0x000000,
0x000000,0x000000,0x000000,0x000000,0x000000,0x000000,0x000000,0x000000,
0x000000,0x000000,0x000000,0x000000,0x000000,0x000000,0x000000,0x000000,
0x000000,0x000000,0x000000,0x000000,0x000000,0x000000,0x000000,0x000000,
0x000000,0x000000,0x000000,0x000000,0x000000,0x000000,0x000000,0x000000,
0x000000,0x000000,0x000000,0x000000,0x000000,0x000000,0x000000,0x000000,
0x000000,0x000000,0x000000,0x000000,0x000000,0x000000,0x000000,0x000000,
0x000000,0x000000,0x000000,0x000000,0x000000,0x000000,0x000000,0x000000,
0x000000,0x000000,0x000000,0x000000,0x000000,0x000000,0x000000,0x000000,
0x000000,0x000000,0x000000,0x000000,0x000000,0x000000,0x000000,0x000000,
0x000000,0x000000,0x000000,0x000000,0x000000,0x000000,0x000000,0x000000,
0x000000,0x000000,0x000000,0x000000,0x000000,0x000000,0x000000,0x000000,
0x000000,0x000000,0x000000,0x000000,0x000000,0x000000,0x000000,0x000000,
0x000000,0x000000,0x000000,0x000000,0x000000,0x000000,0x000000,0x000000,
0x000000,0x000000,0x000000,0x000000,0x000000,0x000000,0x000000,0x000000,
0x000000,0x000000,0x000000,0x000000,0x000000,0x000000,0x000000,0x000000,
0x000000,0x000000,0x000000,0x000000,0x000000,0x000000,0x000000,0x000000,
0x000000,0x000000,0x000000,0x000000,0x000000,0x000000,0x000000,0x000000,
0x000000,0x000000,0x000000,0x000000,0x000000,0x000000,0x000000,0x000000,
0x000000,0x000000,0x000000,0x000000,0x000000,0x000000,0x000000,0x000000,
0x000000,0x000000,0x000000,0x000000,0x000000,0x000000,0x000000,0x000000,
0x000000,0x000000,0x000000,0x000000,0x000000,0x000000,0x000000,0x000000,
0x000000,0x000000,0x000000,0x000000,0x000000,0x000000,0x000000,0x000000,
0x000000,0x000000,0x000000,0x000000,0x000000,0x000000,0x000000,0x000000,
0x000000,0x000000,0x000000,0x000000,0x000000,0x000000,0x000000,0x000000,
0x000000,0x000000,0x000000,0x000000,0x000000,0x000000,0x000000,0x000000,
0x000000,0x000000,0x000000,0x000000,0x000000,0x000000,0x000000,0x000000,
0x000000,0x000000,0x000000,0x000000,0x000000,0x000000,0x000000,0x000000,
0x000000,0x000000,0x000000,0x000000,0x000000,0x000000,0x000000,0x000000,
0x000000,0x000000,0x000000,0x000000,0x000000,0x000000,0x000000,0x000000,
0x000000,0x000000,0x000000,0x000000,0x000000,0x000000,0x000000,0x000000,
0x000000,0x000000,0x000000,0x000000,0x000000,0x000000,0x000000,0x000000,
0x000000,0x000000,0x000000,0x000000,0x000000,0x000000,0x000000,0x000000,
0x000000,0x000000,0x000000,0x000000,0x000000,0x000000,0x000000,0x000000,
0x000000,0x000000,0x000000,0x000000,0x000000,0x000000,0x000000,0x000000,
0x000000,0x000000,0x000000,0x000000,0x000000,0x000000,0x000000,0x000000,
0x000000,0x000000,0x000000,0x000000,0x000000,0x000000,0x000000,0x000000,
0x000000,0x000000,0x000000,0x000000,0x000000,0x000000,0x000000,0x000000,
0x000000,0x000000,0x000000,0x000000,0x000000,0x000000,0x000000,0x000000,
0x000000,0x000000,0x000000,0x000000,0x000000,0x000000,0x000000,0x000000,
0x000000,0x000000,0x000000,0x000000,0x000000,0x000000,0x000000,0x000000,
0x000000,0x000000,0x000000,0x000000,0x000000,0x000000,0x000000,0x000000,
0x000000,0x000000,0x000000,0x000000,0x000000,0x000000,0x000000,0x000000,
0x000000,0x000000,0x000000,0x000000,0x000000,0x000000,0x000000,0x000000,
0x000000,0x000000,0x000000,0x000000,0x000000,0x000000,0x000000,0x000000,
0x000000,0x000000,0x000000,0x000000,0x000000,0x000000,0x000000,0x000000,
0x000000,0x000000,0x000000,0x000000,0x000000,0x000000,0x000000,0x000000,
0x000000,0x000000,0x000000,0x000000,0x000000,0x000000,0x000000,0x000000,
0x000000,0x000000,0x000000,0x000000,0x000000,0x000000,0x000000,0x000000,
0x000000,0x000000,0x000000,0x000000,0x000000,0x000000,0x000000,0x000000,
0x000000,0x000000,0x000000,0x000000,0x000000,0x000000,0x000000,0x000000,
0x000000,0x000000,0x000000,0x000000,0x000000,0x000000,0x000000,0x000000,
0x000000,0x000000,0x000000,0x000000,0x000000,0x000000,0x000000,0x000000,
0x000000,0x000000,0x000000,0x000000,0x000000,0x000000,0x000000,0x000000,
0x000000,0x000000,0x000000,0x000000,0x000000,0x000000,0x000000,0x000000,
0x000000,0x000000,0x000000,0x000000,0x000000,0x000000,0x000000,0x000000,
0x000000,0x000000,0x000000,0x000000,0x000000,0x000000,0x000000,0x000000,
0x000000,0x000000,0x000000,0x000000,0x000000,0x000000,0x000000,0x000000,
0x000000,0x000000,0x000000,0x000000,0x000000,0x000000,0x000000,0x000000,
0x000000,0x000000,0x000000,0x000000,0x000000,0x000000,0x000000,0x000000,
0x000000,0x000000,0x000000,0x000000,0x000000,0x000000,0x000000,0x000000,
0x000000,0x000000,0x000000,0x000000,0x000000,0x000000,0x000000,0x000000,
0x000000,0x000000,0x000000,0x000000,0x000000,0x000000,0x000000,0x000000,
0x000000,0x000000,0x000000,0x000000,0x000000,0x000000,0x000000,0x000000,
0x000000,0x000000,0x000000,0x000000,0x000000,0x000000,0x000000,0x000000,
0x000000,0x000000,0x000000,0x000000,0x000000,0x000000,0x000000,0x000000,
0x000000,0x000000,0x000000,0x000000,0x000000,0x000000,0x000000,0x000000,
0x000000,0x000000,0x000000,0x000000,0x000000,0x000000,0x000000,0x000000,
0x000000,0x000000,0x000000,0x000000,0x000000,0x000000,0x000000,0x000000,
0x000000,0x000000,0x000000,0x000000,0x000000,0x000000,0x000000,0x000000,
0x000000,0x000000,0x000000,0x000000,0x000000,0x000000,0x000000,0x000000,
0x000000,0x000000,0x000000,0x000000,0x000000,0x000000,0x000000,0x000000,
0x000000,0x000000,0x000000,0x000000,0x000000,0x000000,0x000000,0x000000,
0x000000,0x000000,0x000000,0x000000,0x000000,0x000000,0x000000,0x000000,
0x000000,0x000000,0x000000,0x000000,0x000000,0x000000,0x000000,0x000000,
0x000000,0x000000,0x000000,0x000000,0x000000,0x000000,0x000000,0x000000,
0x000000,0x000000,0x000000,0x000000,0x000000,0x000000,0x000000,0x000000,
0x000000,0x000000,0x000000,0x000000,0x000000,0x000000,0x000000,0x000000,
0x000000,0x000000,0x000000,0x000000,0x000000,0x000000,0x000000,0x000000,
0x000000,0x000000,0x000000,0x000000,0x000000,0x000000,0x000000,0x000000,
0x000000,0x000000,0x000000,0x000000,0x000000,0x000000,0x000000,0x000000,
0x000000,0x000000,0x000000,0x000000,0x000000,0x000000,0x000000,0x000000,
0x000000,0x000000,0x000000,0x000000,0x000000,0x000000,0x000000,0x000000,
0x000000,0x000000,0x000000,0x000000,0x000000,0x000000,0x000000,0x000000,
0x000000,0x000000,0x000000,0x000000,0x000000,0x000000,0x000000,0x000000,
0x000000,0x000000,0x000000,0x000000,0x000000,0x000000,0x000000,0x000000,
0x000000,0x000000,0x000000,0x000000,0x000000,0x000000,0x000000,0x000000,
0x000000,0x000000,0x000000,0x000000,0x000000,0x000000,0x000000,0x000000,
0x000000,0x000000,0x000000,0x000000,0x000000,0x000000,0x000000,0x000000,
0x000000,0x000000,0x000000,0x000000,0x000000,0x000000,0x000000,0x000000,
0x000000,0x000000,0x000000,0x000000,0x000000,0x000000,0x000000,0x000000,
0x000000,0x000000,0x000000,0x000000,0x000000,0x000000,0x000000,0x000000,
0x000000,0x000000,0x000000,0x000000,0x000000,0x000000,0x000000,0x000000,
0x000000,0x000000,0x000000,0x000000,0x000000,0x000000,0x000000,0x000000,
0x000000,0x000000,0x000000,0x000000,0x000000,0x000000,0x000000,0x000000,
0x000000,0x000000,0x000000,0x000000,0x000000,0x000000,0x000000,0x000000,
0x000000,0x000000,0x000000,0x000000,0x000000,0x000000,0x000000,0x000000,
0x000000,0x000000,0x000000,0x000000,0x000000,0x000000,0x000000,0x000000,
0x000000,0x000000,0x000000,0x000000,0x000000,0x000000,0x000000,0x000000,
0x000000,0x000000,0x000000,0x000000,0x000000,0x000000,0x000000,0x000000,
0x000000,0x000000,0x000000,0x000000,0x000000,0x000000,0x000000,0x000000,
0x000000,0x000000,0x000000,0x000000,0x000000,0x000000,0x000000,0x000000,
0x000000,0x000000,0x000000,0x000000,0x000000,0x000000,0x000000,0x000000,
0x000000,0x000000,0x000000,0x000000,0x000000,0x000000,0x000000,0x000000,
0x000000,0x000000,0x000000,0x000000,0x000000,0x000000,0x000000,0x000000,
0x000000,0x000000,0x000000,0x000000,0x000000,0x000000,0x000000,0x000000,
0x000000,0x000000,0x000000,0x000000,0x000000,0x000000,0x000000,0x000000,
0x000000,0x000000,0x000000,0x000000,0x000000,0x000000,0x000000,0x000000,
0x000000,0x000000,0x000000,0x000000,0x000000,0x000000,0x000000,0x000000,
0x000000,0x000000,0x000000,0x000000,0x000000,0x000000,0x000000,0x000000,
0x000000,0x000000,0x000000,0x000000,0x000000,0x000000,0x000000,0x000000,
0x000000,0x000000,0x000000,0x000000,0x000000,0x000000,0x000000,0x000000,
0x000000,0x000000,0x000000,0x000000,0x000000,0x000000,0x000000,0x000000,
0x000000,0x000000,0x000000,0x000000,0x000000,0x000000,0x000000,0x000000,
0x000000,0x000000,0x000000,0x000000,0x000000,0x000000,0x000000,0x000000,
0x000000,0x000000,0x000000,0x000000,0x000000,0x000000,0x000000,0x000000,
0x000000,0x000000,0x000000,0x000000,0x000000,0x000000,0x000000,0x000000,
0x000000,0x000000,0x000000,0x000000,0x000000,0x000000,0x000000,0x000000,
0x000000,0x000000,0x000000,0x000000,0x000000,0x000000,0x000000,0x000000,
0x000000,0x000000,0x000000,0x000000,0x000000,0x000000,0x000000,0x000000,
0x000000,0x000000,0x000000,0x000000,0x000000,0x000000,0x000000,0x000000,
0x000000,0x000000,0x000000,0x000000,0x000000,0x000000,0x000000,0x000000,
0x000000,0x000000,0x000000,0x000000,0x000000,0x000000,0x000000,0x000000,
0x000000,0x000000,0x000000,0x000000,0x000000,0x000000,0x000000,0x000000,
0x000000,0x000000,0x000000,0x000000,0x000000,0x000000,0x000000,0x000000,
0x000000,0x000000,0x000000,0x000000,0x000000,0x000000,0x000000,0x000000,
0x000000,0x000000,0x000000,0x000000,0x000000,0x000000,0x000000,0x000000,
0x000000,0x000000,0x000000,0x000000,0x000000,0x000000,0x000000,0x000000,
0x000000,0x000000,0x000000,0x000000,0x000000,0x000000,0x000000,0x000000,
0x000000,0x000000,0x000000,0x000000,0x000000,0x000000,0x000000,0x000000,
0x000000,0x000000,0x000000,0x000000,0x000000,0x000000,0x000000,0x000000,
0x000000,0x000000,0x000000,0x000000,0x000000,0x000000,0x000000,0x000000,
0x000000,0x000000,0x000000,0x000000,0x000000,0x000000,0x000000,0x000000,
0x000000,0x000000,0x000000,0x000000,0x000000,0x000000,0x000000,0x000000,
0x000000,0x000000,0x000000,0x000000,0x000000,0x000000,0x000000,0x000000,
0x000000,0x000000,0x000000,0x000000,0x000000,0x000000,0x000000,0x000000,
0x000000,0x000000,0x000000,0x000000,0x000000,0x000000,0x000000,0x000000,
0x000000,0x000000,0x000000,0x000000,0x000000,0x000000,0x000000,0x000000,
0x000000,0x000000,0x000000,0x000000,0x000000,0x000000,0x000000,0x000000,
0x000000,0x000000,0x000000,0x000000,0x000000,0x000000,0x000000,0x000000,
0x000000,0x000000,0x000000,0x000000,0x000000,0x000000,0x000000,0x000000,
0x000000,0x000000,0x000000,0x000000,0x000000,0x000000,0x000000,0x000000,
0x000000,0x000000,0x000000,0x000000,0x000000,0x000000,0x000000,0x000000,
0x000000,0x000000,0x000000,0x000000,0x000000,0x000000,0x000000,0x000000,
0x000000,0x000000,0x000000,0x000000,0x000000,0x000000,0x000000,0x000000,
0x000000,0x000000,0x000000,0x000000,0x000000,0x000000,0x000000,0x000000,
0x000000,0x000000,0x000000,0x000000,0x000000,0x000000,0x000000,0x000000,
0x000000,0x000000,0x000000,0x000000,0x000000,0x000000,0x000000,0x000000,
0x000000,0x000000,0x000000,0x000000,0x000000,0x000000,0x000000,0x000000,
0x000000,0x000000,0x000000,0x000000,0x000000,0x000000,0x000000,0x000000,
0x000000,0x000000,0x000000,0x000000,0x000000,0x000000,0x000000,0x000000,
0x000000,0x000000,0x000000,0x000000,0x000000,0x000000,0x000000,0x000000,
0x000000,0x000000,0x000000,0x000000,0x000000,0x000000,0x000000,0x000000,
0x000000,0x000000,0x000000,0x000000,0x000000,0x000000,0x000000,0x000000,
0x000000,0x000000,0x000000,0x000000,0x000000,0x000000,0x000000,0x000000,
0x000000,0x000000,0x000000,0x000000,0x000000,0x000000,0x000000,0x000000,
0x000000,0x000000,0x000000,0x000000,0x000000,0x000000,0x000000,0x000000,
0x000000,0x000000,0x000000,0x000000,0x000000,0x000000,0x000000,0x000000,
0x000000,0x000000,0x000000,0x000000,0x000000,0x000000,0x000000,0x000000,
0x000000,0x000000,0x000000,0x000000,0x000000,0x000000,0x000000,0x000000,
0x000000,0x000000,0x000000,0x000000,0x000000,0x000000,0x000000,0x000000,
0x000000,0x000000,0x000000,0x000000,0x000000,0x000000,0x000000,0x000000,
0x000000,0x000000,0x000000,0x000000,0x000000,0x000000,0x000000,0x000000,
0x000000,0x000000,0x000000,0x000000,0x000000,0x000000,0x000000,0x000000,
0x000000,0x000000,0x000000,0x000000,0x000000,0x000000,0x000000,0x000000,
0x000000,0x000000,0x000000,0x000000,0x000000,0x000000,0x000000,0x000000,
0x000000,0x000000,0x000000,0x000000,0x000000,0x000000,0x000000,0x000000,
0x000000,0x000000,0x000000,0x000000,0x000000,0x000000,0x000000,0x000000,
0x000000,0x000000,0x000000,0x000000,0x000000,0x000000,0x000000,0x000000,
0x000000,0x000000,0x000000,0x000000,0x000000,0x000000,0x000000,0x000000,
0x000000,0x000000,0x000000,0x000000,0x000000,0x000000,0x000000,0x000000,
0x000000,0x000000,0x000000,0x000000,0x000000,0x000000,0x000000,0x000000,
0x000000,0x000000,0x000000,0x000000,0x000000,0x000000,0x000000,0x000000,
0x000000,0x000000,0x000000,0x000000,0x000000,0x000000,0x000000,0x000000,
0x000000,0x000000,0x000000,0x000000,0x000000,0x000000,0x000000,0x000000,
0x000000,0x000000,0x000000,0x000000,0x000000,0x000000,0x000000,0x000000,
0x000000,0x000000,0x000000,0x000000,0x000000,0x000000,0x000000,0x000000,
0x000000,0x000000,0x000000,0x000000,0x000000,0x000000,0x000000,0x000000,
0x000000,0x000000,0x000000,0x000000,0x000000,0x000000,0x000000,0x000000,
0x000000,0x000000,0x000000,0x000000,0x000000,0x000000,0x000000,0x000000,
0x000000,0x000000,0x000000,0x000000,0x000000,0x000000,0x000000,0x000000,
0x000000,0x000000,0x000000,0x000000,0x000000,0x000000,0x000000,0x000000,
0x000000,0x000000,0x000000,0x000000,0x000000,0x000000,0x000000,0x000000,
0x000000,0x000000,0x000000,0x000000,0x000000,0x000000,0x000000,0x000000,
0x000000,0x000000,0x000000,0x000000,0x000000,0x000000,0x000000,0x000000,
0x000000,0x000000,0x000000,0x000000,0x000000,0x000000,0x000000,0x000000,
0x000000,0x000000,0x000000,0x000000,0x000000,0x000000,0x000000,0x000000,
0x000000,0x000000,0x000000,0x000000,0x000000,0x000000,0x000000,0x000000,
0x000000,0x000000,0x000000,0x000000,0x000000,0x000000,0x000000,0x000000,
0x000000,0x000000,0x000000,0x000000,0x000000,0x000000,0x000000,0x000000,
0x000000,0x000000,0x000000,0x000000,0x000000,0x000000,0x000000,0x000000,
0x000000,0x000000,0x000000,0x000000,0x000000,0x000000,0x000000,0x000000,
0x000000,0x000000,0x000000,0x000000,0x000000,0x000000,0x000000,0x000000,
0x000000,0x000000,0x000000,0x000000,0x000000,0x000000,0x000000,0x000000,
0x000000,0x000000,0x000000,0x000000,0x000000,0x000000,0x000000,0x000000,
0x000000,0x000000,0x000000,0x000000,0x000000,0x000000,0x000000,0x000000,
0x000000,0x000000,0x000000,0x000000,0x000000,0x000000,0x000000,0x000000,
0x000000,0x000000,0x000000,0x000000,0x000000,0x000000,0x000000,0x000000,
0x000000,0x000000,0x000000,0x000000,0x000000,0x000000,0x000000,0x000000,
0x000000,0x000000,0x000000,0x000000,0x000000,0x000000,0x000000,0x000000,
0x000000,0x000000,0x000000,0x000000,0x000000,0x000000,0x000000,0x000000,
0x000000,0x000000,0x000000,0x000000,0x000000,0x000000,0x000000,0x000000,
0x000000,0x000000,0x000000,0x000000,0x000000,0x000000,0x000000,0x000000,
0x000000,0x000000,0x000000,0x000000,0x000000,0x000000,0x000000,0x000000,
0x000000,0x000000,0x000000,0x000000,0x000000,0x000000,0x000000,0x000000,
0x000000,0x000000,0x000000,0x000000,0x000000,0x000000,0x000000,0x000000,
0x000000,0x000000,0x000000,0x000000,0x000000,0x000000,0x000000,0x000000,
0x000000,0x000000,0x000000,0x000000,0x000000,0x000000,0x000000,0x000000,
0x000000,0x000000,0x000000,0x000000,0x000000,0x000000,0x000000,0x000000,
0x000000,0x000000,0x000000,0x000000,0x000000,0x000000,0x000000,0x000000,
0x000000,0x000000,0x000000,0x000000,0x000000,0x000000,0x000000,0x000000,
0x000000,0x000000,0x000000,0x000000,0x000000,0x000000,0x000000,0x000000,
0x000000,0x000000,0x000000,0x000000,0x000000,0x000000,0x000000,0x000000,
0x000000,0x000000,0x000000,0x000000,0x000000,0x000000,0x000000,0x000000,
0x000000,0x000000,0x000000,0x000000,0x000000,0x000000,0x000000,0x000000,
0x000000,0x000000,0x000000,0x000000,0x000000,0x000000,0x000000,0x000000,
0x000000,0x000000,0x000000,0x000000,0x000000,0x000000,0x000000,0x000000,
0x000000,0x000000,0x000000,0x000000,0x000000,0x000000,0x000000,0x000000,
0x000000,0x000000,0x000000,0x000000,0x000000,0x000000,0x000000,0x000000,
0x000000,0x000000,0x000000,0x000000,0x000000,0x000000,0x000000,0x000000,
0x000000,0x000000,0x000000,0x000000,0x000000,0x000000,0x000000,0x000000,
0x000000,0x000000,0x000000,0x000000,0x000000,0x000000,0x000000,0x000000,
0x000000,0x000000,0x000000,0x000000,0x000000,0x000000,0x000000,0x000000,
0x000000,0x000000,0x000000,0x000000,0x000000,0x000000,0x000000,0x000000,
0x000000,0x000000,0x000000,0x000000,0x000000,0x000000,0x000000,0x000000,
0x000000,0x000000,0x000000,0x000000,0x000000,0x000000,0x000000,0x000000,
0x000000,0x000000,0x000000,0x000000,0x000000,0x000000,0x000000,0x000000,
0x000000,0x000000,0x000000,0x000000,0x000000,0x000000,0x000000,0x000000,
0x000000,0x000000,0x000000,0x000000,0x000000,0x000000,0x000000,0x000000,
0x000000,0x000000,0x000000,0x000000,0x000000,0x000000,0x000000,0x000000,
0x000000,0x000000,0x000000,0x000000,0x000000,0x000000,0x000000,0x000000,
0x000000,0x000000,0x000000,0x000000,0x000000,0x000000,0x000000,0x000000,
0x000000,0x000000,0x000000,0x000000,0x000000,0x000000,0x000000,0x000000,
0x000000,0x000000,0x000000,0x000000,0x000000,0x000000,0x000000,0x000000,
0x000000,0x000000,0x000000,0x000000,0x000000,0x000000,0x000000,0x000000,
0x000000,0x000000,0x000000,0x000000,0x000000,0x000000,0x000000,0x000000,
0x000000,0x000000,0x000000,0x000000,0x000000,0x000000,0x000000,0x000000,
0x000000,0x000000,0x000000,0x000000,0x000000,0x000000,0x000000,0x000000,
0x000000,0x000000,0x000000,0x000000,0x000000,0x000000,0x000000,0x000000,
0x000000,0x000000,0x000000,0x000000,0x000000,0x000000,0x000000,0x000000,
0x000000,0x000000,0x000000,0x000000,0x000000,0x000000,0x000000,0x000000,
0x000000,0x000000,0x000000,0x000000,0x000000,0x000000,0x000000,0x000000,
0x000000,0x000000,0x000000,0x000000,0x000000,0x000000,0x000000,0x000000,
0x000000,0x000000,0x000000,0x000000,0x000000,0x000000,0x000000,0x000000,
0x000000,0x000000,0x000000,0x000000,0x000000,0x000000,0x000000,0x000000,
0x000000,0x000000,0x000000,0x000000,0x000000,0x000000,0x000000,0x000000,
0x000000,0x000000,0x000000,0x000000,0x000000,0x000000,0x000000,0x000000,
0x000000,0x000000,0x000000,0x000000,0x000000,0x000000,0x000000,0x000000,
0x000000,0x000000,0x000000,0x000000,0x000000,0x000000,0x000000,0x000000,
0x000000,0x000000,0x000000,0x000000,0x000000,0x000000,0x000000,0x000000,
0x000000,0x000000,0x000000,0x000000,0x000000,0x000000,0x000000,0x000000,
0x000000,0x000000,0x000000,0x000000,0x000000,0x000000,0x000000,0x000000,
0x000000,0x000000,0x000000,0x000000,0x000000,0x000000,0x000000,0x000000,
0x000000,0x000000,0x000000,0x000000,0x000000,0x000000,0x000000,0x000000,
0x000000,0x000000,0x000000,0x000000,0x000000,0x000000,0x000000,0x000000,
0x000000,0x000000,0x000000,0x000000,0x000000,0x000000,0x000000,0x000000,
0x000000,0x000000,0x000000,0x000000,0x000000,0x000000,0x000000,0x000000,
0x000000,0x000000,0x000000,0x000000,0x000000,0x000000,0x000000,0x000000,
0x000000,0x000000,0x000000,0x000000,0x000000,0x000000,0x000000,0x000000,
0x000000,0x000000,0x000000,0x000000,0x000000,0x000000,0x000000,0x000000,
0x000000,0x000000,0x000000,0x000000,0x000000,0x000000,0x000000,0x000000,
0x000000,0x000000,0x000000,0x000000,0x000000,0x000000,0x000000,0x000000,
0x000000,0x000000,0x000000,0x000000,0x000000,0x000000,0x000000,0x000000,
0x000000,0x000000,0x000000,0x000000,0x000000,0x000000,0x000000,0x000000,
0x000000,0x000000,0x000000,0x000000,0x000000,0x000000,0x000000,0x000000,
0x000000,0x000000,0x000000,0x000000,0x000000,0x000000,0x000000,0x000000,
0x000000,0x000000,0x000000,0x000000,0x000000,0x000000,0x000000,0x000000,
0x000000,0x000000,0x000000,0x000000,0x000000,0x000000,0x000000,0x000000,
0x000000,0x000000,0x000000,0x000000,0x000000,0x000000,0x000000,0x000000,
0x000000,0x000000,0x000000,0x000000,0x000000,0x000000,0x000000,0x000000,
0x000000,0x000000,0x000000,0x000000,0x000000,0x000000,0x000000,0x000000,
0x000000,0x000000,0x000000,0x000000,0x000000,0x000000,0x000000,0x000000,
0x000000,0x000000,0x000000,0x000000,0x000000,0x000000,0x000000,0x000000,
0x000000,0x000000,0x000000,0x000000,0x000000,0x000000,0x000000,0x000000,
0x000000,0x000000,0x000000,0x000000,0x000000,0x000000,0x000000,0x000000,
0x000000,0x000000,0x000000,0x000000,0x000000,0x000000,0x000000,0x000000,
0x000000,0x000000,0x000000,0x000000,0x000000,0x000000,0x000000,0x000000,
0x000000,0x000000,0x000000,0x000000,0x000000,0x000000,0x000000,0x000000,
0x000000,0x000000,0x000000,0x000000,0x000000,0x000000,0x000000,0x000000,
0x000000,0x000000,0x000000,0x000000,0x000000,0x000000,0x000000,0x000000,
0x000000,0x000000,0x000000,0x000000,0x000000,0x000000,0x000000,0x000000,
0x000000,0x000000,0x000000,0x000000,0x000000,0x000000,0x000000,0x000000,
0x000000,0x000000,0x000000,0x000000,0x000000,0x000000,0x000000,0x000000,
0x000000,0x000000,0x000000,0x000000,0x000000,0x000000,0x000000,0x000000,
0x000000,0x000000,0x000000,0x000000,0x000000,0x000000,0x000000,0x000000,
0x000000,0x000000,0x000000,0x000000,0x000000,0x000000,0x000000,0x000000,
0x000000,0x000000,0x000000,0x000000,0x000000,0x000000,0x000000,0x000000,
0x000000,0x000000,0x000000,0x000000,0x000000,0x000000,0x000000,0x000000,
0x000000,0x000000,0x000000,0x000000,0x000000,0x000000,0x000000,0x000000,
0x000000,0x000000,0x000000,0x000000,0x000000,0x000000,0x000000,0x000000,
0x000000,0x000000,0x000000,0x000000,0x000000,0x000000,0x000000,0x000000,
0x000000,0x000000,0x000000,0x000000,0x000000,0x000000,0x000000,0x000000,
0x000000,0x000000,0x000000,0x000000,0x000000,0x000000,0x000000,0x000000,
0x000000,0x000000,0x000000,0x000000,0x000000,0x000000,0x000000,0x000000,
0x000000,0x000000,0x000000,0x000000,0x000000,0x000000,0x000000,0x000000,
0x000000,0x000000,0x000000,0x000000,0x000000,0x000000,0x000000,0x000000,
0x000000,0x000000,0x000000,0x000000,0x000000,0x000000,0x000000,0x000000,
0x000000,0x000000,0x000000,0x000000,0x000000,0x000000,0x000000,0x000000,
0x000000,0x000000,0x000000,0x000000,0x000000,0x000000,0x000000,0x000000,
0x000000,0x000000,0x000000,0x000000,0x000000,0x000000,0x000000,0x000000,
0x000000,0x000000,0x000000,0x000000,0x000000,0x000000,0x000000,0x000000,
0x000000,0x000000,0x000000,0x000000,0x000000,0x000000,0x000000,0x000000,
0x000000,0x000000,0x000000,0x000000,0x000000,0x000000,0x000000,0x000000,
0x000000,0x000000,0x000000,0x000000,0x000000,0x000000,0x000000,0x000000,
0x000000,0x000000,0x000000,0x000000,0x000000,0x000000,0x000000,0x000000,
0x000000,0x000000,0x000000,0x000000,0x000000,0x000000,0x000000,0x000000,
0x000000,0x000000,0x000000,0x000000,0x000000,0x000000,0x000000,0x000000,
0x000000,0x000000,0x000000,0x000000,0x000000,0x000000,0x000000,0x000000,
0x000000,0x000000,0x000000,0x000000,0x000000,0x000000,0x000000,0x000000,
0x000000,0x000000,0x000000,0x000000,0x000000,0x000000,0x000000,0x000000,
0x000000,0x000000,0x000000,0x000000,0x000000,0x000000,0x000000,0x000000,
0x000000,0x000000,0x000000,0x000000,0x000000,0x000000,0x000000,0x000000,
0x000000,0x000000,0x000000,0x000000,0x000000,0x000000,0x000000,0x000000,
0x000000,0x000000,0x000000,0x000000,0x000000,0x000000,0x000000,0x000000,
0x000000,0x000000,0x000000,0x000000,0x000000,0x000000,0x000000,0x000000,
0x000000,0x000000,0x000000,0x000000,0x000000,0x000000,0x000000,0x000000,
0x000000,0x000000,0x000000,0x000000,0x000000,0x000000,0x000000,0x000000,
0x000000,0x000000,0x000000,0x000000,0x000000,0x000000,0x000000,0x000000,
0x000000,0x000000,0x000000,0x000000,0x000000,0x000000,0x000000,0x000000,
0x000000,0x000000,0x000000,0x000000,0x000000,0x000000,0x000000,0x000000,
0x000000,0x000000,0x000000,0x000000,0x000000,0x000000,0x000000,0x000000,
0x000000,0x000000,0x000000,0x000000,0x000000,0x000000,0x000000,0x000000,
0x000000,0x000000,0x000000,0x000000,0x000000,0x000000,0x000000,0x000000,
0x000000,0x000000,0x000000,0x000000,0x000000,0x000000,0x000000,0x000000,
0x000000,0x000000,0x000000,0x000000,0x000000,0x000000,0x000000,0x000000,
0x000000,0x000000,0x000000,0x000000,0x000000,0x000000,0x000000,0x000000,
0x000000,0x000000,0x000000,0x000000,0x000000,0x000000,0x000000,0x000000,
0x000000,0x000000,0x000000,0x000000,0x000000,0x000000,0x000000,0x000000,
0x000000,0x000000,0x000000,0x000000,0x000000,0x000000,0x000000,0x000000,
0x000000,0x000000,0x000000,0x000000,0x000000,0x000000,0x000000,0x000000,
0x000000,0x000000,0x000000,0x000000,0x000000,0x000000,0x000000,0x000000,
0x000000,0x000000,0x000000,0x000000,0x000000,0x000000,0x000000,0x000000,
0x000000,0x000000,0x000000,0x000000,0x000000,0x000000,0x000000,0x000000,
0x000000,0x000000,0x000000,0x000000,0x000000,0x000000,0x000000,0x000000,
0x000000,0x000000,0x000000,0x000000,0x000000,0x000000,0x000000,0x000000,
0x000000,0x000000,0x000000,0x000000,0x000000,0x000000,0x000000,0x000000,
0x000000,0x000000,0x000000,0x000000,0x000000,0x000000,0x000000,0x000000,
0x000000,0x000000,0x000000,0x000000,0x000000,0x000000,0x000000,0x000000,
0x000000,0x000000,0x000000,0x000000,0x000000,0x000000,0x000000,0x000000,
0x000000,0x000000,0x000000,0x000000,0x000000,0x000000,0x000000,0x000000,
0x000000,0x000000,0x000000,0x000000,0x000000,0x000000,0x000000,0x000000,
0x000000,0x000000,0x000000,0x000000,0x000000,0x000000,0x000000,0x000000,
0x000000,0x000000,0x000000,0x000000,0x000000,0x000000,0x000000,0x000000,
0x000000,0x000000,0x000000,0x000000,0x000000,0x000000,0x000000,0x000000,
0x000000,0x000000,0x000000,0x000000,0x000000,0x000000,0x000000,0x000000,
0x000000,0x000000,0x000000,0x000000,0x000000,0x000000,0x000000,0x000000,
0x000000,0x000000,0x000000,0x000000,0x000000,0x000000,0x000000,0x000000,
0x000000,0x000000,0x000000,0x000000,0x000000,0x000000,0x000000,0x000000,
0x000000,0x000000,0x000000,0x000000,0x000000,0x000000,0x000000,0x000000,
0x000000,0x000000,0x000000,0x000000,0x000000,0x000000,0x000000,0x000000,
0x000000,0x000000,0x000000,0x000000,0x000000,0x000000,0x000000,0x000000,
0x000000,0x000000,0x000000,0x000000,0x000000,0x000000,0x000000,0x000000,
0x000000,0x000000,0x000000,0x000000,0x000000,0x000000,0x000000,0x000000,
0x000000,0x000000,0x000000,0x000000,0x000000,0x000000,0x000000,0x000000,
0x000000,0x000000,0x000000,0x000000,0x000000,0x000000,0x000000,0x000000,
0x000000,0x000000,0x000000,0x000000,0x000000,0x000000,0x000000,0x000000,
0x000000,0x000000,0x000000,0x000000,0x000000,0x000000,0x000000,0x000000,
0x000000,0x000000,0x000000,0x000000,0x000000,0x000000,0x000000,0x000000,
0x000000,0x000000,0x000000,0x000000,0x000000,0x000000,0x000000,0x000000,
0x000000,0x000000,0x000000,0x000000,0x000000,0x000000,0x000000,0x000000,
0x000000,0x000000,0x000000,0x000000,0x000000,0x000000,0x000000,0x000000,
0x000000,0x000000,0x000000,0x000000,0x000000,0x000000,0x000000,0x000000,
0x000000,0x000000,0x000000,0x000000,0x000000,0x000000,0x000000,0x000000,
0x000000,0x000000,0x000000,0x000000,0x000000,0x000000,0x000000,0x000000,
0x000000,0x000000,0x000000,0x000000,0x000000,0x000000,0x000000,0x000000,
0x000000,0x000000,0x000000,0x000000,0x000000,0x000000,0x000000,0x000000,
0x000000,0x000000,0x000000,0x000000,0x000000,0x000000,0x000000,0x000000,
0x000000,0x000000,0x000000,0x000000,0x000000,0x000000,0x000000,0x000000,
0x000000,0x000000,0x000000,0x000000,0x000000,0x000000,0x000000,0x000000,
0x000000,0x000000,0x000000,0x000000,0x000000,0x000000,0x000000,0x000000,
0x000000,0x000000,0x000000,0x000000,0x000000,0x000000,0x000000,0x000000,
0x000000,0x000000,0x000000,0x000000,0x000000,0x000000,0x000000,0x000000,
0x000000,0x000000,0x000000,0x000000,0x000000,0x000000,0x000000,0x000000,
0x000000,0x000000,0x000000,0x000000,0x000000,0x000000,0x000000,0x000000,
0x000000,0x000000,0x000000,0x000000,0x000000,0x000000,0x000000,0x000000,
0x000000,0x000000,0x000000,0x000000,0x000000,0x000000,0x000000,0x000000,
0x000000,0x000000,0x000000,0x000000,0x000000,0x000000,0x000000,0x000000,
0x000000,0x000000,0x000000,0x000000,0x000000,0x000000,0x000000,0x000000,
0x000000,0x000000,0x000000,0x000000,0x000000,0x000000,0x000000,0x000000,
0x000000,0x000000,0x000000,0x000000,0x000000,0x000000,0x000000,0x000000,
0x000000,0x000000,0x000000,0x000000,0x000000,0x000000,0x000000,0x000000,
0x000000,0x000000,0x000000,0x000000,0x000000,0x000000,0x000000,0x000000,
0x000000,0x000000,0x000000,0x000000,0x000000,0x000000,0x000000,0x000000,
0x000000,0x000000,0x000000,0x000000,0x000000,0x000000,0x000000,0x000000,
0x000000,0x000000,0x000000,0x000000,0x000000,0x000000,0x000000,0x000000,
0x000000,0x000000,0x000000,0x000000,0x000000,0x000000,0x000000,0x000000,
0x000000,0x000000,0x000000,0x000000,0x000000,0x000000,0x000000,0x000000,
0x000000,0x000000,0x000000,0x000000,0x000000,0x000000,0x000000,0x000000,
0x000000,0x000000,0x000000,0x000000,0x000000,0x000000,0x000000,0x000000,
0x000000,0x000000,0x000000,0x000000,0x000000,0x000000,0x000000,0x000000,
0x000000,0x000000,0x000000,0x000000,0x000000,0x000000,0x000000,0x000000,
0x000000,0x000000,0x000000,0x000000,0x000000,0x000000,0x000000,0x000000,
0x000000,0x000000,0x000000,0x000000,0x000000,0x000000,0x000000,0x000000,
0x000000,0x000000,0x000000,0x000000,0x000000,0x000000,0x000000,0x000000,
0x000000,0x000000,0x000000,0x000000,0x000000,0x000000,0x000000,0x000000,
0x000000,0x000000,0x000000,0x000000,0x000000,0x000000,0x000000,0x000000,
0x000000,0x000000,0x000000,0x000000,0x000000,0x000000,0x000000,0x000000,
0x000000,0x000000,0x000000,0x000000,0x000000,0x000000,0x000000,0x000000,
0x000000,0x000000,0x000000,0x000000,0x000000,0x000000,0x000000,0x000000,
0x000000,0x000000,0x000000,0x000000,0x000000,0x000000,0x000000,0x000000,
0x000000,0x000000,0x000000,0x000000,0x000000,0x000000,0x000000,0x000000,
0x000000,0x000000,0x000000,0x000000,0x000000,0x000000,0x000000,0x000000,
0x000000,0x000000,0x000000,0x000000,0x000000,0x000000,0x000000,0x000000,
0x000000,0x000000,0x000000,0x000000,0x000000,0x000000,0x000000,0x000000,
0x000000,0x000000,0x000000,0x000000,0x000000,0x000000,0x000000,0x000000,
0x000000,0x000000,0x000000,0x000000,0x000000,0x000000,0x000000,0x000000,
0x000000,0x000000,0x000000,0x000000,0x000000,0x000000,0x000000,0x000000,
0x000000,0x000000,0x000000,0x000000,0x000000,0x000000,0x000000,0x000000,
0x000000,0x000000,0x000000,0x000000,0x000000,0x000000,0x000000,0x000000,
0x000000,0x000000,0x000000,0x000000,0x000000,0x000000,0x000000,0x000000,
0x000000,0x000000,0x000000,0x000000,0x000000,0x000000,0x000000,0x000000,
0x000000,0x000000,0x000000,0x000000,0x000000,0x000000,0x000000,0x000000,
0x000000,0x000000,0x000000,0x000000,0x000000,0x000000,0x000000,0x000000,
0x000000,0x000000,0x000000,0x000000,0x000000,0x000000,0x000000,0x000000,
0x000000,0x000000,0x000000,0x000000,0x000000,0x000000,0x000000,0x000000,
0x000000,0x000000,0x000000,0x000000,0x000000,0x000000,0x000000,0x000000,
0x000000,0x000000,0x000000,0x000000,0x000000,0x000000,0x000000,0x000000,
0x000000,0x000000,0x000000,0x000000,0x000000,0x000000,0x000000,0x000000,
0x000000,0x000000,0x000000,0x000000,0x000000,0x000000,0x000000,0x000000,
0x000000,0x000000,0x000000,0x000000,0x000000,0x000000,0x000000,0x000000,
0x000000,0x000000,0x000000,0x000000,0x000000,0x000000,0x000000,0x000000,
0x000000,0x000000,0x000000,0x000000,0x000000,0x000000,0x000000,0x000000,
0x000000,0x000000,0x000000,0x000000,0x000000,0x000000,0x000000,0x000000,
0x000000,0x000000,0x000000,0x000000,0x000000,0x000000,0x000000,0x000000,
0x000000,0x000000,0x000000,0x000000,0x000000,0x000000,0x000000,0x000000,
0x000000,0x000000,0x000000,0x000000,0x000000,0x000000,0x000000,0x000000,
0x000000,0x000000,0x000000,0x000000,0x000000,0x000000,0x000000,0x000000,
0x000000,0x000000,0x000000,0x000000,0x000000,0x000000,0x000000,0x000000,
0x000000,0x000000,0x000000,0x000000,0x000000,0x000000,0x000000,0x000000,
0x000000,0x000000,0x000000,0x000000,0x000000,0x000000,0x000000,0x000000,
0x000000,0x000000,0x000000,0x000000,0x000000,0x000000,0x000000,0x000000,
0x000000,0x000000,0x000000,0x000000,0x000000,0x000000,0x000000,0x000000,
0x000000,0x000000,0x000000,0x000000,0x000000,0x000000,0x000000,0x000000,
0x000000,0x000000,0x000000,0x000000,0x000000,0x000000,0x000000,0x000000,
0x000000,0x000000,0x000000,0x000000,0x000000,0x000000,0x000000,0x000000,
0x000000,0x000000,0x000000,0x000000,0x000000,0x000000,0x000000,0x000000,
0x000000,0x000000,0x000000,0x000000,0x000000,0x000000,0x000000,0x000000,
0x000000,0x000000,0x000000,0x000000,0x000000,0x000000,0x000000,0x000000,
0x000000,0x000000,0x000000,0x000000,0x000000,0x000000,0x000000,0x000000,
0x000000,0x000000,0x000000,0x000000,0x000000,0x000000,0x000000,0x000000,
0x000000,0x000000,0x000000,0x000000,0x000000,0x000000,0x000000,0x000000,
0x000000,0x000000,0x000000,0x000000,0x000000,0x000000,0x000000,0x000000,
0x000000,0x000000,0x000000,0x000000,0x000000,0x000000,0x000000,0x000000,
0x000000,0x000000,0x000000,0x000000,0x000000,0x000000,0x000000,0x000000,
0x000000,0x000000,0x000000,0x000000,0x000000,0x000000,0x000000,0x000000,
0x000000,0x000000,0x000000,0x000000,0x000000,0x000000,0x000000,0x000000,
0x000000,0x000000,0x000000,0x000000,0x000000,0x000000,0x000000,0x000000,
0x000000,0x000000,0x000000,0x000000,0x000000,0x000000,0x000000,0x000000,
0x000000,0x000000,0x000000,0x000000,0x000000,0x000000,0x000000,0x000000,
0x000000,0x000000,0x000000,0x000000,0x000000,0x000000,0x000000,0x000000,
0x000000,0x000000,0x000000,0x000000,0x000000,0x000000,0x000000,0x000000,
0x000000,0x000000,0x000000,0x000000,0x000000,0x000000,0x000000,0x000000,
0x000000,0x000000,0x000000,0x000000,0x000000,0x000000,0x000000,0x000000,
0x000000,0x000000,0x000000,0x000000,0x000000,0x000000,0x000000,0x000000,
0x000000,0x000000,0x000000,0x000000,0x000000,0x000000,0x000000,0x000000,
0x000000,0x000000,0x000000,0x000000,0x000000,0x000000,0x000000,0x000000,
0x000000,0x000000,0x000000,0x000000,0x000000,0x000000,0x000000,0x000000,
0x000000,0x000000,0x000000,0x000000,0x000000,0x000000,0x000000,0x000000,
0x000000,0x000000,0x000000,0x000000,0x000000,0x000000,0x000000,0x000000,
0x000000,0x000000,0x000000,0x000000,0x000000,0x000000,0x000000,0x000000,
0x000000,0x000000,0x000000,0x000000,0x000000,0x000000,0x000000,0x000000,
0x000000,0x000000,0x000000,0x000000,0x000000,0x000000,0x000000,0x000000,
0x000000,0x000000,0x000000,0x000000,0x000000,0x000000,0x000000,0x000000,
0x000000,0x000000,0x000000,0x000000,0x000000,0x000000,0x000000,0x000000,
0x000000,0x000000,0x000000,0x000000,0x000000,0x000000,0x000000,0x000000,
0x000000,0x000000,0x000000,0x000000,0x000000,0x000000,0x000000,0x000000,
0x000000,0x000000,0x000000,0x000000,0x000000,0x000000,0x000000,0x000000,
0x000000,0x000000,0x000000,0x000000,0x000000,0x000000,0x000000,0x000000,
0x000000,0x000000,0x000000,0x000000,0x000000,0x000000,0x000000,0x000000,
0x000000,0x000000,0x000000,0x000000,0x000000,0x000000,0x000000,0x000000,
0x000000,0x000000,0x000000,0x000000,0x000000,0x000000,0x000000,0x000000,
0x000000,0x000000,0x000000,0x000000,0x000000,0x000000,0x000000,0x000000,
0x000000,0x000000,0x000000,0x000000,0x000000,0x000000,0x000000,0x000000,
0x000000,0x000000,0x000000,0x000000,0x000000,0x000000,0x000000,0x000000,
0x000000,0x000000,0x000000,0x000000,0x000000,0x000000,0x000000,0x000000,
0x000000,0x000000,0x000000,0x000000,0x000000,0x000000,0x000000,0x000000,
0x000000,0x000000,0x000000,0x000000,0x000000,0x000000,0x000000,0x000000,
0x000000,0x000000,0x000000,0x000000,0x000000,0x000000,0x000000,0x000000,
0x000000,0x000000,0x000000,0x000000,0x000000,0x000000,0x000000,0x000000,
0x000000,0x000000,0x000000,0x000000,0x000000,0x000000,0x000000,0x000000,
0x000000,0x000000,0x000000,0x000000,0x000000,0x000000,0x000000,0x000000,
0x000000,0x000000,0x000000,0x000000,0x000000,0x000000,0x000000,0x000000,
0x000000,0x000000,0x000000,0x000000,0x000000,0x000000,0x000000,0x000000,
0x000000,0x000000,0x000000,0x000000,0x000000,0x000000,0x000000,0x000000,
0x000000,0x000000,0x000000,0x000000,0x000000,0x000000,0x000000,0x000000,
0x000000,0x000000,0x000000,0x000000,0x000000,0x000000,0x000000,0x000000,
0x000000,0x000000,0x000000,0x000000,0x000000,0x000000,0x000000,0x000000,
0x000000,0x000000,0x000000,0x000000,0x000000,0x000000,0x000000,0x000000,
0x000000,0x000000,0x000000,0x000000,0x000000,0x000000,0x000000,0x000000,
0x000000,0x000000,0x000000,0x000000,0x000000,0x000000,0x000000,0x000000,
0x000000,0x000000,0x000000,0x000000,0x000000,0x000000,0x000000,0x000000,
0x000000,0x000000,0x000000,0x000000,0x000000,0x000000,0x000000,0x000000,
0x000000,0x000000,0x000000,0x000000,0x000000,0x000000,0x000000,0x000000,
0x000000,0x000000,0x000000,0x000000,0x000000,0x000000,0x000000,0x000000,
0x000000,0x000000,0x000000,0x000000,0x000000,0x000000,0x000000,0x000000,
0x000000,0x000000,0x000000,0x000000,0x000000,0x000000,0x000000,0x000000,
0x000000,0x000000,0x000000,0x000000,0x000000,0x000000,0x000000,0x000000,
0x000000,0x000000,0x000000,0x000000,0x000000,0x000000,0x000000,0x000000,
0x000000,0x000000,0x000000,0x000000,0x000000,0x000000,0x000000,0x000000,
0x000000,0x000000,0x000000,0x000000,0x000000,0x000000,0x000000,0x000000,
0x000000,0x000000,0x000000,0x000000,0x000000,0x000000,0x000000,0x000000,
0x000000,0x000000,0x000000,0x000000,0x000000,0x000000,0x000000,0x000000,
0x000000,0x000000,0x000000,0x000000,0x000000,0x000000,0x000000,0x000000,
0x000000,0x000000,0x000000,0x000000,0x000000,0x000000,0x000000,0x000000,
0x000000,0x000000,0x000000,0x000000,0x000000,0x000000,0x000000,0x000000,
0x000000,0x000000,0x000000,0x000000,0x000000,0x000000,0x000000,0x000000,
0x000000,0x000000,0x000000,0x000000,0x000000,0x000000,0x000000,0x000000,
0x000000,0x000000,0x000000,0x000000,0x000000,0x000000,0x000000,0x000000,
0x000000,0x000000,0x000000,0x000000,0x000000,0x000000,0x000000,0x000000,
0x000000,0x000000,0x000000,0x000000,0x000000,0x000000,0x000000,0x000000,
0x000000,0x000000,0x000000,0x000000,0x000000,0x000000,0x000000,0x000000,
0x000000,0x000000,0x000000,0x000000,0x000000,0x000000,0x000000,0x000000,
0x000000,0x000000,0x000000,0x000000,0x000000,0x000000,0x000000,0x000000,
0x000000,0x000000,0x000000,0x000000,0x000000,0x000000,0x000000,0x000000,
0x000000,0x000000,0x000000,0x000000,0x000000,0x000000,0x000000,0x000000,
0x000000,0x000000,0x000000,0x000000,0x000000,0x000000,0x000000,0x000000,
0x000000,0x000000,0x000000,0x000000,0x000000,0x000000,0x000000,0x000000,
0x000000,0x000000,0x000000,0x000000,0x000000,0x000000,0x000000,0x000000,
0x000000,0x000000,0x000000,0x000000,0x000000,0x000000,0x000000,0x000000,
0x000000,0x000000,0x000000,0x000000,0x000000,0x000000,0x000000,0x000000,
0x000000,0x000000,0x000000,0x000000,0x000000,0x000000,0x000000,0x000000,
0x000000,0x000000,0x000000,0x000000,0x000000,0x000000,0x000000,0x000000,
0x000000,0x000000,0x000000,0x000000,0x000000,0x000000,0x000000,0x000000,
0x000000,0x000000,0x000000,0x000000,0x000000,0x000000,0x000000,0x000000,
0x000000,0x000000,0x000000,0x000000,0x000000,0x000000,0x000000,0x000000,
0x000000,0x000000,0x000000,0x000000,0x000000,0x000000,0x000000,0x000000,
0x000000,0x000000,0x000000,0x000000,0x000000,0x000000,0x000000,0x000000,
0x000000,0x000000,0x000000,0x000000,0x000000,0x000000,0x000000,0x000000,
0x000000,0x000000,0x000000,0x000000,0x000000,0x000000,0x000000,0x000000,
0x000000,0x000000,0x000000,0x000000,0x000000,0x000000,0x000000,0x000000,
0x000000,0x000000,0x000000,0x000000,0x000000,0x000000,0x000000,0x000000,
0x000000,0x000000,0x000000,0x000000,0x000000,0x000000,0x000000,0x000000,
0x000000,0x000000,0x000000,0x000000,0x000000,0x000000,0x000000,0x000000,
0x000000,0x000000,0x000000,0x000000,0x000000,0x000000,0x000000,0x000000,
0x000000,0x000000,0x000000,0x000000,0x000000,0x000000,0x000000,0x000000,
0x000000,0x000000,0x000000,0x000000,0x000000,0x000000,0x000000,0x000000,
0x000000,0x000000,0x000000,0x000000,0x000000,0x000000,0x000000,0x000000,
0x000000,0x000000,0x000000,0x000000,0x000000,0x000000,0x000000,0x000000,
0x000000,0x000000,0x000000,0x000000,0x000000,0x000000,0x000000,0x000000,
0x000000,0x000000,0x000000,0x000000,0x000000,0x000000,0x000000,0x000000,
0x000000,0x000000,0x000000,0x000000,0x000000,0x000000,0x000000,0x000000,
0x000000,0x000000,0x000000,0x000000,0x000000,0x000000,0x000000,0x000000,
0x000000,0x000000,0x000000,0x000000,0x000000,0x000000,0x000000,0x000000,
0x000000,0x000000,0x000000,0x000000,0x000000,0x000000,0x000000,0x000000,
0x000000,0x000000,0x000000,0x000000,0x000000,0x000000,0x000000,0x000000,
0x000000,0x000000,0x000000,0x000000,0x000000,0x000000,0x000000,0x000000,
0x000000,0x000000,0x000000,0x000000,0x000000,0x000000,0x000000,0x000000,
0x000000,0x000000,0x000000,0x000000,0x000000,0x000000,0x000000,0x000000,
0x000000,0x000000,0x000000,0x000000,0x000000,0x000000,0x000000,0x000000,
0x000000,0x000000,0x000000,0x000000,0x000000,0x000000,0x000000,0x000000,
0x000000,0x000000,0x000000,0x000000,0x000000,0x000000,0x000000,0x000000,
0x000000,0x000000,0x000000,0x000000,0x000000,0x000000,0x000000,0x000000,
0x000000,0x000000,0x000000,0x000000,0x000000,0x000000,0x000000,0x000000,
0x000000,0x000000,0x000000,0x000000,0x000000,0x000000,0x000000,0x000000,
0x000000,0x000000,0x000000,0x000000,0x000000,0x000000,0x000000,0x000000,
0x000000,0x000000,0x000000,0x000000,0x000000,0x000000,0x000000,0x000000,
0x000000,0x000000,0x000000,0x000000,0x000000,0x000000,0x000000,0x000000,
0x000000,0x000000,0x000000,0x000000,0x000000,0x000000,0x000000,0x000000,
0x000000,0x000000,0x000000,0x000000,0x000000,0x000000,0x000000,0x000000,
0x000000,0x000000,0x000000,0x000000,0x000000,0x000000,0x000000,0x000000,
0x000000,0x000000,0x000000,0x000000,0x000000,0x000000,0x000000,0x000000,
0x000000,0x000000,0x000000,0x000000,0x000000,0x000000,0x000000,0x000000,
0x000000,0x000000,0x000000,0x000000,0x000000,0x000000,0x000000,0x000000,
0x000000,0x000000,0x000000,0x000000,0x000000,0x000000,0x000000,0x000000,
0x000000,0x000000,0x000000,0x000000,0x000000,0x000000,0x000000,0x000000,
0x000000,0x000000,0x000000,0x000000,0x000000,0x000000,0x000000,0x000000,
0x000000,0x000000,0x000000,0x000000,0x000000,0x000000,0x000000,0x000000,
0x000000,0x000000,0x000000,0x000000,0x000000,0x000000,0x000000,0x000000,
0x000000,0x000000,0x000000,0x000000,0x000000,0x000000,0x000000,0x000000,
0x000000,0x000000,0x000000,0x000000,0x000000,0x000000,0x000000,0x000000,
0x000000,0x000000,0x000000,0x000000,0x000000,0x000000,0x000000,0x000000,
0x000000,0x000000,0x000000,0x000000,0x000000,0x000000,0x000000,0x000000,
0x000000,0x000000,0x000000,0x000000,0x000000,0x000000,0x000000,0x000000,
0x000000,0x000000,0x000000,0x000000,0x000000,0x000000,0x000000,0x000000,
0x000000,0x000000,0x000000,0x000000,0x000000,0x000000,0x000000,0x000000,
0x000000,0x000000,0x000000,0x000000,0x000000,0x000000,0x000000,0x000000,
0x000000,0x000000,0x000000,0x000000,0x000000,0x000000,0x000000,0x000000,
0x000000,0x000000,0x000000,0x000000,0x000000,0x000000,0x000000,0x000000,
0x000000,0x000000,0x000000,0x000000,0x000000,0x000000,0x000000,0x000000,
0x000000,0x000000,0x000000,0x000000,0x000000,0x000000,0x000000,0x000000,
0x000000,0x000000,0x000000,0x000000,0x000000,0x000000,0x000000,0x000000,
0x000000,0x000000,0x000000,0x000000,0x000000,0x000000,0x000000,0x000000,
0x000000,0x000000,0x000000,0x000000,0x000000,0x000000,0x000000,0x000000,
0x000000,0x000000,0x000000,0x000000,0x000000,0x000000,0x000000,0x000000,
0x000000,0x000000,0x000000,0x000000,0x000000,0x000000,0x000000,0x000000,
0x000000,0x000000,0x000000,0x000000,0x000000,0x000000,0x000000,0x000000,
0x000000,0x000000,0x000000,0x000000,0x000000,0x000000,0x000000,0x000000,
0x000000,0x000000,0x000000,0x000000,0x000000,0x000000,0x000000,0x000000,
0x000000,0x000000,0x000000,0x000000,0x000000,0x000000,0x000000,0x000000,
0x000000,0x000000,0x000000,0x000000,0x000000,0x000000,0x000000,0x000000,
0x000000,0x000000,0x000000,0x000000,0x000000,0x000000,0x000000,0x000000,
0x000000,0x000000,0x000000,0x000000,0x000000,0x000000,0x000000,0x000000,
0x000000,0x000000,0x000000,0x000000,0x000000,0x000000,0x000000,0x000000,
0x000000,0x000000,0x000000,0x000000,0x000000,0x000000,0x000000,0x000000,
0x000000,0x000000,0x000000,0x000000,0x000000,0x000000,0x000000,0x000000,
0x000000,0x000000,0x000000,0x000000,0x000000,0x000000,0x000000,0x000000,
0x000000,0x000000,0x000000,0x000000,0x000000,0x000000,0x000000,0x000000,
0x000000,0x000000,0x000000,0x000000,0x000000,0x000000,0x000000,0x000000,
0x000000,0x000000,0x000000,0x000000,0x000000,0x000000,0x000000,0x000000,
0x000000,0x000000,0x000000,0x000000,0x000000,0x000000,0x000000,0x000000,
0x000000,0x000000,0x000000,0x000000,0x000000,0x000000,0x000000,0x000000,
0x000000,0x000000,0x000000,0x000000,0x000000,0x000000,0x000000,0x000000,
0x000000,0x000000,0x000000,0x000000,0x000000,0x000000,0x000000,0x000000,
0x000000,0x000000,0x000000,0x000000,0x000000,0x000000,0x000000,0x000000,
0x000000,0x000000,0x000000,0x000000,0x000000,0x000000,0x000000,0x000000,
0x000000,0x000000,0x000000,0x000000,0x000000,0x000000,0x000000,0x000000,
0x000000,0x000000,0x000000,0x000000,0x000000,0x000000,0x000000,0x000000,
0x000000,0x000000,0x000000,0x000000,0x000000,0x000000,0x000000,0x000000,
0x000000,0x000000,0x000000,0x000000,0x000000,0x000000,0x000000,0x000000,
0x000000,0x000000,0x000000,0x000000,0x000000,0x000000,0x000000,0x000000,
0x000000,0x000000,0x000000,0x000000,0x000000,0x000000,0x000000,0x000000,
0x000000,0x000000,0x000000,0x000000,0x000000,0x000000,0x000000,0x000000,
0x000000,0x000000,0x000000,0x000000,0x000000,0x000000,0x000000,0x000000,
0x000000,0x000000,0x000000,0x000000,0x000000,0x000000,0x000000,0x000000,
0x000000,0x000000,0x000000,0x000000,0x000000,0x000000,0x000000,0x000000,
0x000000,0x000000,0x000000,0x000000,0x000000,0x000000,0x000000,0x000000,
0x000000,0x000000,0x000000,0x000000,0x000000,0x000000,0x000000,0x000000,
0x000000,0x000000,0x000000,0x000000,0x000000,0x000000,0x000000,0x000000,
0x000000,0x000000,0x000000,0x000000,0x000000,0x000000,0x000000,0x000000,
0x000000,0x000000,0x000000,0x000000,0x000000,0x000000,0x000000,0x000000,
0x000000,0x000000,0x000000,0x000000,0x000000,0x000000,0x000000,0x000000,
0x000000,0x000000,0x000000,0x000000,0x000000,0x000000,0x000000,0x000000,
0x000000,0x000000,0x000000,0x000000,0x000000,0x000000,0x000000,0x000000,
0x000000,0x000000,0x000000,0x000000,0x000000,0x000000,0x000000,0x000000,
0x000000,0x000000,0x000000,0x000000,0x000000,0x000000,0x000000,0x000000,
0x000000,0x000000,0x000000,0x000000,0x000000,0x000000,0x000000,0x000000,
0x000000,0x000000,0x000000,0x000000,0x000000,0x000000,0x000000,0x000000,
0x000000,0x000000,0x000000,0x000000,0x000000,0x000000,0x000000,0x000000,
0x000000,0x000000,0x000000,0x000000,0x000000,0x000000,0x000000,0x000000,
0x000000,0x000000,0x000000,0x000000,0x000000,0x000000,0x000000,0x000000,
0x000000,0x000000,0x000000,0x000000,0x000000,0x000000,0x000000,0x000000,
0x000000,0x000000,0x000000,0x000000,0x000000,0x000000,0x000000,0x000000,
0x000000,0x000000,0x000000,0x000000,0x000000,0x000000,0x000000,0x000000,
0x000000,0x000000,0x000000,0x000000,0x000000,0x000000,0x000000,0x000000,
0x000000,0x000000,0x000000,0x000000,0x000000,0x000000,0x000000,0x000000,
0x000000,0x000000,0x000000,0x000000,0x000000,0x000000,0x000000,0x000000,
0x000000,0x000000,0x000000,0x000000,0x000000,0x000000,0x000000,0x000000,
0x000000,0x000000,0x000000,0x000000,0x000000,0x000000,0x000000,0x000000,
0x000000,0x000000,0x000000,0x000000,0x000000,0x000000,0x000000,0x000000,
0x000000,0x000000,0x000000,0x000000,0x000000,0x000000,0x000000,0x000000,
0x000000,0x000000,0x000000,0x000000,0x000000,0x000000,0x000000,0x000000,
0x000000,0x000000,0x000000,0x000000,0x000000,0x000000,0x000000,0x000000,
0x000000,0x000000,0x000000,0x000000,0x000000,0x000000,0x000000,0x000000,
0x000000,0x000000,0x000000,0x000000,0x000000,0x000000,0x000000,0x000000,
0x000000,0x000000,0x000000,0x000000,0x000000,0x000000,0x000000,0x000000,
0x000000,0x000000,0x000000,0x000000,0x000000,0x000000,0x000000,0x000000,
0x000000,0x000000,0x000000,0x000000,0x000000,0x000000,0x000000,0x000000,
0x000000,0x000000,0x000000,0x000000,0x000000,0x000000,0x000000,0x000000,
0x000000,0x000000,0x000000,0x000000,0x000000,0x000000,0x000000,0x000000,
0x000000,0x000000,0x000000,0x000000,0x000000,0x000000,0x000000,0x000000,
0x000000,0x000000,0x000000,0x000000,0x000000,0x000000,0x000000,0x000000,
0x000000,0x000000,0x000000,0x000000,0x000000,0x000000,0x000000,0x000000,
0x000000,0x000000,0x000000,0x000000,0x000000,0x000000,0x000000,0x000000,
0x000000,0x000000,0x000000,0x000000,0x000000,0x000000,0x000000,0x000000,
0x000000,0x000000,0x000000,0x000000,0x000000,0x000000,0x000000,0x000000,
0x000000,0x000000,0x000000,0x000000,0x000000,0x000000,0x000000,0x000000,
0x000000,0x000000,0x000000,0x000000,0x000000,0x000000,0x000000,0x000000,
0x000000,0x000000,0x000000,0x000000,0x000000,0x000000,0x000000,0x000000,
0x000000,0x000000,0x000000,0x000000,0x000000,0x000000,0x000000,0x000000,
0x000000,0x000000,0x000000,0x000000,0x000000,0x000000,0x000000,0x000000,
0x000000,0x000000,0x000000,0x000000,0x000000,0x000000,0x000000,0x000000,
0x000000,0x000000,0x000000,0x000000,0x000000,0x000000,0x000000,0x000000,
0x000000,0x000000,0x000000,0x000000,0x000000,0x000000,0x000000,0x000000,
0x000000,0x000000,0x000000,0x000000,0x000000,0x000000,0x000000,0x000000,
0x000000,0x000000,0x000000,0x000000,0x000000,0x000000,0x000000,0x000000,
0x000000,0x000000,0x000000,0x000000,0x000000,0x000000,0x000000,0x000000,
0x000000,0x000000,0x000000,0x000000,0x000000,0x000000,0x000000,0x000000,
0x000000,0x000000,0x000000,0x000000,0x000000,0x000000,0x000000,0x000000,
0x000000,0x000000,0x000000,0x000000,0x000000,0x000000,0x000000,0x000000,
0x000000,0x000000,0x000000,0x000000,0x000000,0x000000,0x000000,0x000000,
0x000000,0x000000,0x000000,0x000000,0x000000,0x000000,0x000000,0x000000,
0x000000,0x000000,0x000000,0x000000,0x000000,0x000000,0x000000,0x000000,
0x000000,0x000000,0x000000,0x000000,0x000000,0x000000,0x000000,0x000000,
0x000000,0x000000,0x000000,0x000000,0x000000,0x000000,0x000000,0x000000,
0x000000,0x000000,0x000000,0x000000,0x000000,0x000000,0x000000,0x000000,
0x000000,0x000000,0x000000,0x000000,0x000000,0x000000,0x000000,0x000000,
0x000000,0x000000,0x000000,0x000000,0x000000,0x000000,0x000000,0x000000,
0x000000,0x000000,0x000000,0x000000,0x000000,0x000000,0x000000,0x000000,
0x000000,0x000000,0x000000,0x000000,0x000000,0x000000,0x000000,0x000000,
0x000000,0x000000,0x000000,0x000000,0x000000,0x000000,0x000000,0x000000,
0x000000,0x000000,0x000000,0x000000,0x000000,0x000000,0x000000,0x000000,
0x000000,0x000000,0x000000,0x000000,0x000000,0x000000,0x000000,0x000000,
0x000000,0x000000,0x000000,0x000000,0x000000,0x000000,0x000000,0x000000,
0x000000,0x000000,0x000000,0x000000,0x000000,0x000000,0x000000,0x000000,
0x000000,0x000000,0x000000,0x000000,0x000000,0x000000,0x000000,0x000000,
0x000000,0x000000,0x000000,0x000000,0x000000,0x000000,0x000000,0x000000,
0x000000,0x000000,0x000000,0x000000,0x000000,0x000000,0x000000,0x000000,
0x000000,0x000000,0x000000,0x000000,0x000000,0x000000,0x000000,0x000000,
0x000000,0x000000,0x000000,0x000000,0x000000,0x000000,0x000000,0x000000,
0x000000,0x000000,0x000000,0x000000,0x000000,0x000000,0x000000,0x000000,
0x000000,0x000000,0x000000,0x000000,0x000000,0x000000,0x000000,0x000000,
0x000000,0x000000,0x000000,0x000000,0x000000,0x000000,0x000000,0x000000,
0x000000,0x000000,0x000000,0x000000,0x000000,0x000000,0x000000,0x000000,
0x000000,0x000000,0x000000,0x000000,0x000000,0x000000,0x000000,0x000000,
0x000000,0x000000,0x000000,0x000000,0x000000,0x000000,0x000000,0x000000,
0x000000,0x000000,0x000000,0x000000,0x000000,0x000000,0x000000,0x000000,
0x000000,0x000000,0x000000,0x000000,0x000000,0x000000,0x000000,0x000000,
0x000000,0x000000,0x000000,0x000000,0x000000,0x000000,0x000000,0x000000,
0x000000,0x000000,0x000000,0x000000,0x000000,0x000000,0x000000,0x000000,
0x000000,0x000000,0x000000,0x000000,0x000000,0x000000,0x000000,0x000000,
0x000000,0x000000,0x000000,0x000000,0x000000,0x000000,0x000000,0x000000,
0x000000,0x000000,0x000000,0x000000,0x000000,0x000000,0x000000,0x000000,
0x000000,0x000000,0x000000,0x000000,0x000000,0x000000,0x000000,0x000000,
0x000000,0x000000,0x000000,0x000000,0x000000,0x000000,0x000000,0x000000,
0x000000,0x000000,0x000000,0x000000,0x000000,0x000000,0x000000,0x000000,
0x000000,0x000000,0x000000,0x000000,0x000000,0x000000,0x000000,0x000000,
0x000000,0x000000,0x000000,0x000000,0x000000,0x000000,0x000000,0x000000,
0x000000,0x000000,0x000000,0x000000,0x000000,0x000000,0x000000,0x000000,
0x000000,0x000000,0x000000,0x000000,0x000000,0x000000,0x000000,0x000000,
0x000000,0x000000,0x000000,0x000000,0x000000,0x000000,0x000000,0x000000,
0x000000,0x000000,0x000000,0x000000,0x000000,0x000000,0x000000,0x000000,
0x000000,0x000000,0x000000,0x000000,0x000000,0x000000,0x000000,0x000000,
0x000000,0x000000,0x000000,0x000000,0x000000,0x000000,0x000000,0x000000,
0x000000,0x000000,0x000000,0x000000,0x000000,0x000000,0x000000,0x000000,
0x000000,0x000000,0x000000,0x000000,0x000000,0x000000,0x000000,0x000000,
0x000000,0x000000,0x000000,0x000000,0x000000,0x000000,0x000000,0x000000,
0x000000,0x000000,0x000000,0x000000,0x000000,0x000000,0x000000,0x000000,
0x000000,0x000000,0x000000,0x000000,0x000000,0x000000,0x000000,0x000000,
0x000000,0x000000,0x000000,0x000000,0x000000,0x000000,0x000000,0x000000,
0x000000,0x000000,0x000000,0x000000,0x000000,0x000000,0x000000,0x000000,
0x000000,0x000000,0x000000,0x000000,0x000000,0x000000,0x000000,0x000000,
0x000000,0x000000,0x000000,0x000000,0x000000,0x000000,0x000000,0x000000,
0x000000,0x000000,0x000000,0x000000,0x000000,0x000000,0x000000,0x000000,
0x000000,0x000000,0x000000,0x000000,0x000000,0x000000,0x000000,0x000000,
0x000000,0x000000,0x000000,0x000000,0x000000,0x000000,0x000000,0x000000,
0x000000,0x000000,0x000000,0x000000,0x000000,0x000000,0x000000,0x000000,
0x000000,0x000000,0x000000,0x000000,0x000000,0x000000,0x000000,0x000000,
0x000000,0x000000,0x000000,0x000000,0x000000,0x000000,0x000000,0x000000,
0x000000,0x000000,0x000000,0x000000,0x000000,0x000000,0x000000,0x000000,
0x000000,0x000000,0x000000,0x000000,0x000000,0x000000,0x000000,0x000000,
0x000000,0x000000,0x000000,0x000000,0x000000,0x000000,0x000000,0x000000,
0x000000,0x000000,0x000000,0x000000,0x000000,0x000000,0x000000,0x000000,
0x000000,0x000000,0x000000,0x000000,0x000000,0x000000,0x000000,0x000000,
0x000000,0x000000,0x000000,0x000000,0x000000,0x000000,0x000000,0x000000,
0x000000,0x000000,0x000000,0x000000,0x000000,0x000000,0x000000,0x000000,
0x000000,0x000000,0x000000,0x000000,0x000000,0x000000,0x000000,0x000000,
0x000000,0x000000,0x000000,0x000000,0x000000,0x000000,0x000000,0x000000,
0x000000,0x000000,0x000000,0x000000,0x000000,0x000000,0x000000,0x000000,
0x000000,0x000000,0x000000,0x000000,0x000000,0x000000,0x000000,0x000000,
0x000000,0x000000,0x000000,0x000000,0x000000,0x000000,0x000000,0x000000,
0x000000,0x000000,0x000000,0x000000,0x000000,0x000000,0x000000,0x000000,
0x000000,0x000000,0x000000,0x000000,0x000000,0x000000,0x000000,0x000000,
0x000000,0x000000,0x000000,0x000000,0x000000,0x000000,0x000000,0x000000,
0x000000,0x000000,0x000000,0x000000,0x000000,0x000000,0x000000,0x000000,
0x000000,0x000000,0x000000,0x000000,0x000000,0x000000,0x000000,0x000000,
0x000000,0x000000,0x000000,0x000000,0x000000,0x000000,0x000000,0x000000,
0x000000,0x000000,0x000000,0x000000,0x000000,0x000000,0x000000,0x000000,
0x000000,0x000000,0x000000,0x000000,0x000000,0x000000,0x000000,0x000000,
0x000000,0x000000,0x000000,0x000000,0x000000,0x000000,0x000000,0x000000,
0x000000,0x000000,0x000000,0x000000,0x000000,0x000000,0x000000,0x000000,
0x000000,0x000000,0x000000,0x000000,0x000000,0x000000,0x000000,0x000000,
0x000000,0x000000,0x000000,0x000000,0x000000,0x000000,0x000000,0x000000,
0x000000,0x000000,0x000000,0x000000,0x000000,0x000000,0x000000,0x000000,
0x000000,0x000000,0x000000,0x000000,0x000000,0x000000,0x000000,0x000000,
0x000000,0x000000,0x000000,0x000000,0x000000,0x000000,0x000000,0x000000,
0x000000,0x000000,0x000000,0x000000,0x000000,0x000000,0x000000,0x000000,
0x000000,0x000000,0x000000,0x000000,0x000000,0x000000,0x000000,0x000000,
0x000000,0x000000,0x000000,0x000000,0x000000,0x000000,0x000000,0x000000,
0x000000,0x000000,0x000000,0x000000,0x000000,0x000000,0x000000,0x000000,
0x000000,0x000000,0x000000,0x000000,0x000000,0x000000,0x000000,0x000000,
0x000000,0x000000,0x000000,0x000000,0x000000,0x000000,0x000000,0x000000,
0x000000,0x000000,0x000000,0x000000,0x000000,0x000000,0x000000,0x000000,
0x000000,0x000000,0x000000,0x000000,0x000000,0x000000,0x000000,0x000000,
0x000000,0x000000,0x000000,0x000000,0x000000,0x000000,0x000000,0x000000,
0x000000,0x000000,0x000000,0x000000,0x000000,0x000000,0x000000,0x000000,
0x000000,0x000000,0x000000,0x000000,0x000000,0x000000,0x000000,0x000000,
0x000000,0x000000,0x000000,0x000000,0x000000,0x000000,0x000000,0x000000,
0x000000,0x000000,0x000000,0x000000,0x000000,0x000000,0x000000,0x000000,
0x000000,0x000000,0x000000,0x000000,0x000000,0x000000,0x000000,0x000000,
0x000000,0x000000,0x000000,0x000000,0x000000,0x000000,0x000000,0x000000,
0x000000,0x000000,0x000000,0x000000,0x000000,0x000000,0x000000,0x000000,
0x000000,0x000000,0x000000,0x000000,0x000000,0x000000,0x000000,0x000000,
0x000000,0x000000,0x000000,0x000000,0x000000,0x000000,0x000000,0x000000,
0x000000,0x000000,0x000000,0x000000,0x000000,0x000000,0x000000,0x000000,
0x000000,0x000000,0x000000,0x000000,0x000000,0x000000,0x000000,0x000000,
0x000000,0x000000,0x000000,0x000000,0x000000,0x000000,0x000000,0x000000,
0x000000,0x000000,0x000000,0x000000,0x000000,0x000000,0x000000,0x000000,
0x000000,0x000000,0x000000,0x000000,0x000000,0x000000,0x000000,0x000000,
0x000000,0x000000,0x000000,0x000000,0x000000,0x000000,0x000000,0x000000,
0x000000,0x000000,0x000000,0x000000,0x000000,0x000000,0x000000,0x000000,
0x000000,0x000000,0x000000,0x000000,0x000000,0x000000,0x000000,0x000000,
0x000000,0x000000,0x000000,0x000000,0x000000,0x000000,0x000000,0x000000,
0x000000,0x000000,0x000000,0x000000,0x000000,0x000000,0x000000,0x000000,
0x000000,0x000000,0x000000,0x000000,0x000000,0x000000,0x000000,0x000000,
0x000000,0x000000,0x000000,0x000000,0x000000,0x000000,0x000000,0x000000,
0x000000,0x000000,0x000000,0x000000,0x000000,0x000000,0x000000,0x000000,
0x000000,0x000000,0x000000,0x000000,0x000000,0x000000,0x000000,0x000000,
0x000000,0x000000,0x000000,0x000000,0x000000,0x000000,0x000000,0x000000,
0x000000,0x000000,0x000000,0x000000,0x000000,0x000000,0x000000,0x000000,
0x000000,0x000000,0x000000,0x000000,0x000000,0x000000,0x000000,0x000000,
0x000000,0x000000,0x000000,0x000000,0x000000,0x000000,0x000000,0x000000,
0x000000,0x000000,0x000000,0x000000,0x000000,0x000000,0x000000,0x000000,
0x000000,0x000000,0x000000,0x000000,0x000000,0x000000,0x000000,0x000000,
0x000000,0x000000,0x000000,0x000000,0x000000,0x000000,0x000000,0x000000,
0x000000,0x000000,0x000000,0x000000,0x000000,0x000000,0x000000,0x000000,
0x000000,0x000000,0x000000,0x000000,0x000000,0x000000,0x000000,0x000000,
0x000000,0x000000,0x000000,0x000000,0x000000,0x000000,0x000000,0x000000,
0x000000,0x000000,0x000000,0x000000,0x000000,0x000000,0x000000,0x000000,
0x000000,0x000000,0x000000,0x000000,0x000000,0x000000,0x000000,0x000000,
0x000000,0x000000,0x000000,0x000000,0x000000,0x000000,0x000000,0x000000,
0x000000,0x000000,0x000000,0x000000,0x000000,0x000000,0x000000,0x000000,
0x000000,0x000000,0x000000,0x000000,0x000000,0x000000,0x000000,0x000000,
0x000000,0x000000,0x000000,0x000000,0x000000,0x000000,0x000000,0x000000,
0x000000,0x000000,0x000000,0x000000,0x000000,0x000000,0x000000,0x000000,
0x000000,0x000000,0x000000,0x000000,0x000000,0x000000,0x000000,0x000000,
0x000000,0x000000,0x000000,0x000000,0x000000,0x000000,0x000000,0x000000,
0x000000,0x000000,0x000000,0x000000,0x000000,0x000000,0x000000,0x000000,
0x000000,0x000000,0x000000,0x000000,0x000000,0x000000,0x000000,0x000000,
0x000000,0x000000,0x000000,0x000000,0x000000,0x000000,0x000000,0x000000,
0x000000,0x000000,0x000000,0x000000,0x000000,0x000000,0x000000,0x000000,
0x000000,0x000000,0x000000,0x000000,0x000000,0x000000,0x000000,0x000000,
0x000000,0x000000,0x000000,0x000000,0x000000,0x000000,0x000000,0x000000,
0x000000,0x000000,0x000000,0x000000,0x000000,0x000000,0x000000,0x000000,
0x000000,0x000000,0x000000,0x000000,0x000000,0x000000,0x000000,0x000000,
0x000000,0x000000,0x000000,0x000000,0x000000,0x000000,0x000000,0x000000,
0x000000,0x000000,0x000000,0x000000,0x000000,0x000000,0x000000,0x000000,
0x000000,0x000000,0x000000,0x000000,0x000000,0x000000,0x000000,0x000000,
0x000000,0x000000,0x000000,0x000000,0x000000,0x000000,0x000000,0x000000,
0x000000,0x000000,0x000000,0x000000,0x000000,0x000000,0x000000,0x000000,
0x000000,0x000000,0x000000,0x000000,0x000000,0x000000,0x000000,0x000000,
0x000000,0x000000,0x000000,0x000000,0x000000,0x000000,0x000000,0x000000,
0x000000,0x000000,0x000000,0x000000,0x000000,0x000000,0x000000,0x000000,
0x000000,0x000000,0x000000,0x000000,0x000000,0x000000,0x000000,0x000000,
0x000000,0x000000,0x000000,0x000000,0x000000,0x000000,0x000000,0x000000,
0x000000,0x000000,0x000000,0x000000,0x000000,0x000000,0x000000,0x000000,
0x000000,0x000000,0x000000,0x000000,0x000000,0x000000,0x000000,0x000000,
0x000000,0x000000,0x000000,0x000000,0x000000,0x000000,0x000000,0x000000,
0x000000,0x000000,0x000000,0x000000,0x000000,0x000000,0x000000,0x000000,
0x000000,0x000000,0x000000,0x000000,0x000000,0x000000,0x000000,0x000000,
0x000000,0x000000,0x000000,0x000000,0x000000,0x000000,0x000000,0x000000,
0x000000,0x000000,0x000000,0x000000,0x000000,0x000000,0x000000,0x000000,
0x000000,0x000000,0x000000,0x000000,0x000000,0x000000,0x000000,0x000000,
0x000000,0x000000,0x000000,0x000000,0x000000,0x000000,0x000000,0x000000,
0x000000,0x000000,0x000000,0x000000,0x000000,0x000000,0x000000,0x000000,
0x000000,0x000000,0x000000,0x000000,0x000000,0x000000,0x000000,0x000000,
0x000000,0x000000,0x000000,0x000000,0x000000,0x000000,0x000000,0x000000,
0x000000,0x000000,0x000000,0x000000,0x000000,0x000000,0x000000,0x000000,
0x000000,0x000000,0x000000,0x000000,0x000000,0x000000,0x000000,0x000000,
0x000000,0x000000,0x000000,0x000000,0x000000,0x000000,0x000000,0x000000,
0x000000,0x000000,0x000000,0x000000,0x000000,0x000000,0x000000,0x000000,
0x000000,0x000000,0x000000,0x000000,0x000000,0x000000,0x000000,0x000000,
0x000000,0x000000,0x000000,0x000000,0x000000,0x000000,0x000000,0x000000,
0x000000,0x000000,0x000000,0x000000,0x000000,0x000000,0x000000,0x000000,
0x000000,0x000000,0x000000,0x000000,0x000000,0x000000,0x000000,0x000000,
0x000000,0x000000,0x000000,0x000000,0x000000,0x000000,0x000000,0x000000,
0x000000,0x000000,0x000000,0x000000,0x000000,0x000000,0x000000,0x000000,
0x000000,0x000000,0x000000,0x000000,0x000000,0x000000,0x000000,0x000000,
0x000000,0x000000,0x000000,0x000000,0x000000,0x000000,0x000000,0x000000,
0x000000,0x000000,0x000000,0x000000,0x000000,0x000000,0x000000,0x000000,
0x000000,0x000000,0x000000,0x000000,0x000000,0x000000,0x000000,0x000000,
0x000000,0x000000,0x000000,0x000000,0x000000,0x000000,0x000000,0x000000,
0x000000,0x000000,0x000000,0x000000,0x000000,0x000000,0x000000,0x000000,
0x000000,0x000000,0x000000,0x000000,0x000000,0x000000,0x000000,0x000000,
0x000000,0x000000,0x000000,0x000000,0x000000,0x000000,0x000000,0x000000,
0x000000,0x000000,0x000000,0x000000,0x000000,0x000000,0x000000,0x000000,
0x000000,0x000000,0x000000,0x000000,0x000000,0x000000,0x000000,0x000000,
0x000000,0x000000,0x000000,0x000000,0x000000,0x000000,0x000000,0x000000,
0x000000,0x000000,0x000000,0x000000,0x000000,0x000000,0x000000,0x000000,
0x000000,0x000000,0x000000,0x000000,0x000000,0x000000,0x000000,0x000000,
0x000000,0x000000,0x000000,0x000000,0x000000,0x000000,0x000000,0x000000,
0x000000,0x000000,0x000000,0x000000,0x000000,0x000000,0x000000,0x000000,
0x000000,0x000000,0x000000,0x000000,0x000000,0x000000,0x000000,0x000000,
0x000000,0x000000,0x000000,0x000000,0x000000,0x000000,0x000000,0x000000,
0x000000,0x000000,0x000000,0x000000,0x000000,0x000000,0x000000,0x000000,
0x000000,0x000000,0x000000,0x000000,0x000000,0x000000,0x000000,0x000000,
0x000000,0x000000,0x000000,0x000000,0x000000,0x000000,0x000000,0x000000,
0x000000,0x000000,0x000000,0x000000,0x000000,0x000000,0x000000,0x000000,
0x000000,0x000000,0x000000,0x000000,0x000000,0x000000,0x000000,0x000000,
0x000000,0x000000,0x000000,0x000000,0x000000,0x000000,0x000000,0x000000,
0x000000,0x000000,0x000000,0x000000,0x000000,0x000000,0x000000,0x000000,
0x000000,0x000000,0x000000,0x000000,0x000000,0x000000,0x000000,0x000000,
0x000000,0x000000,0x000000,0x000000,0x000000,0x000000,0x000000,0x000000,
0x000000,0x000000,0x000000,0x000000,0x000000,0x000000,0x000000,0x000000,
0x000000,0x000000,0x000000,0x000000,0x000000,0x000000,0x000000,0x000000,
0x000000,0x000000,0x000000,0x000000,0x000000,0x000000,0x000000,0x000000,
0x000000,0x000000,0x000000,0x000000,0x000000,0x000000,0x000000,0x000000,
0x000000,0x000000,0x000000,0x000000,0x000000,0x000000,0x000000,0x000000,
0x000000,0x000000,0x000000,0x000000,0x000000,0x000000,0x000000,0x000000,
0x000000,0x000000,0x000000,0x000000,0x000000,0x000000,0x000000,0x000000,
0x000000,0x000000,0x000000,0x000000,0x000000,0x000000,0x000000,0x000000,
0x000000,0x000000,0x000000,0x000000,0x000000,0x000000,0x000000,0x000000,
0x000000,0x000000,0x000000,0x000000,0x000000,0x000000,0x000000,0x000000,
0x000000,0x000000,0x000000,0x000000,0x000000,0x000000,0x000000,0x000000,
0x000000,0x000000,0x000000,0x000000,0x000000,0x000000,0x000000,0x000000,
0x000000,0x000000,0x000000,0x000000,0x000000,0x000000,0x000000,0x000000,
0x000000,0x000000,0x000000,0x000000,0x000000,0x000000,0x000000,0x000000,
0x000000,0x000000,0x000000,0x000000,0x000000,0x000000,0x000000,0x000000,
0x000000,0x000000,0x000000,0x000000,0x000000,0x000000,0x000000,0x000000,
0x000000,0x000000,0x000000,0x000000,0x000000,0x000000,0x000000,0x000000,
0x000000,0x000000,0x000000,0x000000,0x000000,0x000000,0x000000,0x000000,
0x000000,0x000000,0x000000,0x000000,0x000000,0x000000,0x000000,0x000000,
0x000000,0x000000,0x000000,0x000000,0x000000,0x000000,0x000000,0x000000,
0x000000,0x000000,0x000000,0x000000,0x000000,0x000000,0x000000,0x000000,
0x000000,0x000000,0x000000,0x000000,0x000000,0x000000,0x000000,0x000000,
0x000000,0x000000,0x000000,0x000000,0x000000,0x000000,0x000000,0x000000,
0x000000,0x000000,0x000000,0x000000,0x000000,0x000000,0x000000,0x000000,
0x000000,0x000000,0x000000,0x000000,0x000000,0x000000,0x000000,0x000000,
0x000000,0x000000,0x000000,0x000000,0x000000,0x000000,0x000000,0x000000,
0x000000,0x000000,0x000000,0x000000,0x000000,0x000000,0x000000,0x000000,
0x000000,0x000000,0x000000,0x000000,0x000000,0x000000,0x000000,0x000000,
0x000000,0x000000,0x000000,0x000000,0x000000,0x000000,0x000000,0x000000,
0x000000,0x000000,0x000000,0x000000,0x000000,0x000000,0x000000,0x000000,
0x000000,0x000000,0x000000,0x000000,0x000000,0x000000,0x000000,0x000000,
0x000000,0x000000,0x000000,0x000000,0x000000,0x000000,0x000000,0x000000,
0x000000,0x000000,0x000000,0x000000,0x000000,0x000000,0x000000,0x000000,
0x000000,0x000000,0x000000,0x000000,0x000000,0x000000,0x000000,0x000000,
0x000000,0x000000,0x000000,0x000000,0x000000,0x000000,0x000000,0x000000,
0x000000,0x000000,0x000000,0x000000,0x000000,0x000000,0x000000,0x000000,
0x000000,0x000000,0x000000,0x000000,0x000000,0x000000,0x000000,0x000000,
0x000000,0x000000,0x000000,0x000000,0x000000,0x000000,0x000000,0x000000,
0x000000,0x000000,0x000000,0x000000,0x000000,0x000000,0x000000,0x000000,
0x000000,0x000000,0x000000,0x000000,0x000000,0x000000,0x000000,0x000000,
0x000000,0x000000,0x000000,0x000000,0x000000,0x000000,0x000000,0x000000,
0x000000,0x000000,0x000000,0x000000,0x000000,0x000000,0x000000,0x000000,
0x000000,0x000000,0x000000,0x000000,0x000000,0x000000,0x000000,0x000000,
0x000000,0x000000,0x000000,0x000000,0x000000,0x000000,0x000000,0x000000,
0x000000,0x000000,0x000000,0x000000,0x000000,0x000000,0x000000,0x000000,
0x000000,0x000000,0x000000,0x000000,0x000000,0x000000,0x000000,0x000000,
0x000000,0x000000,0x000000,0x000000,0x000000,0x000000,0x000000,0x000000,
0x000000,0x000000,0x000000,0x000000,0x000000,0x000000,0x000000,0x000000,
0x000000,0x000000,0x000000,0x000000,0x000000,0x000000,0x000000,0x000000,
0x000000,0x000000,0x000000,0x000000,0x000000,0x000000,0x000000,0x000000,
0x000000,0x000000,0x000000,0x000000,0x000000,0x000000,0x000000,0x000000,
0x000000,0x000000,0x000000,0x000000,0x000000,0x000000,0x000000,0x000000,
0x000000,0x000000,0x000000,0x000000,0x000000,0x000000,0x000000,0x000000,
0x000000,0x000000,0x000000,0x000000,0x000000,0x000000,0x000000,0x000000,
0x000000,0x000000,0x000000,0x000000,0x000000,0x000000,0x000000,0x000000,
0x000000,0x000000,0x000000,0x000000,0x000000,0x000000,0x000000,0x000000,
0x000000,0x000000,0x000000,0x000000,0x000000,0x000000,0x000000,0x000000,
0x000000,0x000000,0x000000,0x000000,0x000000,0x000000,0x000000,0x000000,
0x000000,0x000000,0x000000,0x000000,0x000000,0x000000,0x000000,0x000000,
0x000000,0x000000,0x000000,0x000000,0x000000,0x000000,0x000000,0x000000,
0x000000,0x000000,0x000000,0x000000,0x000000,0x000000,0x000000,0x000000,
0x000000,0x000000,0x000000,0x000000,0x000000,0x000000,0x000000,0x000000,
0x000000,0x000000,0x000000,0x000000,0x000000,0x000000,0x000000,0x000000,
0x000000,0x000000,0x000000,0x000000,0x000000,0x000000,0x000000,0x000000,
0x000000,0x000000,0x000000,0x000000,0x000000,0x000000,0x000000,0x000000,
0x000000,0x000000,0x000000,0x000000,0x000000,0x000000,0x000000,0x000000,
0x000000,0x000000,0x000000,0x000000,0x000000,0x000000,0x000000,0x000000,
0x000000,0x000000,0x000000,0x000000,0x000000,0x000000,0x000000,0x000000,
0x000000,0x000000,0x000000,0x000000,0x000000,0x000000,0x000000,0x000000,
0x000000,0x000000,0x000000,0x000000,0x000000,0x000000,0x000000,0x000000,
0x000000,0x000000,0x000000,0x000000,0x000000,0x000000,0x000000,0x000000,
0x000000,0x000000,0x000000,0x000000,0x000000,0x000000,0x000000,0x000000,
0x000000,0x000000,0x000000,0x000000,0x000000,0x000000,0x000000,0x000000,
0x000000,0x000000,0x000000,0x000000,0x000000,0x000000,0x000000,0x000000,
0x000000,0x000000,0x000000,0x000000,0x000000,0x000000,0x000000,0x000000,
0x000000,0x000000,0x000000,0x000000,0x000000,0x000000,0x000000,0x000000,
0x000000,0x000000,0x000000,0x000000,0x000000,0x000000,0x000000,0x000000,
0x000000,0x000000,0x000000,0x000000,0x000000,0x000000,0x000000,0x000000,
0x000000,0x000000,0x000000,0x000000,0x000000,0x000000,0x000000,0x000000,
0x000000,0x000000,0x000000,0x000000,0x000000,0x000000,0x000000,0x000000,
0x000000,0x000000,0x000000,0x000000,0x000000,0x000000,0x000000,0x000000,
0x000000,0x000000,0x000000,0x000000,0x000000,0x000000,0x000000,0x000000,
0x000000,0x000000,0x000000,0x000000,0x000000,0x000000,0x000000,0x000000,
0x000000,0x000000,0x000000,0x000000,0x000000,0x000000,0x000000,0x000000,
0x000000,0x000000,0x000000,0x000000,0x000000,0x000000,0x000000,0x000000,
0x000000,0x000000,0x000000,0x000000,0x000000,0x000000,0x000000,0x000000,
0x000000,0x000000,0x000000,0x000000,0x000000,0x000000,0x000000,0x000000,
0x000000,0x000000,0x000000,0x000000,0x000000,0x000000,0x000000,0x000000,
0x000000,0x000000,0x000000,0x000000,0x000000,0x000000,0x000000,0x000000,
0x000000,0x000000,0x000000,0x000000,0x000000,0x000000,0x000000,0x000000,
0x000000,0x000000,0x000000,0x000000,0x000000,0x000000,0x000000,0x000000,
0x000000,0x000000,0x000000,0x000000,0x000000,0x000000,0x000000,0x000000,
0x000000,0x000000,0x000000,0x000000,0x000000,0x000000,0x000000,0x000000,
0x000000,0x000000,0x000000,0x000000,0x000000,0x000000,0x000000,0x000000,
0x000000,0x000000,0x000000,0x000000,0x000000,0x000000,0x000000,0x000000,
0x000000,0x000000,0x000000,0x000000,0x000000,0x000000,0x000000,0x000000,
0x000000,0x000000,0x000000,0x000000,0x000000,0x000000,0x000000,0x000000,
0x000000,0x000000,0x000000,0x000000,0x000000,0x000000,0x000000,0x000000,
0x000000,0x000000,0x000000,0x000000,0x000000,0x000000,0x000000,0x000000,
0x000000,0x000000,0x000000,0x000000,0x000000,0x000000,0x000000,0x000000,
0x000000,0x000000,0x000000,0x000000,0x000000,0x000000,0x000000,0x000000,
0x000000,0x000000,0x000000,0x000000,0x000000,0x000000,0x000000,0x000000,
0x000000,0x000000,0x000000,0x000000,0x000000,0x000000,0x000000,0x000000,
0x000000,0x000000,0x000000,0x000000,0x000000,0x000000,0x000000,0x000000,
0x000000,0x000000,0x000000,0x000000,0x000000,0x000000,0x000000,0x000000,
0x000000,0x000000,0x000000,0x000000,0x000000,0x000000,0x000000,0x000000,
0x000000,0x000000,0x000000,0x000000,0x000000,0x000000,0x000000,0x000000,
0x000000,0x000000,0x000000,0x000000,0x000000,0x000000,0x000000,0x000000,
0x000000,0x000000,0x000000,0x000000,0x000000,0x000000,0x000000,0x000000,
0x000000,0x000000,0x000000,0x000000,0x000000,0x000000,0x000000,0x000000,
0x000000,0x000000,0x000000,0x000000,0x000000,0x000000,0x000000,0x000000,
0x000000,0x000000,0x000000,0x000000,0x000000,0x000000,0x000000,0x000000,
0x000000,0x000000,0x000000,0x000000,0x000000,0x000000,0x000000,0x000000,
0x000000,0x000000,0x000000,0x000000,0x000000,0x000000,0x000000,0x000000,
0x000000,0x000000,0x000000,0x000000,0x000000,0x000000,0x000000,0x000000,
0x000000,0x000000,0x000000,0x000000,0x000000,0x000000,0x000000,0x000000,
0x000000,0x000000,0x000000,0x000000,0x000000,0x000000,0x000000,0x000000,
0x000000,0x000000,0x000000,0x000000,0x000000,0x000000,0x000000,0x000000,
0x000000,0x000000,0x000000,0x000000,0x000000,0x000000,0x000000,0x000000,
0x000000,0x000000,0x000000,0x000000,0x000000,0x000000,0x000000,0x000000,
0x000000,0x000000,0x000000,0x000000,0x000000,0x000000,0x000000,0x000000,
0x000000,0x000000,0x000000,0x000000,0x000000,0x000000,0x000000,0x000000,
0x000000,0x000000,0x000000,0x000000,0x000000,0x000000,0x000000,0x000000,
0x000000,0x000000,0x000000,0x000000,0x000000,0x000000,0x000000,0x000000,
0x000000,0x000000,0x000000,0x000000,0x000000,0x000000,0x000000,0x000000,
0x000000,0x000000,0x000000,0x000000,0x000000,0x000000,0x000000,0x000000,
0x000000,0x000000,0x000000,0x000000,0x000000,0x000000,0x000000,0x000000,
0x000000,0x000000,0x000000,0x000000,0x000000,0x000000,0x000000,0x000000,
0x000000,0x000000,0x000000,0x000000,0x000000,0x000000,0x000000,0x000000,
0x000000,0x000000,0x000000,0x000000,0x000000,0x000000,0x000000,0x000000,
0x000000,0x000000,0x000000,0x000000,0x000000,0x000000,0x000000,0x000000,
0x000000,0x000000,0x000000,0x000000,0x000000,0x000000,0x000000,0x000000,
0x000000,0x000000,0x000000,0x000000,0x000000,0x000000,0x000000,0x000000,
0x000000,0x000000,0x000000,0x000000,0x000000,0x000000,0x000000,0x000000,
0x000000,0x000000,0x000000,0x000000,0x000000,0x000000,0x000000,0x000000,
0x000000,0x000000,0x000000,0x000000,0x000000,0x000000,0x000000,0x000000,
0x000000,0x000000,0x000000,0x000000,0x000000,0x000000,0x000000,0x000000,
0x000000,0x000000,0x000000,0x000000,0x000000,0x000000,0x000000,0x000000,
0x000000,0x000000,0x000000,0x000000,0x000000,0x000000,0x000000,0x000000,
0x000000,0x000000,0x000000,0x000000,0x000000,0x000000,0x000000,0x000000,
0x000000,0x000000,0x000000,0x000000,0x000000,0x000000,0x000000,0x000000,
0x000000,0x000000,0x000000,0x000000,0x000000,0x000000,0x000000,0x000000,
0x000000,0x000000,0x000000,0x000000,0x000000,0x000000,0x000000,0x000000,
0x000000,0x000000,0x000000,0x000000,0x000000,0x000000,0x000000,0x000000,
0x000000,0x000000,0x000000,0x000000,0x000000,0x000000,0x000000,0x000000,
0x000000,0x000000,0x000000,0x000000,0x000000,0x000000,0x000000,0x000000,
0x000000,0x000000,0x000000,0x000000,0x000000,0x000000,0x000000,0x000000,
0x000000,0x000000,0x000000,0x000000,0x000000,0x000000,0x000000,0x000000,
0x000000,0x000000,0x000000,0x000000,0x000000,0x000000,0x000000,0x000000,
0x000000,0x000000,0x000000,0x000000,0x000000,0x000000,0x000000,0x000000,
0x000000,0x000000,0x000000,0x000000,0x000000,0x000000,0x000000,0x000000,
0x000000,0x000000,0x000000,0x000000,0x000000,0x000000,0x000000,0x000000,
0x000000,0x000000,0x000000,0x000000,0x000000,0x000000,0x000000,0x000000,
0x000000,0x000000,0x000000,0x000000,0x000000,0x000000,0x000000,0x000000,
0x000000,0x000000,0x000000,0x000000,0x000000,0x000000,0x000000,0x000000,
0x000000,0x000000,0x000000,0x000000,0x000000,0x000000,0x000000,0x000000,
0x000000,0x000000,0x000000,0x000000,0x000000,0x000000,0x000000,0x000000,
0x000000,0x000000,0x000000,0x000000,0x000000,0x000000,0x000000,0x000000,
0x000000,0x000000,0x000000,0x000000,0x000000,0x000000,0x000000,0x000000,
0x000000,0x000000,0x000000,0x000000,0x000000,0x000000,0x000000,0x000000,
0x000000,0x000000,0x000000,0x000000,0x000000,0x000000,0x000000,0x000000,
0x000000,0x000000,0x000000,0x000000,0x000000,0x000000,0x000000,0x000000,
0x000000,0x000000,0x000000,0x000000,0x000000,0x000000,0x000000,0x000000,
0x000000,0x000000,0x000000,0x000000,0x000000,0x000000,0x000000,0x000000,
0x000000,0x000000,0x000000,0x000000,0x000000,0x000000,0x000000,0x000000,
0x000000,0x000000,0x000000,0x000000,0x000000,0x000000,0x000000,0x000000,
0x000000,0x000000,0x000000,0x000000,0x000000,0x000000,0x000000,0x000000,
0x000000,0x000000,0x000000,0x000000,0x000000,0x000000,0x000000,0x000000,
0x000000,0x000000,0x000000,0x000000,0x000000,0x000000,0x000000,0x000000,
0x000000,0x000000,0x000000,0x000000,0x000000,0x000000,0x000000,0x000000,
0x000000,0x000000,0x000000,0x000000,0x000000,0x000000,0x000000,0x000000,
0x000000,0x000000,0x000000,0x000000,0x000000,0x000000,0x000000,0x000000,
0x000000,0x000000,0x000000,0x000000,0x000000,0x000000,0x000000,0x000000,
0x000000,0x000000,0x000000,0x000000,0x000000,0x000000,0x000000,0x000000,
0x000000,0x000000,0x000000,0x000000,0x000000,0x000000,0x000000,0x000000,
0x000000,0x000000,0x000000,0x000000,0x000000,0x000000,0x000000,0x000000,
0x000000,0x000000,0x000000,0x000000,0x000000,0x000000,0x000000,0x000000,
0x000000,0x000000,0x000000,0x000000,0x000000,0x000000,0x000000,0x000000,
0x000000,0x000000,0x000000,0x000000,0x000000,0x000000,0x000000,0x000000,
0x000000,0x000000,0x000000,0x000000,0x000000,0x000000,0x000000,0x000000,
0x000000,0x000000,0x000000,0x000000,0x000000,0x000000,0x000000,0x000000,
0x000000,0x000000,0x000000,0x000000,0x000000,0x000000,0x000000,0x000000,
0x000000,0x000000,0x000000,0x000000,0x000000,0x000000,0x000000,0x000000,
0x000000,0x000000,0x000000,0x000000,0x000000,0x000000,0x000000,0x000000,
0x000000,0x000000,0x000000,0x000000,0x000000,0x000000,0x000000,0x000000,
0x000000,0x000000,0x000000,0x000000,0x000000,0x000000,0x000000,0x000000,
0x000000,0x000000,0x000000,0x000000,0x000000,0x000000,0x000000,0x000000,
0x000000,0x000000,0x000000,0x000000,0x000000,0x000000,0x000000,0x000000,
0x000000,0x000000,0x000000,0x000000,0x000000,0x000000,0x000000,0x000000,
0x000000,0x000000,0x000000,0x000000,0x000000,0x000000,0x000000,0x000000,
0x000000,0x000000,0x000000,0x000000,0x000000,0x000000,0x000000,0x000000,
0x000000,0x000000,0x000000,0x000000,0x000000,0x000000,0x000000,0x000000,
0x000000,0x000000,0x000000,0x000000,0x000000,0x000000,0x000000,0x000000,
0x000000,0x000000,0x000000,0x000000,0x000000,0x000000,0x000000,0x000000,
0x000000,0x000000,0x000000,0x000000,0x000000,0x000000,0x000000,0x000000,
0x000000,0x000000,0x000000,0x000000,0x000000,0x000000,0x000000,0x000000,
0x000000,0x000000,0x000000,0x000000,0x000000,0x000000,0x000000,0x000000,
0x000000,0x000000,0x000000,0x000000,0x000000,0x000000,0x000000,0x000000,
0x000000,0x000000,0x000000,0x000000,0x000000,0x000000,0x000000,0x000000,
0x000000,0x000000,0x000000,0x000000,0x000000,0x000000,0x000000,0x000000,
0x000000,0x000000,0x000000,0x000000,0x000000,0x000000,0x000000,0x000000,
0x000000,0x000000,0x000000,0x000000,0x000000,0x000000,0x000000,0x000000,
0x000000,0x000000,0x000000,0x000000,0x000000,0x000000,0x000000,0x000000,
0x000000,0x000000,0x000000,0x000000,0x000000,0x000000,0x000000,0x000000,
0x000000,0x000000,0x000000,0x000000,0x000000,0x000000,0x000000,0x000000,
0x000000,0x000000,0x000000,0x000000,0x000000,0x000000,0x000000,0x000000,
0x000000,0x000000,0x000000,0x000000,0x000000,0x000000,0x000000,0x000000,
0x000000,0x000000,0x000000,0x000000,0x000000,0x000000,0x000000,0x000000,
0x000000,0x000000,0x000000,0x000000,0x000000,0x000000,0x000000,0x000000,
0x000000,0x000000,0x000000,0x000000,0x000000,0x000000,0x000000,0x000000,
0x000000,0x000000,0x000000,0x000000,0x000000,0x000000,0x000000,0x000000,
0x000000,0x000000,0x000000,0x000000,0x000000,0x000000,0x000000,0x000000,
0x000000,0x000000,0x000000,0x000000,0x000000,0x000000,0x000000,0x000000,
0x000000,0x000000,0x000000,0x000000,0x000000,0x000000,0x000000,0x000000,
0x000000,0x000000,0x000000,0x000000,0x000000,0x000000,0x000000,0x000000,
0x000000,0x000000,0x000000,0x000000,0x000000,0x000000,0x000000,0x000000,
0x000000,0x000000,0x000000,0x000000,0x000000,0x000000,0x000000,0x000000,
0x000000,0x000000,0x000000,0x000000,0x000000,0x000000,0x000000,0x000000,
0x000000,0x000000,0x000000,0x000000,0x000000,0x000000,0x000000,0x000000,
0x000000,0x000000,0x000000,0x000000,0x000000,0x000000,0x000000,0x000000,
0x000000,0x000000,0x000000,0x000000,0x000000,0x000000,0x000000,0x000000,
0x000000,0x000000,0x000000,0x000000,0x000000,0x000000,0x000000,0x000000,
0x000000,0x000000,0x000000,0x000000,0x000000,0x000000,0x000000,0x000000,
0x000000,0x000000,0x000000,0x000000,0x000000,0x000000,0x000000,0x000000,
0x000000,0x000000,0x000000,0x000000,0x000000,0x000000,0x000000,0x000000,
0x000000,0x000000,0x000000,0x000000,0x000000,0x000000,0x000000,0x000000,
0x000000,0x000000,0x000000,0x000000,0x000000,0x000000,0x000000,0x000000,
0x000000,0x000000,0x000000,0x000000,0x000000,0x000000,0x000000,0x000000,
0x000000,0x000000,0x000000,0x000000,0x000000,0x000000,0x000000,0x000000,
0x000000,0x000000,0x000000,0x000000,0x000000,0x000000,0x000000,0x000000,
0x000000,0x000000,0x000000,0x000000,0x000000,0x000000,0x000000,0x000000,
0x000000,0x000000,0x000000,0x000000,0x000000,0x000000,0x000000,0x000000,
0x000000,0x000000,0x000000,0x000000,0x000000,0x000000,0x000000,0x000000,
0x000000,0x000000,0x000000,0x000000,0x000000,0x000000,0x000000,0x000000,
0x000000,0x000000,0x000000,0x000000,0x000000,0x000000,0x000000,0x000000,
0x000000,0x000000,0x000000,0x000000,0x000000,0x000000,0x000000,0x000000,
0x000000,0x000000,0x000000,0x000000,0x000000,0x000000,0x000000,0x000000,
0x000000,0x000000,0x000000,0x000000,0x000000,0x000000,0x000000,0x000000,
0x000000,0x000000,0x000000,0x000000,0x000000,0x000000,0x000000,0x000000,
0x000000,0x000000,0x000000,0x000000,0x000000,0x000000,0x000000,0x000000,
0x000000,0x000000,0x000000,0x000000,0x000000,0x000000,0x000000,0x000000,
0x000000,0x000000,0x000000,0x000000,0x000000,0x000000,0x000000,0x000000,
0x000000,0x000000,0x000000,0x000000,0x000000,0x000000,0x000000,0x000000,
0x000000,0x000000,0x000000,0x000000,0x000000,0x000000,0x000000,0x000000,
0x000000,0x000000,0x000000,0x000000,0x000000,0x000000,0x000000,0x000000,
0x000000,0x000000,0x000000,0x000000,0x000000,0x000000,0x000000,0x000000,
0x000000,0x000000,0x000000,0x000000,0x000000,0x000000,0x000000,0x000000,
0x000000,0x000000,0x000000,0x000000,0x000000,0x000000,0x000000,0x000000,
0x000000,0x000000,0x000000,0x000000,0x000000,0x000000,0x000000,0x000000,
0x000000,0x000000,0x000000,0x000000,0x000000,0x000000,0x000000,0x000000,
0x000000,0x000000,0x000000,0x000000,0x000000,0x000000,0x000000,0x000000,
0x000000,0x000000,0x000000,0x000000,0x000000,0x000000,0x000000,0x000000,
0x000000,0x000000,0x000000,0x000000,0x000000,0x000000,0x000000,0x000000,
0x000000,0x000000,0x000000,0x000000,0x000000,0x000000,0x000000,0x000000,
0x000000,0x000000,0x000000,0x000000,0x000000,0x000000,0x000000,0x000000,
0x000000,0x000000,0x000000,0x000000,0x000000,0x000000,0x000000,0x000000,
0x000000,0x000000,0x000000,0x000000,0x000000,0x000000,0x000000,0x000000,
0x000000,0x000000,0x000000,0x000000,0x000000,0x000000,0x000000,0x000000,
0x000000,0x000000,0x000000,0x000000,0x000000,0x000000,0x000000,0x000000,
0x000000,0x000000,0x000000,0x000000,0x000000,0x000000,0x000000,0x000000,
0x000000,0x000000,0x000000,0x000000,0x000000,0x000000,0x000000,0x000000,
0x000000,0x000000,0x000000,0x000000,0x000000,0x000000,0x000000,0x000000,
0x000000,0x000000,0x000000,0x000000,0x000000,0x000000,0x000000,0x000000,
0x000000,0x000000,0x000000,0x000000,0x000000,0x000000,0x000000,0x000000,
0x000000,0x000000,0x000000,0x000000,0x000000,0x000000,0x000000,0x000000,
0x000000,0x000000,0x000000,0x000000,0x000000,0x000000,0x000000,0x000000,
0x000000,0x000000,0x000000,0x000000,0x000000,0x000000,0x000000,0x000000,
0x000000,0x000000,0x000000,0x000000,0x000000,0x000000,0x000000,0x000000,
0x000000,0x000000,0x000000,0x000000,0x000000,0x000000,0x000000,0x000000,
0x000000,0x000000,0x000000,0x000000,0x000000,0x000000,0x000000,0x000000,
0x000000,0x000000,0x000000,0x000000,0x000000,0x000000,0x000000,0x000000,
0x000000,0x000000,0x000000,0x000000,0x000000,0x000000,0x000000,0x000000,
0x000000,0x000000,0x000000,0x000000,0x000000,0x000000,0x000000,0x000000,
0x000000,0x000000,0x000000,0x000000,0x000000,0x000000,0x000000,0x000000,
0x000000,0x000000,0x000000,0x000000,0x000000,0x000000,0x000000,0x000000,
0x000000,0x000000,0x000000,0x000000,0x000000,0x000000,0x000000,0x000000,
0x000000,0x000000,0x000000,0x000000,0x000000,0x000000,0x000000,0x000000,
0x000000,0x000000,0x000000,0x000000,0x000000,0x000000,0x000000,0x000000,
0x000000,0x000000,0x000000,0x000000,0x000000,0x000000,0x000000,0x000000,
0x000000,0x000000,0x000000,0x000000,0x000000,0x000000,0x000000,0x000000,
0x000000,0x000000,0x000000,0x000000,0x000000,0x000000,0x000000,0x000000,
0x000000,0x000000,0x000000,0x000000,0x000000,0x000000,0x000000,0x000000,
0x000000,0x000000,0x000000,0x000000,0x000000,0x000000,0x000000,0x000000,
0x000000,0x000000,0x000000,0x000000,0x000000,0x000000,0x000000,0x000000,
0x000000,0x000000,0x000000,0x000000,0x000000,0x000000,0x000000,0x000000,
0x000000,0x000000,0x000000,0x000000,0x000000,0x000000,0x000000,0x000000,
0x000000,0x000000,0x000000,0x000000,0x000000,0x000000,0x000000,0x000000,
0x000000,0x000000,0x000000,0x000000,0x000000,0x000000,0x000000,0x000000,
0x000000,0x000000,0x000000,0x000000,0x000000,0x000000,0x000000,0x000000,
0x000000,0x000000,0x000000,0x000000,0x000000,0x000000,0x000000,0x000000,
0x000000,0x000000,0x000000,0x000000,0x000000,0x000000,0x000000,0x000000,
0x000000,0x000000,0x000000,0x000000,0x000000,0x000000,0x000000,0x000000,
0x000000,0x000000,0x000000,0x000000,0x000000,0x000000,0x000000,0x000000,
0x000000,0x000000,0x000000,0x000000,0x000000,0x000000,0x000000,0x000000,
0x000000,0x000000,0x000000,0x000000,0x000000,0x000000,0x000000,0x000000,
0x000000,0x000000,0x000000,0x000000,0x000000,0x000000,0x000000,0x000000,
0x000000,0x000000,0x000000,0x000000,0x000000,0x000000,0x000000,0x000000,
0x000000,0x000000,0x000000,0x000000,0x000000,0x000000,0x000000,0x000000,
0x000000,0x000000,0x000000,0x000000,0x000000,0x000000,0x000000,0x000000,
0x000000,0x000000,0x000000,0x000000,0x000000,0x000000,0x000000,0x000000,
0x000000,0x000000,0x000000,0x000000,0x000000,0x000000,0x000000,0x000000,
0x000000,0x000000,0x000000,0x000000,0x000000,0x000000,0x000000,0x000000,
0x000000,0x000000,0x000000,0x000000,0x000000,0x000000,0x000000,0x000000,
0x000000,0x000000,0x000000,0x000000,0x000000,0x000000,0x000000,0x000000,
0x000000,0x000000,0x000000,0x000000,0x000000,0x000000,0x000000,0x000000,
0x000000,0x000000,0x000000,0x000000,0x000000,0x000000,0x000000,0x000000,
0x000000,0x000000,0x000000,0x000000,0x000000,0x000000,0x000000,0x000000,
0x000000,0x000000,0x000000,0x000000,0x000000,0x000000,0x000000,0x000000,
0x000000,0x000000,0x000000,0x000000,0x000000,0x000000,0x000000,0x000000,
0x000000,0x000000,0x000000,0x000000,0x000000,0x000000,0x000000,0x000000,
0x000000,0x000000,0x000000,0x000000,0x000000,0x000000,0x000000,0x000000,
0x000000,0x000000,0x000000,0x000000,0x000000,0x000000,0x000000,0x000000,
0x000000,0x000000,0x000000,0x000000,0x000000,0x000000,0x000000,0x000000,
0x000000,0x000000,0x000000,0x000000,0x000000,0x000000,0x000000,0x000000,
0x000000,0x000000,0x000000,0x000000,0x000000,0x000000,0x000000,0x000000,
0x000000,0x000000,0x000000,0x000000,0x000000,0x000000,0x000000,0x000000,
0x000000,0x000000,0x000000,0x000000,0x000000,0x000000,0x000000,0x000000,
0x000000,0x000000,0x000000,0x000000,0x000000,0x000000,0x000000,0x000000,
0x000000,0x000000,0x000000,0x000000,0x000000,0x000000,0x000000,0x000000,
0x000000,0x000000,0x000000,0x000000,0x000000,0x000000,0x000000,0x000000,
0x000000,0x000000,0x000000,0x000000,0x000000,0x000000,0x000000,0x000000,
0x000000,0x000000,0x000000,0x000000,0x000000,0x000000,0x000000,0x000000,
0x000000,0x000000,0x000000,0x000000,0x000000,0x000000,0x000000,0x000000,
0x000000,0x000000,0x000000,0x000000,0x000000,0x000000,0x000000,0x000000,
0x000000,0x000000,0x000000,0x000000,0x000000,0x000000,0x000000,0x000000,
0x000000,0x000000,0x000000,0x000000,0x000000,0x000000,0x000000,0x000000,
0x000000,0x000000,0x000000,0x000000,0x000000,0x000000,0x000000,0x000000,
0x000000,0x000000,0x000000,0x000000,0x000000,0x000000,0x000000,0x000000,
0x000000,0x000000,0x000000,0x000000,0x000000,0x000000,0x000000,0x000000,
0x000000,0x000000,0x000000,0x000000,0x000000,0x000000,0x000000,0x000000,
0x000000,0x000000,0x000000,0x000000,0x000000,0x000000,0x000000,0x000000,
0x000000,0x000000,0x000000,0x000000,0x000000,0x000000,0x000000,0x000000,
0x000000,0x000000,0x000000,0x000000,0x000000,0x000000,0x000000,0x000000,
0x000000,0x000000,0x000000,0x000000,0x000000,0x000000,0x000000,0x000000,
0x000000,0x000000,0x000000,0x000000,0x000000,0x000000,0x000000,0x000000,
0x000000,0x000000,0x000000,0x000000,0x000000,0x000000,0x000000,0x000000,
0x000000,0x000000,0x000000,0x000000,0x000000,0x000000,0x000000,0x000000,
0x000000,0x000000,0x000000,0x000000,0x000000,0x000000,0x000000,0x000000,
0x000000,0x000000,0x000000,0x000000,0x000000,0x000000,0x000000,0x000000,
0x000000,0x000000,0x000000,0x000000,0x000000,0x000000,0x000000,0x000000,
0x000000,0x000000,0x000000,0x000000,0x000000,0x000000,0x000000,0x000000,
0x000000,0x000000,0x000000,0x000000,0x000000,0x000000,0x000000,0x000000,
0x000000,0x000000,0x000000,0x000000,0x000000,0x000000,0x000000,0x000000,
0x000000,0x000000,0x000000,0x000000,0x000000,0x000000,0x000000,0x000000,
0x000000,0x000000,0x000000,0x000000,0x000000,0x000000,0x000000,0x000000,
0x000000,0x000000,0x000000,0x000000,0x000000,0x000000,0x000000,0x000000,
0x000000,0x000000,0x000000,0x000000,0x000000,0x000000,0x000000,0x000000,
0x000000,0x000000,0x000000,0x000000,0x000000,0x000000,0x000000,0x000000,
0x000000,0x000000,0x000000,0x000000,0x000000,0x000000,0x000000,0x000000,
0x000000,0x000000,0x000000,0x000000,0x000000,0x000000,0x000000,0x000000,
0x000000,0x000000,0x000000,0x000000,0x000000,0x000000,0x000000,0x000000,
0x000000,0x000000,0x000000,0x000000,0x000000,0x000000,0x000000,0x000000,
0x000000,0x000000,0x000000,0x000000,0x000000,0x000000,0x000000,0x000000,
0x000000,0x000000,0x000000,0x000000,0x000000,0x000000,0x000000,0x000000,
0x000000,0x000000,0x000000,0x000000,0x000000,0x000000,0x000000,0x000000,
0x000000,0x000000,0x000000,0x000000,0x000000,0x000000,0x000000,0x000000,
0x000000,0x000000,0x000000,0x000000,0x000000,0x000000,0x000000,0x000000,
0x000000,0x000000,0x000000,0x000000,0x000000,0x000000,0x000000,0x000000,
0x000000,0x000000,0x000000,0x000000,0x000000,0x000000,0x000000,0x000000,
0x000000,0x000000,0x000000,0x000000,0x000000,0x000000,0x000000,0x000000,
0x000000,0x000000,0x000000,0x000000,0x000000,0x000000,0x000000,0x000000,
0x000000,0x000000,0x000000,0x000000,0x000000,0x000000,0x000000,0x000000,
0x000000,0x000000,0x000000,0x000000,0x000000,0x000000,0x000000,0x000000,
0x000000,0x000000,0x000000,0x000000,0x000000,0x000000,0x000000,0x000000,
0x000000,0x000000,0x000000,0x000000,0x000000,0x000000,0x000000,0x000000,
0x000000,0x000000,0x000000,0x000000,0x000000,0x000000,0x000000,0x000000,
0x000000,0x000000,0x000000,0x000000,0x000000,0x000000,0x000000,0x000000,
0x000000,0x000000,0x000000,0x000000,0x000000,0x000000,0x000000,0x000000,
0x000000,0x000000,0x000000,0x000000,0x000000,0x000000,0x000000,0x000000,
0x000000,0x000000,0x000000,0x000000,0x000000,0x000000,0x000000,0x000000,
0x000000,0x000000,0x000000,0x000000,0x000000,0x000000,0x000000,0x000000,
0x000000,0x000000,0x000000,0x000000,0x000000,0x000000,0x000000,0x000000,
0x000000,0x000000,0x000000,0x000000,0x000000,0x000000,0x000000,0x000000,
0x000000,0x000000,0x000000,0x000000,0x000000,0x000000,0x000000,0x000000,
0x000000,0x000000,0x000000,0x000000,0x000000,0x000000,0x000000,0x000000,
0x000000,0x000000,0x000000,0x000000,0x000000,0x000000,0x000000,0x000000,
0x000000,0x000000,0x000000,0x000000,0x000000,0x000000,0x000000,0x000000,
0x000000,0x000000,0x000000,0x000000,0x000000,0x000000,0x000000,0x000000,
0x000000,0x000000,0x000000,0x000000,0x000000,0x000000,0x000000,0x000000,
0x000000,0x000000,0x000000,0x000000,0x000000,0x000000,0x000000,0x000000,
0x000000,0x000000,0x000000,0x000000,0x000000,0x000000,0x000000,0x000000,
0x000000,0x000000,0x000000,0x000000,0x000000,0x000000,0x000000,0x000000,
0x000000,0x000000,0x000000,0x000000,0x000000,0x000000,0x000000,0x000000,
0x000000,0x000000,0x000000,0x000000,0x000000,0x000000,0x000000,0x000000,
0x000000,0x000000,0x000000,0x000000,0x000000,0x000000,0x000000,0x000000,
0x000000,0x000000,0x000000,0x000000,0x000000,0x000000,0x000000,0x000000,
0x000000,0x000000,0x000000,0x000000,0x000000,0x000000,0x000000,0x000000,
0x000000,0x000000,0x000000,0x000000,0x000000,0x000000,0x000000,0x000000,
0x000000,0x000000,0x000000,0x000000,0x000000,0x000000,0x000000,0x000000,
0x000000,0x000000,0x000000,0x000000,0x000000,0x000000,0x000000,0x000000,
0x000000,0x000000,0x000000,0x000000,0x000000,0x000000,0x000000,0x000000,
0x000000,0x000000,0x000000,0x000000,0x000000,0x000000,0x000000,0x000000,
};

const uint16_t rd_samples_exp_table[0x8000] EXP_BINARY_FLASH_DATA_ATTR = {
0x7FF0,0x7FE0,0x7FC0,0x7F90,0x7FA0,0x7F80,0x7F50,0x7F60,0x7F40,0x7F10,0x7F20,0x7EF0,0x7ED0,0x7EE0,0x7EB0,0x7E90,
0x7EA0,0x7E70,0x7E50,0x7E40,0x7E30,0x7E10,0x7E00,0x7DF0,0x7DD0,0x7DC0,0x7DB0,0x7D90,0x7D80,0x7D70,0x7D60,0x7D40,
0x7D30,0x7D20,0x7D00,0x7CF0,0x7CE0,0x7CC0,0x7CB0,0x7CA0,0x7C80,0x7C70,0x7C60,0x7C40,0x7C30,0x7C20,0x7C00,0x7BF0,
0x7BE0,0x7BC0,0x7BB0,0x7BA0,0x7B80,0x7B50,0x7B60,0x7B40,0x7B10,0x7B20,0x7B00,0x7AD0,0x7AE0,0x7AC0,0x7A90,0x7AA0,
0x7A80,0x7A70,0x7A60,0x7A40,0x7A30,0x7A20,0x7A00,0x79F0,0x79E0,0x79C0,0x79B0,0x79A0,0x7980,0x7970,0x7960,0x7940,
0x7930,0x7920,0x7900,0x78F0,0x78E0,0x78C0,0x78B0,0x7890,0x7880,0x7870,0x7850,0x7840,0x7830,0x7810,0x7800,0x77F0,
0x77D0,0x77E0,0x77B0,0x7790,0x77A0,0x7770,0x7750,0x7760,0x7730,0x7710,0x7720,0x7700,0x76D0,0x76E0,0x76C0,0x7690,
0x76A0,0x7680,0x7670,0x7660,0x7640,0x7630,0x7610,0x7600,0x75F0,0x75D0,0x75C0,0x75B0,0x7590,0x75A0,0x7570,0x7550,
0x7560,0x7530,0x7510,0x7520,0x7500,0x74D0,0x74E0,0x74C0,0x74B0,0x74A0,0x7480,0x7470,0x7450,0x7440,0x7430,0x7410,
0x7420,0x73F0,0x73D0,0x73E0,0x73C0,0x7390,0x73A0,0x7380,0x7370,0x7360,0x7340,0x7330,0x7310,0x7300,0x72F0,0x72D0,
0x72E0,0x72B0,0x7290,0x72A0,0x7280,0x7250,0x7260,0x7240,0x7230,0x7220,0x7200,0x71F0,0x71D0,0x71C0,0x71B0,0x7190,
0x71A0,0x7180,0x7150,0x7160,0x7140,0x7130,0x7120,0x7100,0x70F0,0x70D0,0x70C0,0x70B0,0x7090,0x70A0,0x7080,0x7050,
0x7060,0x7040,0x7030,0x7010,0x7000,0x6FF0,0x6FD0,0x6FE0,0x6FB0,0x6F90,0x6FA0,0x6F80,0x6F70,0x6F60,0x6F40,0x6F30,
0x6F10,0x6F20,0x6EF0,0x6ED0,0x6EE0,0x6EC0,0x6EB0,0x6EA0,0x6E80,0x6E70,0x6E50,0x6E60,0x6E30,0x6E10,0x6E20,0x6E00,
0x6DF0,0x6DE0,0x6DC0,0x6DB0,0x6D90,0x6DA0,0x6D80,0x6D50,0x6D60,0x6D40,0x6D30,0x6D10,0x6D00,0x6CF0,0x6CD0,0x6CE0,
0x6CC0,0x6CB0,0x6CA0,0x6C80,0x6C70,0x6C50,0x6C60,0x6C40,0x6C10,0x6C20,0x6C00,0x6BF0,0x6BD0,0x6BC0,0x6BB0,0x6B90,
0x6BA0,0x6B80,0x6B70,0x6B60,0x6B40,0x6B30,0x6B10,0x6B20,0x6B00,0x6AF0,0x6AE0,0x6AC0,0x6AB0,0x6A90,0x6AA0,0x6A80,
0x6A50,0x6A60,0x6A40,0x6A30,0x6A10,0x6A20,0x6A00,0x69D0,0x69E0,0x69C0,0x69B0,0x6990,0x69A0,0x6980,0x6950,0x6960,
0x6940,0x6930,0x6910,0x6920,0x6900,0x68D0,0x68E0,0x68C0,0x68B0,0x6890,0x68A0,0x6880,0x6850,0x6860,0x6840,0x6830,
0x6810,0x6820,0x6800,0x67F0,0x67E0,0x67C0,0x67B0,0x6790,0x67A0,0x6780,0x6770,0x6750,0x6740,0x6730,0x6710,0x6720,
0x6700,0x66F0,0x66D0,0x66E0,0x66C0,0x6690,0x66A0,0x6680,0x6670,0x6650,0x6660,0x6640,0x6630,0x6610,0x6600,0x65F0,
0x65D0,0x65E0,0x65C0,0x65B0,0x6590,0x65A0,0x6580,0x6570,0x6560,0x6540,0x6530,0x6510,0x6520,0x6500,0x64F0,0x64D0,
0x64E0,0x64C0,0x64B0,0x64A0,0x6480,0x6470,0x6450,0x6460,0x6440,0x6430,0x6410,0x6420,0x6400,0x63F0,0x63D0,0x63C0,
0x63B0,0x6390,0x63A0,0x6380,0x6370,0x6350,0x6360,0x6340,0x6330,0x6310,0x6320,0x6300,0x62D0,0x62E0,0x62C0,0x62B0,
0x6290,0x62A0,0x6280,0x6270,0x6250,0x6260,0x6240,0x6230,0x6210,0x6220,0x6200,0x61D0,0x61E0,0x61C0,0x61B0,0x6190,
0x61A0,0x6180,0x6170,0x6150,0x6160,0x6140,0x6130,0x6110,0x6120,0x6100,0x60F0,0x60D0,0x60E0,0x60B0,0x6090,0x60A0,
0x6080,0x6070,0x6050,0x6060,0x6040,0x6030,0x6010,0x6020,0x6000,0x5FF0,0x5FD0,0x5FE0,0x5FC0,0x5FB0,0x5F90,0x5FA0,
0x5F80,0x5F70,0x5F50,0x5F60,0x5F40,0x5F30,0x5F10,0x5F00,0x5EF0,0x5ED0,0x5EE0,0x5EC0,0x5EB0,0x5E90,0x5EA0,0x5E80,
0x5E70,0x5E50,0x5E60,0x5E40,0x5E30,0x5E10,0x5E20,0x5E00,0x5DF0,0x5DD0,0x5DE0,0x5DC0,0x5DB0,0x5D90,0x5DA0,0x5D80,
0x5D70,0x5D50,0x5D60,0x5D40,0x5D30,0x5D10,0x5D20,0x5D00,0x5CF0,0x5CD0,0x5CE0,0x5CC0,0x5CB0,0x5C90,0x5CA0,0x5C80,
0x5C70,0x5C50,0x5C60,0x5C40,0x5C30,0x5C10,0x5C20,0x5C00,0x5BF0,0x5BD0,0x5BE0,0x5BC0,0x5BB0,0x5B90,0x5BA0,0x5B80,
0x5B70,0x5B50,0x5B60,0x5B40,0x5B30,0x5B10,0x5B20,0x5B00,0x5AF0,0x5AD0,0x5AE0,0x5AC0,0x5AB0,0x5A90,0x5AA0,0x5A80,
0x5A70,0x5A50,0x5A60,0x5A40,0x5A30,0x5A10,0x5A20,0x5A00,0x59F0,0x59D0,0x59E0,0x59C0,0x59B0,0x5990,0x5990,0x59A0,
0x5980,0x5970,0x5950,0x5960,0x5940,0x5930,0x5910,0x5920,0x5900,0x58F0,0x58D0,0x58E0,0x58C0,0x58B0,0x5890,0x58A0,
0x5880,0x5870,0x5850,0x5860,0x5840,0x5830,0x5810,0x5820,0x5820,0x5800,0x57F0,0x57D0,0x57E0,0x57C0,0x57B0,0x5790,
0x57A0,0x5780,0x5770,0x5750,0x5760,0x5740,0x5730,0x5710,0x5720,0x5700,0x56F0,0x56F0,0x56D0,0x56E0,0x56C0,0x56B0,
0x5690,0x56A0,0x5680,0x5670,0x5650,0x5660,0x5640,0x5630,0x5610,0x5620,0x5600,0x5600,0x55F0,0x55D0,0x55E0,0x55C0,
0x55B0,0x5590,0x55A0,0x5580,0x5570,0x5550,0x5560,0x5540,0x5530,0x5530,0x5510,0x5520,0x5500,0x54F0,0x54D0,0x54E0,
0x54C0,0x54B0,0x5490,0x54A0,0x5480,0x5480,0x5470,0x5450,0x5460,0x5440,0x5430,0x5410,0x5420,0x5400,0x53F0,0x53D0,
0x53D0,0x53E0,0x53C0,0x53B0,0x5390,0x53A0,0x5380,0x5370,0x5350,0x5360,0x5340,0x5340,0x5330,0x5310,0x5320,0x5300,
0x52F0,0x52D0,0x52E0,0x52C0,0x52B0,0x52B0,0x5290,0x52A0,0x5280,0x5270,0x5250,0x5260,0x5240,0x5230,0x5230,0x5210,
0x5220,0x5200,0x51F0,0x51D0,0x51E0,0x51C0,0x51B0,0x51B0,0x5190,0x51A0,0x5180,0x5170,0x5150,0x5160,0x5140,0x5140,
0x5130,0x5110,0x5120,0x5100,0x50F0,0x50D0,0x50E0,0x50C0,0x50C0,0x50B0,0x5090,0x50A0,0x5080,0x5070,0x5050,0x5050,
0x5060,0x5040,0x5030,0x5010,0x5020,0x5000,0x4FF0,0x4FF0,0x4FD0,0x4FE0,0x4FC0,0x4FB0,0x4F90,0x4FA0,0x4FA0,0x4F80,
0x4F70,0x4F50,0x4F60,0x4F40,0x4F30,0x4F30,0x4F10,0x4F20,0x4F00,0x4EF0,0x4ED0,0x4EE0,0x4EE0,0x4EC0,0x4EB0,0x4E90,
0x4EA0,0x4E80,0x4E70,0x4E70,0x4E50,0x4E60,0x4E40,0x4E30,0x4E10,0x4E20,0x4E20,0x4E00,0x4DF0,0x4DD0,0x4DE0,0x4DC0,
0x4DC0,0x4DB0,0x4D90,0x4DA0,0x4D80,0x4D70,0x4D70,0x4D50,0x4D60,0x4D40,0x4D30,0x4D10,0x4D10,0x4D20,0x4D00,0x4CF0,
0x4CD0,0x4CE0,0x4CE0,0x4CC0,0x4CB0,0x4C90,0x4CA0,0x4C80,0x4C80,0x4C70,0x4C50,0x4C60,0x4C40,0x4C30,0x4C30,0x4C10,
0x4C20,0x4C00,0x4BF0,0x4BD0,0x4BD0,0x4BE0,0x4BC0,0x4BB0,0x4B90,0x4B90,0x4BA0,0x4B80,0x4B70,0x4B50,0x4B60,0x4B60,
0x4B40,0x4B30,0x4B10,0x4B20,0x4B20,0x4B00,0x4AF0,0x4AD0,0x4AE0,0x4AE0,0x4AC0,0x4AB0,0x4A90,0x4AA0,0x4A80,0x4A80,
0x4A70,0x4A50,0x4A60,0x4A40,0x4A40,0x4A30,0x4A10,0x4A20,0x4A00,0x4A00,0x49F0,0x49D0,0x49E0,0x49C0,0x49C0,0x49B0,
0x4990,0x49A0,0x4980,0x4980,0x4970,0x4950,0x4960,0x4940,0x4940,0x4930,0x4910,0x4920,0x4900,0x4900,0x48F0,0x48D0,
0x48E0,0x48E0,0x48C0,0x48B0,0x4890,0x48A0,0x48A0,0x4880,0x4870,0x4850,0x4860,0x4860,0x4840,0x4830,0x4810,0x4810,
0x4820,0x4800,0x47F0,0x47D0,0x47D0,0x47E0,0x47C0,0x47B0,0x47B0,0x4790,0x47A0,0x4780,0x4770,0x4770,0x4750,0x4760,
0x4740,0x4740,0x4730,0x4710,0x4720,0x4720,0x4700,0x46F0,0x46D0,0x46E0,0x46E0,0x46C0,0x46B0,0x4690,0x4690,0x46A0,
0x4680,0x4670,0x4670,0x4650,0x4660,0x4640,0x4640,0x4630,0x4610,0x4620,0x4600,0x4600,0x45F0,0x45D0,0x45E0,0x45E0,
0x45C0,0x45B0,0x4590,0x4590,0x45A0,0x4580,0x4570,0x4570,0x4550,0x4560,0x4540,0x4540,0x4530,0x4510,0x4520,0x4520,
0x4500,0x44F0,0x44D0,0x44D0,0x44E0,0x44C0,0x44B0,0x44B0,0x4490,0x44A0,0x4480,0x4480,0x4470,0x4450,0x4460,0x4460,
0x4440,0x4430,0x4430,0x4410,0x4420,0x4400,0x4400,0x43F0,0x43D0,0x43E0,0x43E0,0x43C0,0x43B0,0x4390,0x4390,0x43A0,
0x4380,0x4380,0x4370,0x4350,0x4360,0x4360,0x4340,0x4330,0x4310,0x4310,0x4320,0x4300,0x4300,0x42F0,0x42D0,0x42E0,
0x42E0,0x42C0,0x42B0,0x4290,0x4290,0x42A0,0x4280,0x4280,0x4270,0x4250,0x4260,0x4260,0x4240,0x4230,0x4230,0x4210,
0x4220,0x4200,0x4200,0x41F0,0x41D0,0x41D0,0x41E0,0x41C0,0x41B0,0x41B0,0x4190,0x41A0,0x41A0,0x4180,0x4170,0x4150,
0x4150,0x4160,0x4140,0x4140,0x4130,0x4110,0x4120,0x4120,0x4100,0x40F0,0x40F0,0x40D0,0x40E0,0x40E0,0x40C0,0x40B0,
0x4090,0x4090,0x40A0,0x4080,0x4080,0x4070,0x4050,0x4050,0x4060,0x4040,0x4030,0x4030,0x4010,0x4020,0x4020,0x4000,
0x3FF8,0x3FF0,0x3FE0,0x3FC8,0x3FD0,0x3FC0,0x3FA8,0x3FB0,0x3FA0,0x3F88,0x3F90,0x3F78,0x3F68,0x3F70,0x3F58,0x3F48,
0x3F50,0x3F38,0x3F28,0x3F20,0x3F18,0x3F08,0x3F00,0x3EF8,0x3EE8,0x3EE0,0x3ED8,0x3EC8,0x3EC0,0x3EB8,0x3EB0,0x3EA0,
0x3E98,0x3E90,0x3E80,0x3E78,0x3E70,0x3E60,0x3E58,0x3E50,0x3E40,0x3E38,0x3E30,0x3E20,0x3E18,0x3E10,0x3E00,0x3DF8,
0x3DF0,0x3DE0,0x3DD8,0x3DD0,0x3DC0,0x3DA8,0x3DB0,0x3DA0,0x3D88,0x3D90,0x3D80,0x3D68,0x3D70,0x3D60,0x3D48,0x3D50,
0x3D40,0x3D38,0x3D30,0x3D20,0x3D18,0x3D10,0x3D00,0x3CF8,0x3CF0,0x3CE0,0x3CD8,0x3CD0,0x3CC0,0x3CB8,0x3CB0,0x3CA0,
0x3C98,0x3C90,0x3C80,0x3C78,0x3C70,0x3C60,0x3C58,0x3C48,0x3C40,0x3C38,0x3C28,0x3C20,0x3C18,0x3C08,0x3C00,0x3BF8,
0x3BE8,0x3BF0,0x3BD8,0x3BC8,0x3BD0,0x3BB8,0x3BA8,0x3BB0,0x3B98,0x3B88,0x3B90,0x3B80,0x3B68,0x3B70,0x3B60,0x3B48,
0x3B50,0x3B40,0x3B38,0x3B30,0x3B20,0x3B18,0x3B08,0x3B00,0x3AF8,0x3AE8,0x3AE0,0x3AD8,0x3AC8,0x3AD0,0x3AB8,0x3AA8,
0x3AB0,0x3A98,0x3A88,0x3A90,0x3A80,0x3A68,0x3A70,0x3A60,0x3A58,0x3A50,0x3A40,0x3A38,0x3A28,0x3A20,0x3A18,0x3A08,
0x3A10,0x39F8,0x39E8,0x39F0,0x39E0,0x39C8,0x39D0,0x39C0,0x39B8,0x39B0,0x39A0,0x3998,0x3988,0x3980,0x3978,0x3968,
0x3970,0x3958,0x3948,0x3950,0x3940,0x3928,0x3930,0x3920,0x3918,0x3910,0x3900,0x38F8,0x38E8,0x38E0,0x38D8,0x38C8,
0x38D0,0x38C0,0x38A8,0x38B0,0x38A0,0x3898,0x3890,0x3880,0x3878,0x3868,0x3860,0x3858,0x3848,0x3850,0x3840,0x3828,
0x3830,0x3820,0x3818,0x3808,0x3800,0x37F8,0x37E8,0x37F0,0x37D8,0x37C8,0x37D0,0x37C0,0x37B8,0x37B0,0x37A0,0x3798,
0x3788,0x3790,0x3778,0x3768,0x3770,0x3760,0x3758,0x3750,0x3740,0x3738,0x3728,0x3730,0x3718,0x3708,0x3710,0x3700,
0x36F8,0x36F0,0x36E0,0x36D8,0x36C8,0x36D0,0x36C0,0x36A8,0x36B0,0x36A0,0x3698,0x3688,0x3680,0x3678,0x3668,0x3670,
0x3660,0x3658,0x3650,0x3640,0x3638,0x3628,0x3630,0x3620,0x3608,0x3610,0x3600,0x35F8,0x35E8,0x35E0,0x35D8,0x35C8,
0x35D0,0x35C0,0x35B8,0x35B0,0x35A0,0x3598,0x3588,0x3590,0x3580,0x3578,0x3570,0x3560,0x3558,0x3548,0x3550,0x3540,
0x3528,0x3530,0x3520,0x3518,0x3508,0x3510,0x3500,0x34E8,0x34F0,0x34E0,0x34D8,0x34C8,0x34D0,0x34C0,0x34A8,0x34B0,
0x34A0,0x3498,0x3488,0x3490,0x3480,0x3468,0x3470,0x3460,0x3458,0x3448,0x3450,0x3440,0x3428,0x3430,0x3420,0x3418,
0x3408,0x3410,0x3400,0x33F8,0x33F0,0x33E0,0x33D8,0x33C8,0x33D0,0x33C0,0x33B8,0x33A8,0x33A0,0x3398,0x3388,0x3390,
0x3380,0x3378,0x3368,0x3370,0x3360,0x3348,0x3350,0x3340,0x3338,0x3328,0x3330,0x3320,0x3318,0x3308,0x3300,0x32F8,
0x32E8,0x32F0,0x32E0,0x32D8,0x32C8,0x32D0,0x32C0,0x32B8,0x32B0,0x32A0,0x3298,0x3288,0x3290,0x3280,0x3278,0x3268,
0x3270,0x3260,0x3258,0x3250,0x3240,0x3238,0x3228,0x3230,0x3220,0x3218,0x3208,0x3210,0x3200,0x31F8,0x31E8,0x31E0,
0x31D8,0x31C8,0x31D0,0x31C0,0x31B8,0x31A8,0x31B0,0x31A0,0x3198,0x3188,0x3190,0x3180,0x3168,0x3170,0x3160,0x3158,
0x3148,0x3150,0x3140,0x3138,0x3128,0x3130,0x3120,0x3118,0x3108,0x3110,0x3100,0x30E8,0x30F0,0x30E0,0x30D8,0x30C8,
0x30D0,0x30C0,0x30B8,0x30A8,0x30B0,0x30A0,0x3098,0x3088,0x3090,0x3080,0x3078,0x3068,0x3070,0x3058,0x3048,0x3050,
0x3040,0x3038,0x3028,0x3030,0x3020,0x3018,0x3008,0x3010,0x3000,0x2FF8,0x2FE8,0x2FF0,0x2FE0,0x2FD8,0x2FC8,0x2FD0,
0x2FC0,0x2FB8,0x2FA8,0x2FB0,0x2FA0,0x2F98,0x2F88,0x2F80,0x2F78,0x2F68,0x2F70,0x2F60,0x2F58,0x2F48,0x2F50,0x2F40,
0x2F38,0x2F28,0x2F30,0x2F20,0x2F18,0x2F08,0x2F10,0x2F00,0x2EF8,0x2EE8,0x2EF0,0x2EE0,0x2ED8,0x2EC8,0x2ED0,0x2EC0,
0x2EB8,0x2EA8,0x2EB0,0x2EA0,0x2E98,0x2E88,0x2E90,0x2E80,0x2E78,0x2E68,0x2E70,0x2E60,0x2E58,0x2E48,0x2E50,0x2E40,
0x2E38,0x2E28,0x2E30,0x2E20,0x2E18,0x2E08,0x2E10,0x2E00,0x2DF8,0x2DE8,0x2DF0,0x2DE0,0x2DD8,0x2DC8,0x2DD0,0x2DC0,
0x2DB8,0x2DA8,0x2DB0,0x2DA0,0x2D98,0x2D88,0x2D90,0x2D80,0x2D78,0x2D68,0x2D70,0x2D60,0x2D58,0x2D48,0x2D50,0x2D40,
0x2D38,0x2D28,0x2D30,0x2D20,0x2D18,0x2D08,0x2D10,0x2D00,0x2CF8,0x2CE8,0x2CF0,0x2CE0,0x2CD8,0x2CC8,0x2CC8,0x2CD0,
0x2CC0,0x2CB8,0x2CA8,0x2CB0,0x2CA0,0x2C98,0x2C88,0x2C90,0x2C80,0x2C78,0x2C68,0x2C70,0x2C60,0x2C58,0x2C48,0x2C50,
0x2C40,0x2C38,0x2C28,0x2C30,0x2C20,0x2C18,0x2C08,0x2C10,0x2C10,0x2C00,0x2BF8,0x2BE8,0x2BF0,0x2BE0,0x2BD8,0x2BC8,
0x2BD0,0x2BC0,0x2BB8,0x2BA8,0x2BB0,0x2BA0,0x2B98,0x2B88,0x2B90,0x2B80,0x2B78,0x2B78,0x2B68,0x2B70,0x2B60,0x2B58,
0x2B48,0x2B50,0x2B40,0x2B38,0x2B28,0x2B30,0x2B20,0x2B18,0x2B08,0x2B10,0x2B00,0x2B00,0x2AF8,0x2AE8,0x2AF0,0x2AE0,
0x2AD8,0x2AC8,0x2AD0,0x2AC0,0x2AB8,0x2AA8,0x2AB0,0x2AA0,0x2A98,0x2A98,0x2A88,0x2A90,0x2A80,0x2A78,0x2A68,0x2A70,
0x2A60,0x2A58,0x2A48,0x2A50,0x2A40,0x2A40,0x2A38,0x2A28,0x2A30,0x2A20,0x2A18,0x2A08,0x2A10,0x2A00,0x29F8,0x29E8,
0x29E8,0x29F0,0x29E0,0x29D8,0x29C8,0x29D0,0x29C0,0x29B8,0x29A8,0x29B0,0x29A0,0x29A0,0x2998,0x2988,0x2990,0x2980,
0x2978,0x2968,0x2970,0x2960,0x2958,0x2958,0x2948,0x2950,0x2940,0x2938,0x2928,0x2930,0x2920,0x2918,0x2918,0x2908,
0x2910,0x2900,0x28F8,0x28E8,0x28F0,0x28E0,0x28D8,0x28D8,0x28C8,0x28D0,0x28C0,0x28B8,0x28A8,0x28B0,0x28A0,0x28A0,
0x2898,0x2888,0x2890,0x2880,0x2878,0x2868,0x2870,0x2860,0x2860,0x2858,0x2848,0x2850,0x2840,0x2838,0x2828,0x2828,
0x2830,0x2820,0x2818,0x2808,0x2810,0x2800,0x27F8,0x27F8,0x27E8,0x27F0,0x27E0,0x27D8,0x27C8,0x27D0,0x27D0,0x27C0,
0x27B8,0x27A8,0x27B0,0x27A0,0x2798,0x2798,0x2788,0x2790,0x2780,0x2778,0x2768,0x2770,0x2770,0x2760,0x2758,0x2748,
0x2750,0x2740,0x2738,0x2738,0x2728,0x2730,0x2720,0x2718,0x2708,0x2710,0x2710,0x2700,0x26F8,0x26E8,0x26F0,0x26E0,
0x26E0,0x26D8,0x26C8,0x26D0,0x26C0,0x26B8,0x26B8,0x26A8,0x26B0,0x26A0,0x2698,0x2688,0x2688,0x2690,0x2680,0x2678,
0x2668,0x2670,0x2670,0x2660,0x2658,0x2648,0x2650,0x2640,0x2640,0x2638,0x2628,0x2630,0x2620,0x2618,0x2618,0x2608,
0x2610,0x2600,0x25F8,0x25E8,0x25E8,0x25F0,0x25E0,0x25D8,0x25C8,0x25C8,0x25D0,0x25C0,0x25B8,0x25A8,0x25B0,0x25B0,
0x25A0,0x2598,0x2588,0x2590,0x2590,0x2580,0x2578,0x2568,0x2570,0x2570,0x2560,0x2558,0x2548,0x2550,0x2540,0x2540,
0x2538,0x2528,0x2530,0x2520,0x2520,0x2518,0x2508,0x2510,0x2500,0x2500,0x24F8,0x24E8,0x24F0,0x24E0,0x24E0,0x24D8,
0x24C8,0x24D0,0x24C0,0x24C0,0x24B8,0x24A8,0x24B0,0x24A0,0x24A0,0x2498,0x2488,0x2490,0x2480,0x2480,0x2478,0x2468,
0x2470,0x2470,0x2460,0x2458,0x2448,0x2450,0x2450,0x2440,0x2438,0x2428,0x2430,0x2430,0x2420,0x2418,0x2408,0x2408,
0x2410,0x2400,0x23F8,0x23E8,0x23E8,0x23F0,0x23E0,0x23D8,0x23D8,0x23C8,0x23D0,0x23C0,0x23B8,0x23B8,0x23A8,0x23B0,
0x23A0,0x23A0,0x2398,0x2388,0x2390,0x2390,0x2380,0x2378,0x2368,0x2370,0x2370,0x2360,0x2358,0x2348,0x2348,0x2350,
0x2340,0x2338,0x2338,0x2328,0x2330,0x2320,0x2320,0x2318,0x2308,0x2310,0x2300,0x2300,0x22F8,0x22E8,0x22F0,0x22F0,
0x22E0,0x22D8,0x22C8,0x22C8,0x22D0,0x22C0,0x22B8,0x22B8,0x22A8,0x22B0,0x22A0,0x22A0,0x2298,0x2288,0x2290,0x2290,
0x2280,0x2278,0x2268,0x2268,0x2270,0x2260,0x2258,0x2258,0x2248,0x2250,0x2240,0x2240,0x2238,0x2228,0x2230,0x2230,
0x2220,0x2218,0x2218,0x2208,0x2210,0x2200,0x2200,0x21F8,0x21E8,0x21F0,0x21F0,0x21E0,0x21D8,0x21C8,0x21C8,0x21D0,
0x21C0,0x21C0,0x21B8,0x21A8,0x21B0,0x21B0,0x21A0,0x2198,0x2188,0x2188,0x2190,0x2180,0x2180,0x2178,0x2168,0x2170,
0x2170,0x2160,0x2158,0x2148,0x2148,0x2150,0x2140,0x2140,0x2138,0x2128,0x2130,0x2130,0x2120,0x2118,0x2118,0x2108,
0x2110,0x2100,0x2100,0x20F8,0x20E8,0x20E8,0x20F0,0x20E0,0x20D8,0x20D8,0x20C8,0x20D0,0x20D0,0x20C0,0x20B8,0x20A8,
0x20A8,0x20B0,0x20A0,0x20A0,0x2098,0x2088,0x2090,0x2090,0x2080,0x2078,0x2078,0x2068,0x2070,0x2070,0x2060,0x2058,
0x2048,0x2048,0x2050,0x2040,0x2040,0x2038,0x2028,0x2028,0x2030,0x2020,0x2018,0x2018,0x2008,0x2010,0x2010,0x2000,
0x1FFC,0x1FF8,0x1FF0,0x1FE4,0x1FE8,0x1FE0,0x1FD4,0x1FD8,0x1FD0,0x1FC4,0x1FC8,0x1FBC,0x1FB4,0x1FB8,0x1FAC,0x1FA4,
0x1FA8,0x1F9C,0x1F94,0x1F90,0x1F8C,0x1F84,0x1F80,0x1F7C,0x1F74,0x1F70,0x1F6C,0x1F64,0x1F60,0x1F5C,0x1F58,0x1F50,
0x1F4C,0x1F48,0x1F40,0x1F3C,0x1F38,0x1F30,0x1F2C,0x1F28,0x1F20,0x1F1C,0x1F18,0x1F10,0x1F0C,0x1F08,0x1F00,0x1EFC,
0x1EF8,0x1EF0,0x1EEC,0x1EE8,0x1EE0,0x1ED4,0x1ED8,0x1ED0,0x1EC4,0x1EC8,0x1EC0,0x1EB4,0x1EB8,0x1EB0,0x1EA4,0x1EA8,
0x1EA0,0x1E9C,0x1E98,0x1E90,0x1E8C,0x1E88,0x1E80,0x1E7C,0x1E78,0x1E70,0x1E6C,0x1E68,0x1E60,0x1E5C,0x1E58,0x1E50,
0x1E4C,0x1E48,0x1E40,0x1E3C,0x1E38,0x1E30,0x1E2C,0x1E24,0x1E20,0x1E1C,0x1E14,0x1E10,0x1E0C,0x1E04,0x1E00,0x1DFC,
0x1DF4,0x1DF8,0x1DEC,0x1DE4,0x1DE8,0x1DDC,0x1DD4,0x1DD8,0x1DCC,0x1DC4,0x1DC8,0x1DC0,0x1DB4,0x1DB8,0x1DB0,0x1DA4,
0x1DA8,0x1DA0,0x1D9C,0x1D98,0x1D90,0x1D8C,0x1D84,0x1D80,0x1D7C,0x1D74,0x1D70,0x1D6C,0x1D64,0x1D68,0x1D5C,0x1D54,
0x1D58,0x1D4C,0x1D44,0x1D48,0x1D40,0x1D34,0x1D38,0x1D30,0x1D2C,0x1D28,0x1D20,0x1D1C,0x1D14,0x1D10,0x1D0C,0x1D04,
0x1D08,0x1CFC,0x1CF4,0x1CF8,0x1CF0,0x1CE4,0x1CE8,0x1CE0,0x1CDC,0x1CD8,0x1CD0,0x1CCC,0x1CC4,0x1CC0,0x1CBC,0x1CB4,
0x1CB8,0x1CAC,0x1CA4,0x1CA8,0x1CA0,0x1C94,0x1C98,0x1C90,0x1C8C,0x1C88,0x1C80,0x1C7C,0x1C74,0x1C70,0x1C6C,0x1C64,
0x1C68,0x1C60,0x1C54,0x1C58,0x1C50,0x1C4C,0x1C48,0x1C40,0x1C3C,0x1C34,0x1C30,0x1C2C,0x1C24,0x1C28,0x1C20,0x1C14,
0x1C18,0x1C10,0x1C0C,0x1C04,0x1C00,0x1BFC,0x1BF4,0x1BF8,0x1BEC,0x1BE4,0x1BE8,0x1BE0,0x1BDC,0x1BD8,0x1BD0,0x1BCC,
0x1BC4,0x1BC8,0x1BBC,0x1BB4,0x1BB8,0x1BB0,0x1BAC,0x1BA8,0x1BA0,0x1B9C,0x1B94,0x1B98,0x1B8C,0x1B84,0x1B88,0x1B80,
0x1B7C,0x1B78,0x1B70,0x1B6C,0x1B64,0x1B68,0x1B60,0x1B54,0x1B58,0x1B50,0x1B4C,0x1B44,0x1B40,0x1B3C,0x1B34,0x1B38,
0x1B30,0x1B2C,0x1B28,0x1B20,0x1B1C,0x1B14,0x1B18,0x1B10,0x1B04,0x1B08,0x1B00,0x1AFC,0x1AF4,0x1AF0,0x1AEC,0x1AE4,
0x1AE8,0x1AE0,0x1ADC,0x1AD8,0x1AD0,0x1ACC,0x1AC4,0x1AC8,0x1AC0,0x1ABC,0x1AB8,0x1AB0,0x1AAC,0x1AA4,0x1AA8,0x1AA0,
0x1A94,0x1A98,0x1A90,0x1A8C,0x1A84,0x1A88,0x1A80,0x1A74,0x1A78,0x1A70,0x1A6C,0x1A64,0x1A68,0x1A60,0x1A54,0x1A58,
0x1A50,0x1A4C,0x1A44,0x1A48,0x1A40,0x1A34,0x1A38,0x1A30,0x1A2C,0x1A24,0x1A28,0x1A20,0x1A14,0x1A18,0x1A10,0x1A0C,
0x1A04,0x1A08,0x1A00,0x19FC,0x19F8,0x19F0,0x19EC,0x19E4,0x19E8,0x19E0,0x19DC,0x19D4,0x19D0,0x19CC,0x19C4,0x19C8,
0x19C0,0x19BC,0x19B4,0x19B8,0x19B0,0x19A4,0x19A8,0x19A0,0x199C,0x1994,0x1998,0x1990,0x198C,0x1984,0x1980,0x197C,
0x1974,0x1978,0x1970,0x196C,0x1964,0x1968,0x1960,0x195C,0x1958,0x1950,0x194C,0x1944,0x1948,0x1940,0x193C,0x1934,
0x1938,0x1930,0x192C,0x1928,0x1920,0x191C,0x1914,0x1918,0x1910,0x190C,0x1904,0x1908,0x1900,0x18FC,0x18F4,0x18F0,
0x18EC,0x18E4,0x18E8,0x18E0,0x18DC,0x18D4,0x18D8,0x18D0,0x18CC,0x18C4,0x18C8,0x18C0,0x18B4,0x18B8,0x18B0,0x18AC,
0x18A4,0x18A8,0x18A0,0x189C,0x1894,0x1898,0x1890,0x188C,0x1884,0x1888,0x1880,0x1874,0x1878,0x1870,0x186C,0x1864,
0x1868,0x1860,0x185C,0x1854,0x1858,0x1850,0x184C,0x1844,0x1848,0x1840,0x183C,0x1834,0x1838,0x182C,0x1824,0x1828,
0x1820,0x181C,0x1814,0x1818,0x1810,0x180C,0x1804,0x1808,0x1800,0x17FC,0x17F4,0x17F8,0x17F0,0x17EC,0x17E4,0x17E8,
0x17E0,0x17DC,0x17D4,0x17D8,0x17D0,0x17CC,0x17C4,0x17C0,0x17BC,0x17B4,0x17B8,0x17B0,0x17AC,0x17A4,0x17A8,0x17A0,
0x179C,0x1794,0x1798,0x1790,0x178C,0x1784,0x1788,0x1780,0x177C,0x1774,0x1778,0x1770,0x176C,0x1764,0x1768,0x1760,
0x175C,0x1754,0x1758,0x1750,0x174C,0x1744,0x1748,0x1740,0x173C,0x1734,0x1738,0x1730,0x172C,0x1724,0x1728,0x1720,
0x171C,0x1714,0x1718,0x1710,0x170C,0x1704,0x1708,0x1700,0x16FC,0x16F4,0x16F8,0x16F0,0x16EC,0x16E4,0x16E8,0x16E0,
0x16DC,0x16D4,0x16D8,0x16D0,0x16CC,0x16C4,0x16C8,0x16C0,0x16BC,0x16B4,0x16B8,0x16B0,0x16AC,0x16A4,0x16A8,0x16A0,
0x169C,0x1694,0x1698,0x1690,0x168C,0x1684,0x1688,0x1680,0x167C,0x1674,0x1678,0x1670,0x166C,0x1664,0x1664,0x1668,
0x1660,0x165C,0x1654,0x1658,0x1650,0x164C,0x1644,0x1648,0x1640,0x163C,0x1634,0x1638,0x1630,0x162C,0x1624,0x1628,
0x1620,0x161C,0x1614,0x1618,0x1610,0x160C,0x1604,0x1608,0x1608,0x1600,0x15FC,0x15F4,0x15F8,0x15F0,0x15EC,0x15E4,
0x15E8,0x15E0,0x15DC,0x15D4,0x15D8,0x15D0,0x15CC,0x15C4,0x15C8,0x15C0,0x15BC,0x15BC,0x15B4,0x15B8,0x15B0,0x15AC,
0x15A4,0x15A8,0x15A0,0x159C,0x1594,0x1598,0x1590,0x158C,0x1584,0x1588,0x1580,0x1580,0x157C,0x1574,0x1578,0x1570,
0x156C,0x1564,0x1568,0x1560,0x155C,0x1554,0x1558,0x1550,0x154C,0x154C,0x1544,0x1548,0x1540,0x153C,0x1534,0x1538,
0x1530,0x152C,0x1524,0x1528,0x1520,0x1520,0x151C,0x1514,0x1518,0x1510,0x150C,0x1504,0x1508,0x1500,0x14FC,0x14F4,
0x14F4,0x14F8,0x14F0,0x14EC,0x14E4,0x14E8,0x14E0,0x14DC,0x14D4,0x14D8,0x14D0,0x14D0,0x14CC,0x14C4,0x14C8,0x14C0,
0x14BC,0x14B4,0x14B8,0x14B0,0x14AC,0x14AC,0x14A4,0x14A8,0x14A0,0x149C,0x1494,0x1498,0x1490,0x148C,0x148C,0x1484,
0x1488,0x1480,0x147C,0x1474,0x1478,0x1470,0x146C,0x146C,0x1464,0x1468,0x1460,0x145C,0x1454,0x1458,0x1450,0x1450,
0x144C,0x1444,0x1448,0x1440,0x143C,0x1434,0x1438,0x1430,0x1430,0x142C,0x1424,0x1428,0x1420,0x141C,0x1414,0x1414,
0x1418,0x1410,0x140C,0x1404,0x1408,0x1400,0x13FC,0x13FC,0x13F4,0x13F8,0x13F0,0x13EC,0x13E4,0x13E8,0x13E8,0x13E0,
0x13DC,0x13D4,0x13D8,0x13D0,0x13CC,0x13CC,0x13C4,0x13C8,0x13C0,0x13BC,0x13B4,0x13B8,0x13B8,0x13B0,0x13AC,0x13A4,
0x13A8,0x13A0,0x139C,0x139C,0x1394,0x1398,0x1390,0x138C,0x1384,0x1388,0x1388,0x1380,0x137C,0x1374,0x1378,0x1370,
0x1370,0x136C,0x1364,0x1368,0x1360,0x135C,0x135C,0x1354,0x1358,0x1350,0x134C,0x1344,0x1344,0x1348,0x1340,0x133C,
0x1334,0x1338,0x1338,0x1330,0x132C,0x1324,0x1328,0x1320,0x1320,0x131C,0x1314,0x1318,0x1310,0x130C,0x130C,0x1304,
0x1308,0x1300,0x12FC,0x12F4,0x12F4,0x12F8,0x12F0,0x12EC,0x12E4,0x12E4,0x12E8,0x12E0,0x12DC,0x12D4,0x12D8,0x12D8,
0x12D0,0x12CC,0x12C4,0x12C8,0x12C8,0x12C0,0x12BC,0x12B4,0x12B8,0x12B8,0x12B0,0x12AC,0x12A4,0x12A8,0x12A0,0x12A0,
0x129C,0x1294,0x1298,0x1290,0x1290,0x128C,0x1284,0x1288,0x1280,0x1280,0x127C,0x1274,0x1278,0x1270,0x1270,0x126C,
0x1264,0x1268,0x1260,0x1260,0x125C,0x1254,0x1258,0x1250,0x1250,0x124C,0x1244,0x1248,0x1240,0x1240,0x123C,0x1234,
0x1238,0x1238,0x1230,0x122C,0x1224,0x1228,0x1228,0x1220,0x121C,0x1214,0x1218,0x1218,0x1210,0x120C,0x1204,0x1204,
0x1208,0x1200,0x11FC,0x11F4,0x11F4,0x11F8,0x11F0,0x11EC,0x11EC,0x11E4,0x11E8,0x11E0,0x11DC,0x11DC,0x11D4,0x11D8,
0x11D0,0x11D0,0x11CC,0x11C4,0x11C8,0x11C8,0x11C0,0x11BC,0x11B4,0x11B8,0x11B8,0x11B0,0x11AC,0x11A4,0x11A4,0x11A8,
0x11A0,0x119C,0x119C,0x1194,0x1198,0x1190,0x1190,0x118C,0x1184,0x1188,0x1180,0x1180,0x117C,0x1174,0x1178,0x1178,
0x1170,0x116C,0x1164,0x1164,0x1168,0x1160,0x115C,0x115C,0x1154,0x1158,0x1150,0x1150,0x114C,0x1144,0x1148,0x1148,
0x1140,0x113C,0x1134,0x1134,0x1138,0x1130,0x112C,0x112C,0x1124,0x1128,0x1120,0x1120,0x111C,0x1114,0x1118,0x1118,
0x1110,0x110C,0x110C,0x1104,0x1108,0x1100,0x1100,0x10FC,0x10F4,0x10F8,0x10F8,0x10F0,0x10EC,0x10E4,0x10E4,0x10E8,
0x10E0,0x10E0,0x10DC,0x10D4,0x10D8,0x10D8,0x10D0,0x10CC,0x10C4,0x10C4,0x10C8,0x10C0,0x10C0,0x10BC,0x10B4,0x10B8,
0x10B8,0x10B0,0x10AC,0x10A4,0x10A4,0x10A8,0x10A0,0x10A0,0x109C,0x1094,0x1098,0x1098,0x1090,0x108C,0x108C,0x1084,
0x1088,0x1080,0x1080,0x107C,0x1074,0x1074,0x1078,0x1070,0x106C,0x106C,0x1064,0x1068,0x1068,0x1060,0x105C,0x1054,
0x1054,0x1058,0x1050,0x1050,0x104C,0x1044,0x1048,0x1048,0x1040,0x103C,0x103C,0x1034,0x1038,0x1038,0x1030,0x102C,
0x1024,0x1024,0x1028,0x1020,0x1020,0x101C,0x1014,0x1014,0x1018,0x1010,0x100C,0x100C,0x1004,0x1008,0x1008,0x1000,
0x0FFE,0x0FFC,0x0FF8,0x0FF2,0x0FF4,0x0FF0,0x0FEA,0x0FEC,0x0FE8,0x0FE2,0x0FE4,0x0FDE,0x0FDA,0x0FDC,0x0FD6,0x0FD2,
0x0FD4,0x0FCE,0x0FCA,0x0FC8,0x0FC6,0x0FC2,0x0FC0,0x0FBE,0x0FBA,0x0FB8,0x0FB6,0x0FB2,0x0FB0,0x0FAE,0x0FAC,0x0FA8,
0x0FA6,0x0FA4,0x0FA0,0x0F9E,0x0F9C,0x0F98,0x0F96,0x0F94,0x0F90,0x0F8E,0x0F8C,0x0F88,0x0F86,0x0F84,0x0F80,0x0F7E,
0x0F7C,0x0F78,0x0F76,0x0F74,0x0F70,0x0F6A,0x0F6C,0x0F68,0x0F62,0x0F64,0x0F60,0x0F5A,0x0F5C,0x0F58,0x0F52,0x0F54,
0x0F50,0x0F4E,0x0F4C,0x0F48,0x0F46,0x0F44,0x0F40,0x0F3E,0x0F3C,0x0F38,0x0F36,0x0F34,0x0F30,0x0F2E,0x0F2C,0x0F28,
0x0F26,0x0F24,0x0F20,0x0F1E,0x0F1C,0x0F18,0x0F16,0x0F12,0x0F10,0x0F0E,0x0F0A,0x0F08,0x0F06,0x0F02,0x0F00,0x0EFE,
0x0EFA,0x0EFC,0x0EF6,0x0EF2,0x0EF4,0x0EEE,0x0EEA,0x0EEC,0x0EE6,0x0EE2,0x0EE4,0x0EE0,0x0EDA,0x0EDC,0x0ED8,0x0ED2,
0x0ED4,0x0ED0,0x0ECE,0x0ECC,0x0EC8,0x0EC6,0x0EC2,0x0EC0,0x0EBE,0x0EBA,0x0EB8,0x0EB6,0x0EB2,0x0EB4,0x0EAE,0x0EAA,
0x0EAC,0x0EA6,0x0EA2,0x0EA4,0x0EA0,0x0E9A,0x0E9C,0x0E98,0x0E96,0x0E94,0x0E90,0x0E8E,0x0E8A,0x0E88,0x0E86,0x0E82,
0x0E84,0x0E7E,0x0E7A,0x0E7C,0x0E78,0x0E72,0x0E74,0x0E70,0x0E6E,0x0E6C,0x0E68,0x0E66,0x0E62,0x0E60,0x0E5E,0x0E5A,
0x0E5C,0x0E56,0x0E52,0x0E54,0x0E50,0x0E4A,0x0E4C,0x0E48,0x0E46,0x0E44,0x0E40,0x0E3E,0x0E3A,0x0E38,0x0E36,0x0E32,
0x0E34,0x0E30,0x0E2A,0x0E2C,0x0E28,0x0E26,0x0E24,0x0E20,0x0E1E,0x0E1A,0x0E18,0x0E16,0x0E12,0x0E14,0x0E10,0x0E0A,
0x0E0C,0x0E08,0x0E06,0x0E02,0x0E00,0x0DFE,0x0DFA,0x0DFC,0x0DF6,0x0DF2,0x0DF4,0x0DF0,0x0DEE,0x0DEC,0x0DE8,0x0DE6,
0x0DE2,0x0DE4,0x0DDE,0x0DDA,0x0DDC,0x0DD8,0x0DD6,0x0DD4,0x0DD0,0x0DCE,0x0DCA,0x0DCC,0x0DC6,0x0DC2,0x0DC4,0x0DC0,
0x0DBE,0x0DBC,0x0DB8,0x0DB6,0x0DB2,0x0DB4,0x0DB0,0x0DAA,0x0DAC,0x0DA8,0x0DA6,0x0DA2,0x0DA0,0x0D9E,0x0D9A,0x0D9C,
0x0D98,0x0D96,0x0D94,0x0D90,0x0D8E,0x0D8A,0x0D8C,0x0D88,0x0D82,0x0D84,0x0D80,0x0D7E,0x0D7A,0x0D78,0x0D76,0x0D72,
0x0D74,0x0D70,0x0D6E,0x0D6C,0x0D68,0x0D66,0x0D62,0x0D64,0x0D60,0x0D5E,0x0D5C,0x0D58,0x0D56,0x0D52,0x0D54,0x0D50,
0x0D4A,0x0D4C,0x0D48,0x0D46,0x0D42,0x0D44,0x0D40,0x0D3A,0x0D3C,0x0D38,0x0D36,0x0D32,0x0D34,0x0D30,0x0D2A,0x0D2C,
0x0D28,0x0D26,0x0D22,0x0D24,0x0D20,0x0D1A,0x0D1C,0x0D18,0x0D16,0x0D12,0x0D14,0x0D10,0x0D0A,0x0D0C,0x0D08,0x0D06,
0x0D02,0x0D04,0x0D00,0x0CFE,0x0CFC,0x0CF8,0x0CF6,0x0CF2,0x0CF4,0x0CF0,0x0CEE,0x0CEA,0x0CE8,0x0CE6,0x0CE2,0x0CE4,
0x0CE0,0x0CDE,0x0CDA,0x0CDC,0x0CD8,0x0CD2,0x0CD4,0x0CD0,0x0CCE,0x0CCA,0x0CCC,0x0CC8,0x0CC6,0x0CC2,0x0CC0,0x0CBE,
0x0CBA,0x0CBC,0x0CB8,0x0CB6,0x0CB2,0x0CB4,0x0CB0,0x0CAE,0x0CAC,0x0CA8,0x0CA6,0x0CA2,0x0CA4,0x0CA0,0x0C9E,0x0C9A,
0x0C9C,0x0C98,0x0C96,0x0C94,0x0C90,0x0C8E,0x0C8A,0x0C8C,0x0C88,0x0C86,0x0C82,0x0C84,0x0C80,0x0C7E,0x0C7A,0x0C78,
0x0C76,0x0C72,0x0C74,0x0C70,0x0C6E,0x0C6A,0x0C6C,0x0C68,0x0C66,0x0C62,0x0C64,0x0C60,0x0C5A,0x0C5C,0x0C58,0x0C56,
0x0C52,0x0C54,0x0C50,0x0C4E,0x0C4A,0x0C4C,0x0C48,0x0C46,0x0C42,0x0C44,0x0C40,0x0C3A,0x0C3C,0x0C38,0x0C36,0x0C32,
0x0C34,0x0C30,0x0C2E,0x0C2A,0x0C2C,0x0C28,0x0C26,0x0C22,0x0C24,0x0C20,0x0C1E,0x0C1A,0x0C1C,0x0C16,0x0C12,0x0C14,
0x0C10,0x0C0E,0x0C0A,0x0C0C,0x0C08,0x0C06,0x0C02,0x0C04,0x0C00,0x0BFE,0x0BFA,0x0BFC,0x0BF8,0x0BF6,0x0BF2,0x0BF4,
0x0BF0,0x0BEE,0x0BEA,0x0BEC,0x0BE8,0x0BE6,0x0BE2,0x0BE0,0x0BDE,0x0BDA,0x0BDC,0x0BD8,0x0BD6,0x0BD2,0x0BD4,0x0BD0,
0x0BCE,0x0BCA,0x0BCC,0x0BC8,0x0BC6,0x0BC2,0x0BC4,0x0BC0,0x0BBE,0x0BBA,0x0BBC,0x0BB8,0x0BB6,0x0BB2,0x0BB4,0x0BB0,
0x0BAE,0x0BAA,0x0BAC,0x0BA8,0x0BA6,0x0BA2,0x0BA4,0x0BA0,0x0B9E,0x0B9A,0x0B9C,0x0B98,0x0B96,0x0B92,0x0B94,0x0B90,
0x0B8E,0x0B8A,0x0B8C,0x0B88,0x0B86,0x0B82,0x0B84,0x0B80,0x0B7E,0x0B7A,0x0B7C,0x0B78,0x0B76,0x0B72,0x0B74,0x0B70,
0x0B6E,0x0B6A,0x0B6C,0x0B68,0x0B66,0x0B62,0x0B64,0x0B60,0x0B5E,0x0B5A,0x0B5C,0x0B58,0x0B56,0x0B52,0x0B54,0x0B50,
0x0B4E,0x0B4A,0x0B4C,0x0B48,0x0B46,0x0B42,0x0B44,0x0B40,0x0B3E,0x0B3A,0x0B3C,0x0B38,0x0B36,0x0B32,0x0B32,0x0B34,
0x0B30,0x0B2E,0x0B2A,0x0B2C,0x0B28,0x0B26,0x0B22,0x0B24,0x0B20,0x0B1E,0x0B1A,0x0B1C,0x0B18,0x0B16,0x0B12,0x0B14,
0x0B10,0x0B0E,0x0B0A,0x0B0C,0x0B08,0x0B06,0x0B02,0x0B04,0x0B04,0x0B00,0x0AFE,0x0AFA,0x0AFC,0x0AF8,0x0AF6,0x0AF2,
0x0AF4,0x0AF0,0x0AEE,0x0AEA,0x0AEC,0x0AE8,0x0AE6,0x0AE2,0x0AE4,0x0AE0,0x0ADE,0x0ADE,0x0ADA,0x0ADC,0x0AD8,0x0AD6,
0x0AD2,0x0AD4,0x0AD0,0x0ACE,0x0ACA,0x0ACC,0x0AC8,0x0AC6,0x0AC2,0x0AC4,0x0AC0,0x0AC0,0x0ABE,0x0ABA,0x0ABC,0x0AB8,
0x0AB6,0x0AB2,0x0AB4,0x0AB0,0x0AAE,0x0AAA,0x0AAC,0x0AA8,0x0AA6,0x0AA6,0x0AA2,0x0AA4,0x0AA0,0x0A9E,0x0A9A,0x0A9C,
0x0A98,0x0A96,0x0A92,0x0A94,0x0A90,0x0A90,0x0A8E,0x0A8A,0x0A8C,0x0A88,0x0A86,0x0A82,0x0A84,0x0A80,0x0A7E,0x0A7A,
0x0A7A,0x0A7C,0x0A78,0x0A76,0x0A72,0x0A74,0x0A70,0x0A6E,0x0A6A,0x0A6C,0x0A68,0x0A68,0x0A66,0x0A62,0x0A64,0x0A60,
0x0A5E,0x0A5A,0x0A5C,0x0A58,0x0A56,0x0A56,0x0A52,0x0A54,0x0A50,0x0A4E,0x0A4A,0x0A4C,0x0A48,0x0A46,0x0A46,0x0A42,
0x0A44,0x0A40,0x0A3E,0x0A3A,0x0A3C,0x0A38,0x0A36,0x0A36,0x0A32,0x0A34,0x0A30,0x0A2E,0x0A2A,0x0A2C,0x0A28,0x0A28,
0x0A26,0x0A22,0x0A24,0x0A20,0x0A1E,0x0A1A,0x0A1C,0x0A18,0x0A18,0x0A16,0x0A12,0x0A14,0x0A10,0x0A0E,0x0A0A,0x0A0A,
0x0A0C,0x0A08,0x0A06,0x0A02,0x0A04,0x0A00,0x09FE,0x09FE,0x09FA,0x09FC,0x09F8,0x09F6,0x09F2,0x09F4,0x09F4,0x09F0,
0x09EE,0x09EA,0x09EC,0x09E8,0x09E6,0x09E6,0x09E2,0x09E4,0x09E0,0x09DE,0x09DA,0x09DC,0x09DC,0x09D8,0x09D6,0x09D2,
0x09D4,0x09D0,0x09CE,0x09CE,0x09CA,0x09CC,0x09C8,0x09C6,0x09C2,0x09C4,0x09C4,0x09C0,0x09BE,0x09BA,0x09BC,0x09B8,
0x09B8,0x09B6,0x09B2,0x09B4,0x09B0,0x09AE,0x09AE,0x09AA,0x09AC,0x09A8,0x09A6,0x09A2,0x09A2,0x09A4,0x09A0,0x099E,
0x099A,0x099C,0x099C,0x0998,0x0996,0x0992,0x0994,0x0990,0x0990,0x098E,0x098A,0x098C,0x0988,0x0986,0x0986,0x0982,
0x0984,0x0980,0x097E,0x097A,0x097A,0x097C,0x0978,0x0976,0x0972,0x0972,0x0974,0x0970,0x096E,0x096A,0x096C,0x096C,
0x0968,0x0966,0x0962,0x0964,0x0964,0x0960,0x095E,0x095A,0x095C,0x095C,0x0958,0x0956,0x0952,0x0954,0x0950,0x0950,
0x094E,0x094A,0x094C,0x0948,0x0948,0x0946,0x0942,0x0944,0x0940,0x0940,0x093E,0x093A,0x093C,0x0938,0x0938,0x0936,
0x0932,0x0934,0x0930,0x0930,0x092E,0x092A,0x092C,0x0928,0x0928,0x0926,0x0922,0x0924,0x0920,0x0920,0x091E,0x091A,
0x091C,0x091C,0x0918,0x0916,0x0912,0x0914,0x0914,0x0910,0x090E,0x090A,0x090C,0x090C,0x0908,0x0906,0x0902,0x0902,
0x0904,0x0900,0x08FE,0x08FA,0x08FA,0x08FC,0x08F8,0x08F6,0x08F6,0x08F2,0x08F4,0x08F0,0x08EE,0x08EE,0x08EA,0x08EC,
0x08E8,0x08E8,0x08E6,0x08E2,0x08E4,0x08E4,0x08E0,0x08DE,0x08DA,0x08DC,0x08DC,0x08D8,0x08D6,0x08D2,0x08D2,0x08D4,
0x08D0,0x08CE,0x08CE,0x08CA,0x08CC,0x08C8,0x08C8,0x08C6,0x08C2,0x08C4,0x08C0,0x08C0,0x08BE,0x08BA,0x08BC,0x08BC,
0x08B8,0x08B6,0x08B2,0x08B2,0x08B4,0x08B0,0x08AE,0x08AE,0x08AA,0x08AC,0x08A8,0x08A8,0x08A6,0x08A2,0x08A4,0x08A4,
0x08A0,0x089E,0x089A,0x089A,0x089C,0x0898,0x0896,0x0896,0x0892,0x0894,0x0890,0x0890,0x088E,0x088A,0x088C,0x088C,
0x0888,0x0886,0x0886,0x0882,0x0884,0x0880,0x0880,0x087E,0x087A,0x087C,0x087C,0x0878,0x0876,0x0872,0x0872,0x0874,
0x0870,0x0870,0x086E,0x086A,0x086C,0x086C,0x0868,0x0866,0x0862,0x0862,0x0864,0x0860,0x0860,0x085E,0x085A,0x085C,
0x085C,0x0858,0x0856,0x0852,0x0852,0x0854,0x0850,0x0850,0x084E,0x084A,0x084C,0x084C,0x0848,0x0846,0x0846,0x0842,
0x0844,0x0840,0x0840,0x083E,0x083A,0x083A,0x083C,0x0838,0x0836,0x0836,0x0832,0x0834,0x0834,0x0830,0x082E,0x082A,
0x082A,0x082C,0x0828,0x0828,0x0826,0x0822,0x0824,0x0824,0x0820,0x081E,0x081E,0x081A,0x081C,0x081C,0x0818,0x0816,
0x0812,0x0812,0x0814,0x0810,0x0810,0x080E,0x080A,0x080A,0x080C,0x0808,0x0806,0x0806,0x0802,0x0804,0x0804,0x0800,
0x07FF,0x07FE,0x07FC,0x07F9,0x07FA,0x07F8,0x07F5,0x07F6,0x07F4,0x07F1,0x07F2,0x07EF,0x07ED,0x07EE,0x07EB,0x07E9,
0x07EA,0x07E7,0x07E5,0x07E4,0x07E3,0x07E1,0x07E0,0x07DF,0x07DD,0x07DC,0x07DB,0x07D9,0x07D8,0x07D7,0x07D6,0x07D4,
0x07D3,0x07D2,0x07D0,0x07CF,0x07CE,0x07CC,0x07CB,0x07CA,0x07C8,0x07C7,0x07C6,0x07C4,0x07C3,0x07C2,0x07C0,0x07BF,
0x07BE,0x07BC,0x07BB,0x07BA,0x07B8,0x07B5,0x07B6,0x07B4,0x07B1,0x07B2,0x07B0,0x07AD,0x07AE,0x07AC,0x07A9,0x07AA,
0x07A8,0x07A7,0x07A6,0x07A4,0x07A3,0x07A2,0x07A0,0x079F,0x079E,0x079C,0x079B,0x079A,0x0798,0x0797,0x0796,0x0794,
0x0793,0x0792,0x0790,0x078F,0x078E,0x078C,0x078B,0x0789,0x0788,0x0787,0x0785,0x0784,0x0783,0x0781,0x0780,0x077F,
0x077D,0x077E,0x077B,0x0779,0x077A,0x0777,0x0775,0x0776,0x0773,0x0771,0x0772,0x0770,0x076D,0x076E,0x076C,0x0769,
0x076A,0x0768,0x0767,0x0766,0x0764,0x0763,0x0761,0x0760,0x075F,0x075D,0x075C,0x075B,0x0759,0x075A,0x0757,0x0755,
0x0756,0x0753,0x0751,0x0752,0x0750,0x074D,0x074E,0x074C,0x074B,0x074A,0x0748,0x0747,0x0745,0x0744,0x0743,0x0741,
0x0742,0x073F,0x073D,0x073E,0x073C,0x0739,0x073A,0x0738,0x0737,0x0736,0x0734,0x0733,0x0731,0x0730,0x072F,0x072D,
0x072E,0x072B,0x0729,0x072A,0x0728,0x0725,0x0726,0x0724,0x0723,0x0722,0x0720,0x071F,0x071D,0x071C,0x071B,0x0719,
0x071A,0x0718,0x0715,0x0716,0x0714,0x0713,0x0712,0x0710,0x070F,0x070D,0x070C,0x070B,0x0709,0x070A,0x0708,0x0705,
0x0706,0x0704,0x0703,0x0701,0x0700,0x06FF,0x06FD,0x06FE,0x06FB,0x06F9,0x06FA,0x06F8,0x06F7,0x06F6,0x06F4,0x06F3,
0x06F1,0x06F2,0x06EF,0x06ED,0x06EE,0x06EC,0x06EB,0x06EA,0x06E8,0x06E7,0x06E5,0x06E6,0x06E3,0x06E1,0x06E2,0x06E0,
0x06DF,0x06DE,0x06DC,0x06DB,0x06D9,0x06DA,0x06D8,0x06D5,0x06D6,0x06D4,0x06D3,0x06D1,0x06D0,0x06CF,0x06CD,0x06CE,
0x06CC,0x06CB,0x06CA,0x06C8,0x06C7,0x06C5,0x06C6,0x06C4,0x06C1,0x06C2,0x06C0,0x06BF,0x06BD,0x06BC,0x06BB,0x06B9,
0x06BA,0x06B8,0x06B7,0x06B6,0x06B4,0x06B3,0x06B1,0x06B2,0x06B0,0x06AF,0x06AE,0x06AC,0x06AB,0x06A9,0x06AA,0x06A8,
0x06A5,0x06A6,0x06A4,0x06A3,0x06A1,0x06A2,0x06A0,0x069D,0x069E,0x069C,0x069B,0x0699,0x069A,0x0698,0x0695,0x0696,
0x0694,0x0693,0x0691,0x0692,0x0690,0x068D,0x068E,0x068C,0x068B,0x0689,0x068A,0x0688,0x0685,0x0686,0x0684,0x0683,
0x0681,0x0682,0x0680,0x067F,0x067E,0x067C,0x067B,0x0679,0x067A,0x0678,0x0677,0x0675,0x0674,0x0673,0x0671,0x0672,
0x0670,0x066F,0x066D,0x066E,0x066C,0x0669,0x066A,0x0668,0x0667,0x0665,0x0666,0x0664,0x0663,0x0661,0x0660,0x065F,
0x065D,0x065E,0x065C,0x065B,0x0659,0x065A,0x0658,0x0657,0x0656,0x0654,0x0653,0x0651,0x0652,0x0650,0x064F,0x064D,
0x064E,0x064C,0x064B,0x064A,0x0648,0x0647,0x0645,0x0646,0x0644,0x0643,0x0641,0x0642,0x0640,0x063F,0x063D,0x063C,
0x063B,0x0639,0x063A,0x0638,0x0637,0x0635,0x0636,0x0634,0x0633,0x0631,0x0632,0x0630,0x062D,0x062E,0x062C,0x062B,
0x0629,0x062A,0x0628,0x0627,0x0625,0x0626,0x0624,0x0623,0x0621,0x0622,0x0620,0x061D,0x061E,0x061C,0x061B,0x0619,
0x061A,0x0618,0x0617,0x0615,0x0616,0x0614,0x0613,0x0611,0x0612,0x0610,0x060F,0x060D,0x060E,0x060B,0x0609,0x060A,
0x0608,0x0607,0x0605,0x0606,0x0604,0x0603,0x0601,0x0602,0x0600,0x05FF,0x05FD,0x05FE,0x05FC,0x05FB,0x05F9,0x05FA,
0x05F8,0x05F7,0x05F5,0x05F6,0x05F4,0x05F3,0x05F1,0x05F0,0x05EF,0x05ED,0x05EE,0x05EC,0x05EB,0x05E9,0x05EA,0x05E8,
0x05E7,0x05E5,0x05E6,0x05E4,0x05E3,0x05E1,0x05E2,0x05E0,0x05DF,0x05DD,0x05DE,0x05DC,0x05DB,0x05D9,0x05DA,0x05D8,
0x05D7,0x05D5,0x05D6,0x05D4,0x05D3,0x05D1,0x05D2,0x05D0,0x05CF,0x05CD,0x05CE,0x05CC,0x05CB,0x05C9,0x05CA,0x05C8,
0x05C7,0x05C5,0x05C6,0x05C4,0x05C3,0x05C1,0x05C2,0x05C0,0x05BF,0x05BD,0x05BE,0x05BC,0x05BB,0x05B9,0x05BA,0x05B8,
0x05B7,0x05B5,0x05B6,0x05B4,0x05B3,0x05B1,0x05B2,0x05B0,0x05AF,0x05AD,0x05AE,0x05AC,0x05AB,0x05A9,0x05AA,0x05A8,
0x05A7,0x05A5,0x05A6,0x05A4,0x05A3,0x05A1,0x05A2,0x05A0,0x059F,0x059D,0x059E,0x059C,0x059B,0x0599,0x0599,0x059A,
0x0598,0x0597,0x0595,0x0596,0x0594,0x0593,0x0591,0x0592,0x0590,0x058F,0x058D,0x058E,0x058C,0x058B,0x0589,0x058A,
0x0588,0x0587,0x0585,0x0586,0x0584,0x0583,0x0581,0x0582,0x0582,0x0580,0x057F,0x057D,0x057E,0x057C,0x057B,0x0579,
0x057A,0x0578,0x0577,0x0575,0x0576,0x0574,0x0573,0x0571,0x0572,0x0570,0x056F,0x056F,0x056D,0x056E,0x056C,0x056B,
0x0569,0x056A,0x0568,0x0567,0x0565,0x0566,0x0564,0x0563,0x0561,0x0562,0x0560,0x0560,0x055F,0x055D,0x055E,0x055C,
0x055B,0x0559,0x055A,0x0558,0x0557,0x0555,0x0556,0x0554,0x0553,0x0553,0x0551,0x0552,0x0550,0x054F,0x054D,0x054E,
0x054C,0x054B,0x0549,0x054A,0x0548,0x0548,0x0547,0x0545,0x0546,0x0544,0x0543,0x0541,0x0542,0x0540,0x053F,0x053D,
0x053D,0x053E,0x053C,0x053B,0x0539,0x053A,0x0538,0x0537,0x0535,0x0536,0x0534,0x0534,0x0533,0x0531,0x0532,0x0530,
0x052F,0x052D,0x052E,0x052C,0x052B,0x052B,0x0529,0x052A,0x0528,0x0527,0x0525,0x0526,0x0524,0x0523,0x0523,0x0521,
0x0522,0x0520,0x051F,0x051D,0x051E,0x051C,0x051B,0x051B,0x0519,0x051A,0x0518,0x0517,0x0515,0x0516,0x0514,0x0514,
0x0513,0x0511,0x0512,0x0510,0x050F,0x050D,0x050E,0x050C,0x050C,0x050B,0x0509,0x050A,0x0508,0x0507,0x0505,0x0505,
0x0506,0x0504,0x0503,0x0501,0x0502,0x0500,0x04FF,0x04FF,0x04FD,0x04FE,0x04FC,0x04FB,0x04F9,0x04FA,0x04FA,0x04F8,
0x04F7,0x04F5,0x04F6,0x04F4,0x04F3,0x04F3,0x04F1,0x04F2,0x04F0,0x04EF,0x04ED,0x04EE,0x04EE,0x04EC,0x04EB,0x04E9,
0x04EA,0x04E8,0x04E7,0x04E7,0x04E5,0x04E6,0x04E4,0x04E3,0x04E1,0x04E2,0x04E2,0x04E0,0x04DF,0x04DD,0x04DE,0x04DC,
0x04DC,0x04DB,0x04D9,0x04DA,0x04D8,0x04D7,0x04D7,0x04D5,0x04D6,0x04D4,0x04D3,0x04D1,0x04D1,0x04D2,0x04D0,0x04CF,
0x04CD,0x04CE,0x04CE,0x04CC,0x04CB,0x04C9,0x04CA,0x04C8,0x04C8,0x04C7,0x04C5,0x04C6,0x04C4,0x04C3,0x04C3,0x04C1,
0x04C2,0x04C0,0x04BF,0x04BD,0x04BD,0x04BE,0x04BC,0x04BB,0x04B9,0x04B9,0x04BA,0x04B8,0x04B7,0x04B5,0x04B6,0x04B6,
0x04B4,0x04B3,0x04B1,0x04B2,0x04B2,0x04B0,0x04AF,0x04AD,0x04AE,0x04AE,0x04AC,0x04AB,0x04A9,0x04AA,0x04A8,0x04A8,
0x04A7,0x04A5,0x04A6,0x04A4,0x04A4,0x04A3,0x04A1,0x04A2,0x04A0,0x04A0,0x049F,0x049D,0x049E,0x049C,0x049C,0x049B,
0x0499,0x049A,0x0498,0x0498,0x0497,0x0495,0x0496,0x0494,0x0494,0x0493,0x0491,0x0492,0x0490,0x0490,0x048F,0x048D,
0x048E,0x048E,0x048C,0x048B,0x0489,0x048A,0x048A,0x0488,0x0487,0x0485,0x0486,0x0486,0x0484,0x0483,0x0481,0x0481,
0x0482,0x0480,0x047F,0x047D,0x047D,0x047E,0x047C,0x047B,0x047B,0x0479,0x047A,0x0478,0x0477,0x0477,0x0475,0x0476,
0x0474,0x0474,0x0473,0x0471,0x0472,0x0472,0x0470,0x046F,0x046D,0x046E,0x046E,0x046C,0x046B,0x0469,0x0469,0x046A,
0x0468,0x0467,0x0467,0x0465,0x0466,0x0464,0x0464,0x0463,0x0461,0x0462,0x0460,0x0460,0x045F,0x045D,0x045E,0x045E,
0x045C,0x045B,0x0459,0x0459,0x045A,0x0458,0x0457,0x0457,0x0455,0x0456,0x0454,0x0454,0x0453,0x0451,0x0452,0x0452,
0x0450,0x044F,0x044D,0x044D,0x044E,0x044C,0x044B,0x044B,0x0449,0x044A,0x0448,0x0448,0x0447,0x0445,0x0446,0x0446,
0x0444,0x0443,0x0443,0x0441,0x0442,0x0440,0x0440,0x043F,0x043D,0x043E,0x043E,0x043C,0x043B,0x0439,0x0439,0x043A,
0x0438,0x0438,0x0437,0x0435,0x0436,0x0436,0x0434,0x0433,0x0431,0x0431,0x0432,0x0430,0x0430,0x042F,0x042D,0x042E,
0x042E,0x042C,0x042B,0x0429,0x0429,0x042A,0x0428,0x0428,0x0427,0x0425,0x0426,0x0426,0x0424,0x0423,0x0423,0x0421,
0x0422,0x0420,0x0420,0x041F,0x041D,0x041D,0x041E,0x041C,0x041B,0x041B,0x0419,0x041A,0x041A,0x0418,0x0417,0x0415,
0x0415,0x0416,0x0414,0x0414,0x0413,0x0411,0x0412,0x0412,0x0410,0x040F,0x040F,0x040D,0x040E,0x040E,0x040C,0x040B,
0x0409,0x0409,0x040A,0x0408,0x0408,0x0407,0x0405,0x0405,0x0406,0x0404,0x0403,0x0403,0x0401,0x0402,0x0402,0x0400,
0x03FF,0x03FF,0x03FE,0x03FC,0x03FD,0x03FC,0x03FA,0x03FB,0x03FA,0x03F8,0x03F9,0x03F7,0x03F6,0x03F7,0x03F5,0x03F4,
0x03F5,0x03F3,0x03F2,0x03F2,0x03F1,0x03F0,0x03F0,0x03EF,0x03EE,0x03EE,0x03ED,0x03EC,0x03EC,0x03EB,0x03EB,0x03EA,
0x03E9,0x03E9,0x03E8,0x03E7,0x03E7,0x03E6,0x03E5,0x03E5,0x03E4,0x03E3,0x03E3,0x03E2,0x03E1,0x03E1,0x03E0,0x03DF,
0x03DF,0x03DE,0x03DD,0x03DD,0x03DC,0x03DA,0x03DB,0x03DA,0x03D8,0x03D9,0x03D8,0x03D6,0x03D7,0x03D6,0x03D4,0x03D5,
0x03D4,0x03D3,0x03D3,0x03D2,0x03D1,0x03D1,0x03D0,0x03CF,0x03CF,0x03CE,0x03CD,0x03CD,0x03CC,0x03CB,0x03CB,0x03CA,
0x03C9,0x03C9,0x03C8,0x03C7,0x03C7,0x03C6,0x03C5,0x03C4,0x03C4,0x03C3,0x03C2,0x03C2,0x03C1,0x03C0,0x03C0,0x03BF,
0x03BE,0x03BF,0x03BD,0x03BC,0x03BD,0x03BB,0x03BA,0x03BB,0x03B9,0x03B8,0x03B9,0x03B8,0x03B6,0x03B7,0x03B6,0x03B4,
0x03B5,0x03B4,0x03B3,0x03B3,0x03B2,0x03B1,0x03B0,0x03B0,0x03AF,0x03AE,0x03AE,0x03AD,0x03AC,0x03AD,0x03AB,0x03AA,
0x03AB,0x03A9,0x03A8,0x03A9,0x03A8,0x03A6,0x03A7,0x03A6,0x03A5,0x03A5,0x03A4,0x03A3,0x03A2,0x03A2,0x03A1,0x03A0,
0x03A1,0x039F,0x039E,0x039F,0x039E,0x039C,0x039D,0x039C,0x039B,0x039B,0x039A,0x0399,0x0398,0x0398,0x0397,0x0396,
0x0397,0x0395,0x0394,0x0395,0x0394,0x0392,0x0393,0x0392,0x0391,0x0391,0x0390,0x038F,0x038E,0x038E,0x038D,0x038C,
0x038D,0x038C,0x038A,0x038B,0x038A,0x0389,0x0389,0x0388,0x0387,0x0386,0x0386,0x0385,0x0384,0x0385,0x0384,0x0382,
0x0383,0x0382,0x0381,0x0380,0x0380,0x037F,0x037E,0x037F,0x037D,0x037C,0x037D,0x037C,0x037B,0x037B,0x037A,0x0379,
0x0378,0x0379,0x0377,0x0376,0x0377,0x0376,0x0375,0x0375,0x0374,0x0373,0x0372,0x0373,0x0371,0x0370,0x0371,0x0370,
0x036F,0x036F,0x036E,0x036D,0x036C,0x036D,0x036C,0x036A,0x036B,0x036A,0x0369,0x0368,0x0368,0x0367,0x0366,0x0367,
0x0366,0x0365,0x0365,0x0364,0x0363,0x0362,0x0363,0x0362,0x0360,0x0361,0x0360,0x035F,0x035E,0x035E,0x035D,0x035C,
0x035D,0x035C,0x035B,0x035B,0x035A,0x0359,0x0358,0x0359,0x0358,0x0357,0x0357,0x0356,0x0355,0x0354,0x0355,0x0354,
0x0352,0x0353,0x0352,0x0351,0x0350,0x0351,0x0350,0x034E,0x034F,0x034E,0x034D,0x034C,0x034D,0x034C,0x034A,0x034B,
0x034A,0x0349,0x0348,0x0349,0x0348,0x0346,0x0347,0x0346,0x0345,0x0344,0x0345,0x0344,0x0342,0x0343,0x0342,0x0341,
0x0340,0x0341,0x0340,0x033F,0x033F,0x033E,0x033D,0x033C,0x033D,0x033C,0x033B,0x033A,0x033A,0x0339,0x0338,0x0339,
0x0338,0x0337,0x0336,0x0337,0x0336,0x0334,0x0335,0x0334,0x0333,0x0332,0x0333,0x0332,0x0331,0x0330,0x0330,0x032F,
0x032E,0x032F,0x032E,0x032D,0x032C,0x032D,0x032C,0x032B,0x032B,0x032A,0x0329,0x0328,0x0329,0x0328,0x0327,0x0326,
0x0327,0x0326,0x0325,0x0325,0x0324,0x0323,0x0322,0x0323,0x0322,0x0321,0x0320,0x0321,0x0320,0x031F,0x031E,0x031E,
0x031D,0x031C,0x031D,0x031C,0x031B,0x031A,0x031B,0x031A,0x0319,0x0318,0x0319,0x0318,0x0316,0x0317,0x0316,0x0315,
0x0314,0x0315,0x0314,0x0313,0x0312,0x0313,0x0312,0x0311,0x0310,0x0311,0x0310,0x030E,0x030F,0x030E,0x030D,0x030C,
0x030D,0x030C,0x030B,0x030A,0x030B,0x030A,0x0309,0x0308,0x0309,0x0308,0x0307,0x0306,0x0307,0x0305,0x0304,0x0305,
0x0304,0x0303,0x0302,0x0303,0x0302,0x0301,0x0300,0x0301,0x0300,0x02FF,0x02FE,0x02FF,0x02FE,0x02FD,0x02FC,0x02FD,
0x02FC,0x02FB,0x02FA,0x02FB,0x02FA,0x02F9,0x02F8,0x02F8,0x02F7,0x02F6,0x02F7,0x02F6,0x02F5,0x02F4,0x02F5,0x02F4,
0x02F3,0x02F2,0x02F3,0x02F2,0x02F1,0x02F0,0x02F1,0x02F0,0x02EF,0x02EE,0x02EF,0x02EE,0x02ED,0x02EC,0x02ED,0x02EC,
0x02EB,0x02EA,0x02EB,0x02EA,0x02E9,0x02E8,0x02E9,0x02E8,0x02E7,0x02E6,0x02E7,0x02E6,0x02E5,0x02E4,0x02E5,0x02E4,
0x02E3,0x02E2,0x02E3,0x02E2,0x02E1,0x02E0,0x02E1,0x02E0,0x02DF,0x02DE,0x02DF,0x02DE,0x02DD,0x02DC,0x02DD,0x02DC,
0x02DB,0x02DA,0x02DB,0x02DA,0x02D9,0x02D8,0x02D9,0x02D8,0x02D7,0x02D6,0x02D7,0x02D6,0x02D5,0x02D4,0x02D5,0x02D4,
0x02D3,0x02D2,0x02D3,0x02D2,0x02D1,0x02D0,0x02D1,0x02D0,0x02CF,0x02CE,0x02CF,0x02CE,0x02CD,0x02CC,0x02CC,0x02CD,
0x02CC,0x02CB,0x02CA,0x02CB,0x02CA,0x02C9,0x02C8,0x02C9,0x02C8,0x02C7,0x02C6,0x02C7,0x02C6,0x02C5,0x02C4,0x02C5,
0x02C4,0x02C3,0x02C2,0x02C3,0x02C2,0x02C1,0x02C0,0x02C1,0x02C1,0x02C0,0x02BF,0x02BE,0x02BF,0x02BE,0x02BD,0x02BC,
0x02BD,0x02BC,0x02BB,0x02BA,0x02BB,0x02BA,0x02B9,0x02B8,0x02B9,0x02B8,0x02B7,0x02B7,0x02B6,0x02B7,0x02B6,0x02B5,
0x02B4,0x02B5,0x02B4,0x02B3,0x02B2,0x02B3,0x02B2,0x02B1,0x02B0,0x02B1,0x02B0,0x02B0,0x02AF,0x02AE,0x02AF,0x02AE,
0x02AD,0x02AC,0x02AD,0x02AC,0x02AB,0x02AA,0x02AB,0x02AA,0x02A9,0x02A9,0x02A8,0x02A9,0x02A8,0x02A7,0x02A6,0x02A7,
0x02A6,0x02A5,0x02A4,0x02A5,0x02A4,0x02A4,0x02A3,0x02A2,0x02A3,0x02A2,0x02A1,0x02A0,0x02A1,0x02A0,0x029F,0x029E,
0x029E,0x029F,0x029E,0x029D,0x029C,0x029D,0x029C,0x029B,0x029A,0x029B,0x029A,0x029A,0x0299,0x0298,0x0299,0x0298,
0x0297,0x0296,0x0297,0x0296,0x0295,0x0295,0x0294,0x0295,0x0294,0x0293,0x0292,0x0293,0x0292,0x0291,0x0291,0x0290,
0x0291,0x0290,0x028F,0x028E,0x028F,0x028E,0x028D,0x028D,0x028C,0x028D,0x028C,0x028B,0x028A,0x028B,0x028A,0x028A,
0x0289,0x0288,0x0289,0x0288,0x0287,0x0286,0x0287,0x0286,0x0286,0x0285,0x0284,0x0285,0x0284,0x0283,0x0282,0x0282,
0x0283,0x0282,0x0281,0x0280,0x0281,0x0280,0x027F,0x027F,0x027E,0x027F,0x027E,0x027D,0x027C,0x027D,0x027D,0x027C,
0x027B,0x027A,0x027B,0x027A,0x0279,0x0279,0x0278,0x0279,0x0278,0x0277,0x0276,0x0277,0x0277,0x0276,0x0275,0x0274,
0x0275,0x0274,0x0273,0x0273,0x0272,0x0273,0x0272,0x0271,0x0270,0x0271,0x0271,0x0270,0x026F,0x026E,0x026F,0x026E,
0x026E,0x026D,0x026C,0x026D,0x026C,0x026B,0x026B,0x026A,0x026B,0x026A,0x0269,0x0268,0x0268,0x0269,0x0268,0x0267,
0x0266,0x0267,0x0267,0x0266,0x0265,0x0264,0x0265,0x0264,0x0264,0x0263,0x0262,0x0263,0x0262,0x0261,0x0261,0x0260,
0x0261,0x0260,0x025F,0x025E,0x025E,0x025F,0x025E,0x025D,0x025C,0x025C,0x025D,0x025C,0x025B,0x025A,0x025B,0x025B,
0x025A,0x0259,0x0258,0x0259,0x0259,0x0258,0x0257,0x0256,0x0257,0x0257,0x0256,0x0255,0x0254,0x0255,0x0254,0x0254,
0x0253,0x0252,0x0253,0x0252,0x0252,0x0251,0x0250,0x0251,0x0250,0x0250,0x024F,0x024E,0x024F,0x024E,0x024E,0x024D,
0x024C,0x024D,0x024C,0x024C,0x024B,0x024A,0x024B,0x024A,0x024A,0x0249,0x0248,0x0249,0x0248,0x0248,0x0247,0x0246,
0x0247,0x0247,0x0246,0x0245,0x0244,0x0245,0x0245,0x0244,0x0243,0x0242,0x0243,0x0243,0x0242,0x0241,0x0240,0x0240,
0x0241,0x0240,0x023F,0x023E,0x023E,0x023F,0x023E,0x023D,0x023D,0x023C,0x023D,0x023C,0x023B,0x023B,0x023A,0x023B,
0x023A,0x023A,0x0239,0x0238,0x0239,0x0239,0x0238,0x0237,0x0236,0x0237,0x0237,0x0236,0x0235,0x0234,0x0234,0x0235,
0x0234,0x0233,0x0233,0x0232,0x0233,0x0232,0x0232,0x0231,0x0230,0x0231,0x0230,0x0230,0x022F,0x022E,0x022F,0x022F,
0x022E,0x022D,0x022C,0x022C,0x022D,0x022C,0x022B,0x022B,0x022A,0x022B,0x022A,0x022A,0x0229,0x0228,0x0229,0x0229,
0x0228,0x0227,0x0226,0x0226,0x0227,0x0226,0x0225,0x0225,0x0224,0x0225,0x0224,0x0224,0x0223,0x0222,0x0223,0x0223,
0x0222,0x0221,0x0221,0x0220,0x0221,0x0220,0x0220,0x021F,0x021E,0x021F,0x021F,0x021E,0x021D,0x021C,0x021C,0x021D,
0x021C,0x021C,0x021B,0x021A,0x021B,0x021B,0x021A,0x0219,0x0218,0x0218,0x0219,0x0218,0x0218,0x0217,0x0216,0x0217,
0x0217,0x0216,0x0215,0x0214,0x0214,0x0215,0x0214,0x0214,0x0213,0x0212,0x0213,0x0213,0x0212,0x0211,0x0211,0x0210,
0x0211,0x0210,0x0210,0x020F,0x020E,0x020E,0x020F,0x020E,0x020D,0x020D,0x020C,0x020D,0x020D,0x020C,0x020B,0x020A,
0x020A,0x020B,0x020A,0x020A,0x0209,0x0208,0x0209,0x0209,0x0208,0x0207,0x0207,0x0206,0x0207,0x0207,0x0206,0x0205,
0x0204,0x0204,0x0205,0x0204,0x0204,0x0203,0x0202,0x0202,0x0203,0x0202,0x0201,0x0201,0x0200,0x0201,0x0201,0x0200,
0x01FF,0x01FF,0x01FF,0x01FE,0x01FE,0x01FE,0x01FD,0x01FD,0x01FD,0x01FC,0x01FC,0x01FB,0x01FB,0x01FB,0x01FA,0x01FA,
0x01FA,0x01F9,0x01F9,0x01F9,0x01F8,0x01F8,0x01F8,0x01F7,0x01F7,0x01F7,0x01F6,0x01F6,0x01F6,0x01F5,0x01F5,0x01F5,
0x01F4,0x01F4,0x01F4,0x01F3,0x01F3,0x01F3,0x01F2,0x01F2,0x01F2,0x01F1,0x01F1,0x01F1,0x01F0,0x01F0,0x01F0,0x01EF,
0x01EF,0x01EF,0x01EE,0x01EE,0x01EE,0x01ED,0x01ED,0x01ED,0x01EC,0x01EC,0x01EC,0x01EB,0x01EB,0x01EB,0x01EA,0x01EA,
0x01EA,0x01E9,0x01E9,0x01E9,0x01E8,0x01E8,0x01E8,0x01E7,0x01E7,0x01E7,0x01E6,0x01E6,0x01E6,0x01E5,0x01E5,0x01E5,
0x01E4,0x01E4,0x01E4,0x01E3,0x01E3,0x01E3,0x01E2,0x01E2,0x01E2,0x01E1,0x01E1,0x01E1,0x01E0,0x01E0,0x01E0,0x01DF,
0x01DF,0x01DF,0x01DE,0x01DE,0x01DE,0x01DD,0x01DD,0x01DD,0x01DC,0x01DC,0x01DC,0x01DC,0x01DB,0x01DB,0x01DB,0x01DA,
0x01DA,0x01DA,0x01D9,0x01D9,0x01D9,0x01D8,0x01D8,0x01D8,0x01D7,0x01D7,0x01D7,0x01D6,0x01D6,0x01D6,0x01D5,0x01D5,
0x01D5,0x01D4,0x01D4,0x01D4,0x01D4,0x01D3,0x01D3,0x01D3,0x01D2,0x01D2,0x01D2,0x01D1,0x01D1,0x01D1,0x01D0,0x01D0,
0x01D0,0x01CF,0x01CF,0x01CF,0x01CF,0x01CE,0x01CE,0x01CE,0x01CD,0x01CD,0x01CD,0x01CC,0x01CC,0x01CC,0x01CB,0x01CB,
0x01CB,0x01CA,0x01CA,0x01CA,0x01CA,0x01C9,0x01C9,0x01C9,0x01C8,0x01C8,0x01C8,0x01C7,0x01C7,0x01C7,0x01C6,0x01C6,
0x01C6,0x01C6,0x01C5,0x01C5,0x01C5,0x01C4,0x01C4,0x01C4,0x01C3,0x01C3,0x01C3,0x01C2,0x01C2,0x01C2,0x01C2,0x01C1,
0x01C1,0x01C1,0x01C0,0x01C0,0x01C0,0x01BF,0x01BF,0x01BF,0x01BE,0x01BE,0x01BE,0x01BE,0x01BD,0x01BD,0x01BD,0x01BC,
0x01BC,0x01BC,0x01BB,0x01BB,0x01BB,0x01BB,0x01BA,0x01BA,0x01BA,0x01B9,0x01B9,0x01B9,0x01B8,0x01B8,0x01B8,0x01B8,
0x01B7,0x01B7,0x01B7,0x01B6,0x01B6,0x01B6,0x01B6,0x01B5,0x01B5,0x01B5,0x01B4,0x01B4,0x01B4,0x01B3,0x01B3,0x01B3,
0x01B3,0x01B2,0x01B2,0x01B2,0x01B1,0x01B1,0x01B1,0x01B1,0x01B0,0x01B0,0x01B0,0x01AF,0x01AF,0x01AF,0x01AE,0x01AE,
0x01AE,0x01AE,0x01AD,0x01AD,0x01AD,0x01AC,0x01AC,0x01AC,0x01AC,0x01AB,0x01AB,0x01AB,0x01AA,0x01AA,0x01AA,0x01AA,
0x01A9,0x01A9,0x01A9,0x01A8,0x01A8,0x01A8,0x01A8,0x01A7,0x01A7,0x01A7,0x01A6,0x01A6,0x01A6,0x01A6,0x01A5,0x01A5,
0x01A5,0x01A4,0x01A4,0x01A4,0x01A4,0x01A3,0x01A3,0x01A3,0x01A2,0x01A2,0x01A2,0x01A2,0x01A1,0x01A1,0x01A1,0x01A0,
0x01A0,0x01A0,0x01A0,0x019F,0x019F,0x019F,0x019E,0x019E,0x019E,0x019E,0x019D,0x019D,0x019D,0x019C,0x019C,0x019C,
0x019C,0x019B,0x019B,0x019B,0x019B,0x019A,0x019A,0x019A,0x0199,0x0199,0x0199,0x0199,0x0198,0x0198,0x0198,0x0197,
0x0197,0x0197,0x0197,0x0196,0x0196,0x0196,0x0196,0x0195,0x0195,0x0195,0x0194,0x0194,0x0194,0x0194,0x0193,0x0193,
0x0193,0x0193,0x0192,0x0192,0x0192,0x0191,0x0191,0x0191,0x0191,0x0190,0x0190,0x0190,0x0190,0x018F,0x018F,0x018F,
0x018E,0x018E,0x018E,0x018E,0x018D,0x018D,0x018D,0x018D,0x018C,0x018C,0x018C,0x018C,0x018B,0x018B,0x018B,0x018A,
0x018A,0x018A,0x018A,0x0189,0x0189,0x0189,0x0189,0x0188,0x0188,0x0188,0x0188,0x0187,0x0187,0x0187,0x0186,0x0186,
0x0186,0x0186,0x0185,0x0185,0x0185,0x0185,0x0184,0x0184,0x0184,0x0184,0x0183,0x0183,0x0183,0x0182,0x0182,0x0182,
0x0182,0x0181,0x0181,0x0181,0x0181,0x0180,0x0180,0x0180,0x0180,0x017F,0x017F,0x017F,0x017F,0x017E,0x017E,0x017E,
0x017E,0x017D,0x017D,0x017D,0x017D,0x017C,0x017C,0x017C,0x017B,0x017B,0x017B,0x017B,0x017A,0x017A,0x017A,0x017A,
0x0179,0x0179,0x0179,0x0179,0x0178,0x0178,0x0178,0x0178,0x0177,0x0177,0x0177,0x0177,0x0176,0x0176,0x0176,0x0176,
0x0175,0x0175,0x0175,0x0175,0x0174,0x0174,0x0174,0x0174,0x0173,0x0173,0x0173,0x0173,0x0172,0x0172,0x0172,0x0172,
0x0171,0x0171,0x0171,0x0171,0x0170,0x0170,0x0170,0x0170,0x016F,0x016F,0x016F,0x016F,0x016E,0x016E,0x016E,0x016E,
0x016D,0x016D,0x016D,0x016D,0x016C,0x016C,0x016C,0x016C,0x016B,0x016B,0x016B,0x016B,0x016A,0x016A,0x016A,0x016A,
0x0169,0x0169,0x0169,0x0169,0x0168,0x0168,0x0168,0x0168,0x0167,0x0167,0x0167,0x0167,0x0166,0x0166,0x0166,0x0166,
0x0166,0x0165,0x0165,0x0165,0x0165,0x0164,0x0164,0x0164,0x0164,0x0163,0x0163,0x0163,0x0163,0x0162,0x0162,0x0162,
0x0162,0x0161,0x0161,0x0161,0x0161,0x0160,0x0160,0x0160,0x0160,0x0160,0x015F,0x015F,0x015F,0x015F,0x015E,0x015E,
0x015E,0x015E,0x015D,0x015D,0x015D,0x015D,0x015C,0x015C,0x015C,0x015C,0x015B,0x015B,0x015B,0x015B,0x015B,0x015A,
0x015A,0x015A,0x015A,0x0159,0x0159,0x0159,0x0159,0x0158,0x0158,0x0158,0x0158,0x0158,0x0157,0x0157,0x0157,0x0157,
0x0156,0x0156,0x0156,0x0156,0x0155,0x0155,0x0155,0x0155,0x0154,0x0154,0x0154,0x0154,0x0154,0x0153,0x0153,0x0153,
0x0153,0x0152,0x0152,0x0152,0x0152,0x0152,0x0151,0x0151,0x0151,0x0151,0x0150,0x0150,0x0150,0x0150,0x014F,0x014F,
0x014F,0x014F,0x014F,0x014E,0x014E,0x014E,0x014E,0x014D,0x014D,0x014D,0x014D,0x014D,0x014C,0x014C,0x014C,0x014C,
0x014B,0x014B,0x014B,0x014B,0x014A,0x014A,0x014A,0x014A,0x014A,0x0149,0x0149,0x0149,0x0149,0x0148,0x0148,0x0148,
0x0148,0x0148,0x0147,0x0147,0x0147,0x0147,0x0146,0x0146,0x0146,0x0146,0x0146,0x0145,0x0145,0x0145,0x0145,0x0145,
0x0144,0x0144,0x0144,0x0144,0x0143,0x0143,0x0143,0x0143,0x0143,0x0142,0x0142,0x0142,0x0142,0x0141,0x0141,0x0141,
0x0141,0x0141,0x0140,0x0140,0x0140,0x0140,0x013F,0x013F,0x013F,0x013F,0x013F,0x013E,0x013E,0x013E,0x013E,0x013E,
0x013D,0x013D,0x013D,0x013D,0x013C,0x013C,0x013C,0x013C,0x013C,0x013B,0x013B,0x013B,0x013B,0x013B,0x013A,0x013A,
0x013A,0x013A,0x0139,0x0139,0x0139,0x0139,0x0139,0x0138,0x0138,0x0138,0x0138,0x0138,0x0137,0x0137,0x0137,0x0137,
0x0137,0x0136,0x0136,0x0136,0x0136,0x0135,0x0135,0x0135,0x0135,0x0135,0x0134,0x0134,0x0134,0x0134,0x0134,0x0133,
0x0133,0x0133,0x0133,0x0133,0x0132,0x0132,0x0132,0x0132,0x0132,0x0131,0x0131,0x0131,0x0131,0x0130,0x0130,0x0130,
0x0130,0x0130,0x012F,0x012F,0x012F,0x012F,0x012F,0x012E,0x012E,0x012E,0x012E,0x012E,0x012D,0x012D,0x012D,0x012D,
0x012D,0x012C,0x012C,0x012C,0x012C,0x012C,0x012B,0x012B,0x012B,0x012B,0x012B,0x012A,0x012A,0x012A,0x012A,0x012A,
0x0129,0x0129,0x0129,0x0129,0x0129,0x0128,0x0128,0x0128,0x0128,0x0128,0x0127,0x0127,0x0127,0x0127,0x0127,0x0126,
0x0126,0x0126,0x0126,0x0126,0x0125,0x0125,0x0125,0x0125,0x0125,0x0124,0x0124,0x0124,0x0124,0x0124,0x0123,0x0123,
0x0123,0x0123,0x0123,0x0122,0x0122,0x0122,0x0122,0x0122,0x0121,0x0121,0x0121,0x0121,0x0121,0x0120,0x0120,0x0120,
0x0120,0x0120,0x011F,0x011F,0x011F,0x011F,0x011F,0x011E,0x011E,0x011E,0x011E,0x011E,0x011D,0x011D,0x011D,0x011D,
0x011D,0x011D,0x011C,0x011C,0x011C,0x011C,0x011C,0x011B,0x011B,0x011B,0x011B,0x011B,0x011A,0x011A,0x011A,0x011A,
0x011A,0x0119,0x0119,0x0119,0x0119,0x0119,0x0119,0x0118,0x0118,0x0118,0x0118,0x0118,0x0117,0x0117,0x0117,0x0117,
0x0117,0x0116,0x0116,0x0116,0x0116,0x0116,0x0115,0x0115,0x0115,0x0115,0x0115,0x0115,0x0114,0x0114,0x0114,0x0114,
0x0114,0x0113,0x0113,0x0113,0x0113,0x0113,0x0112,0x0112,0x0112,0x0112,0x0112,0x0112,0x0111,0x0111,0x0111,0x0111,
0x0111,0x0110,0x0110,0x0110,0x0110,0x0110,0x0110,0x010F,0x010F,0x010F,0x010F,0x010F,0x010E,0x010E,0x010E,0x010E,
0x010E,0x010E,0x010D,0x010D,0x010D,0x010D,0x010D,0x010C,0x010C,0x010C,0x010C,0x010C,0x010C,0x010B,0x010B,0x010B,
0x010B,0x010B,0x010A,0x010A,0x010A,0x010A,0x010A,0x010A,0x0109,0x0109,0x0109,0x0109,0x0109,0x0108,0x0108,0x0108,
0x0108,0x0108,0x0108,0x0107,0x0107,0x0107,0x0107,0x0107,0x0106,0x0106,0x0106,0x0106,0x0106,0x0106,0x0105,0x0105,
0x0105,0x0105,0x0105,0x0105,0x0104,0x0104,0x0104,0x0104,0x0104,0x0103,0x0103,0x0103,0x0103,0x0103,0x0103,0x0102,
0x0102,0x0102,0x0102,0x0102,0x0102,0x0101,0x0101,0x0101,0x0101,0x0101,0x0100,0x0100,0x0100,0x0100,0x0100,0x0100,
0x00FF,0x00FF,0x00FF,0x00FF,0x00FF,0x00FF,0x00FE,0x00FE,0x00FE,0x00FE,0x00FE,0x00FD,0x00FD,0x00FD,0x00FD,0x00FD,
0x00FD,0x00FC,0x00FC,0x00FC,0x00FC,0x00FC,0x00FC,0x00FB,0x00FB,0x00FB,0x00FB,0x00FB,0x00FB,0x00FA,0x00FA,0x00FA,
0x00FA,0x00FA,0x00FA,0x00F9,0x00F9,0x00F9,0x00F9,0x00F9,0x00F9,0x00F8,0x00F8,0x00F8,0x00F8,0x00F8,0x00F8,0x00F7,
0x00F7,0x00F7,0x00F7,0x00F7,0x00F7,0x00F6,0x00F6,0x00F6,0x00F6,0x00F6,0x00F6,0x00F5,0x00F5,0x00F5,0x00F5,0x00F5,
0x00F5,0x00F4,0x00F4,0x00F4,0x00F4,0x00F4,0x00F4,0x00F3,0x00F3,0x00F3,0x00F3,0x00F3,0x00F3,0x00F2,0x00F2,0x00F2,
0x00F2,0x00F2,0x00F2,0x00F1,0x00F1,0x00F1,0x00F1,0x00F1,0x00F1,0x00F0,0x00F0,0x00F0,0x00F0,0x00F0,0x00F0,0x00EF,
0x00EF,0x00EF,0x00EF,0x00EF,0x00EF,0x00EE,0x00EE,0x00EE,0x00EE,0x00EE,0x00EE,0x00EE,0x00ED,0x00ED,0x00ED,0x00ED,
0x00ED,0x00ED,0x00EC,0x00EC,0x00EC,0x00EC,0x00EC,0x00EC,0x00EB,0x00EB,0x00EB,0x00EB,0x00EB,0x00EB,0x00EA,0x00EA,
0x00EA,0x00EA,0x00EA,0x00EA,0x00EA,0x00E9,0x00E9,0x00E9,0x00E9,0x00E9,0x00E9,0x00E8,0x00E8,0x00E8,0x00E8,0x00E8,
0x00E8,0x00E7,0x00E7,0x00E7,0x00E7,0x00E7,0x00E7,0x00E7,0x00E6,0x00E6,0x00E6,0x00E6,0x00E6,0x00E6,0x00E5,0x00E5,
0x00E5,0x00E5,0x00E5,0x00E5,0x00E5,0x00E4,0x00E4,0x00E4,0x00E4,0x00E4,0x00E4,0x00E3,0x00E3,0x00E3,0x00E3,0x00E3,
0x00E3,0x00E3,0x00E2,0x00E2,0x00E2,0x00E2,0x00E2,0x00E2,0x00E1,0x00E1,0x00E1,0x00E1,0x00E1,0x00E1,0x00E1,0x00E0,
0x00E0,0x00E0,0x00E0,0x00E0,0x00E0,0x00DF,0x00DF,0x00DF,0x00DF,0x00DF,0x00DF,0x00DF,0x00DE,0x00DE,0x00DE,0x00DE,
0x00DE,0x00DE,0x00DD,0x00DD,0x00DD,0x00DD,0x00DD,0x00DD,0x00DD,0x00DC,0x00DC,0x00DC,0x00DC,0x00DC,0x00DC,0x00DC,
0x00DB,0x00DB,0x00DB,0x00DB,0x00DB,0x00DB,0x00DB,0x00DA,0x00DA,0x00DA,0x00DA,0x00DA,0x00DA,0x00D9,0x00D9,0x00D9,
0x00D9,0x00D9,0x00D9,0x00D9,0x00D8,0x00D8,0x00D8,0x00D8,0x00D8,0x00D8,0x00D8,0x00D7,0x00D7,0x00D7,0x00D7,0x00D7,
0x00D7,0x00D7,0x00D6,0x00D6,0x00D6,0x00D6,0x00D6,0x00D6,0x00D6,0x00D5,0x00D5,0x00D5,0x00D5,0x00D5,0x00D5,0x00D5,
0x00D4,0x00D4,0x00D4,0x00D4,0x00D4,0x00D4,0x00D4,0x00D3,0x00D3,0x00D3,0x00D3,0x00D3,0x00D3,0x00D3,0x00D2,0x00D2,
0x00D2,0x00D2,0x00D2,0x00D2,0x00D2,0x00D1,0x00D1,0x00D1,0x00D1,0x00D1,0x00D1,0x00D1,0x00D0,0x00D0,0x00D0,0x00D0,
0x00D0,0x00D0,0x00D0,0x00CF,0x00CF,0x00CF,0x00CF,0x00CF,0x00CF,0x00CF,0x00CE,0x00CE,0x00CE,0x00CE,0x00CE,0x00CE,
0x00CE,0x00CD,0x00CD,0x00CD,0x00CD,0x00CD,0x00CD,0x00CD,0x00CC,0x00CC,0x00CC,0x00CC,0x00CC,0x00CC,0x00CC,0x00CB,
0x00CB,0x00CB,0x00CB,0x00CB,0x00CB,0x00CB,0x00CB,0x00CA,0x00CA,0x00CA,0x00CA,0x00CA,0x00CA,0x00CA,0x00C9,0x00C9,
0x00C9,0x00C9,0x00C9,0x00C9,0x00C9,0x00C8,0x00C8,0x00C8,0x00C8,0x00C8,0x00C8,0x00C8,0x00C8,0x00C7,0x00C7,0x00C7,
0x00C7,0x00C7,0x00C7,0x00C7,0x00C6,0x00C6,0x00C6,0x00C6,0x00C6,0x00C6,0x00C6,0x00C6,0x00C5,0x00C5,0x00C5,0x00C5,
0x00C5,0x00C5,0x00C5,0x00C4,0x00C4,0x00C4,0x00C4,0x00C4,0x00C4,0x00C4,0x00C4,0x00C3,0x00C3,0x00C3,0x00C3,0x00C3,
0x00C3,0x00C3,0x00C2,0x00C2,0x00C2,0x00C2,0x00C2,0x00C2,0x00C2,0x00C2,0x00C1,0x00C1,0x00C1,0x00C1,0x00C1,0x00C1,
0x00C1,0x00C0,0x00C0,0x00C0,0x00C0,0x00C0,0x00C0,0x00C0,0x00C0,0x00BF,0x00BF,0x00BF,0x00BF,0x00BF,0x00BF,0x00BF,
0x00BF,0x00BE,0x00BE,0x00BE,0x00BE,0x00BE,0x00BE,0x00BE,0x00BD,0x00BD,0x00BD,0x00BD,0x00BD,0x00BD,0x00BD,0x00BD,
0x00BC,0x00BC,0x00BC,0x00BC,0x00BC,0x00BC,0x00BC,0x00BC,0x00BB,0x00BB,0x00BB,0x00BB,0x00BB,0x00BB,0x00BB,0x00BB,
0x00BA,0x00BA,0x00BA,0x00BA,0x00BA,0x00BA,0x00BA,0x00BA,0x00B9,0x00B9,0x00B9,0x00B9,0x00B9,0x00B9,0x00B9,0x00B9,
0x00B8,0x00B8,0x00B8,0x00B8,0x00B8,0x00B8,0x00B8,0x00B8,0x00B7,0x00B7,0x00B7,0x00B7,0x00B7,0x00B7,0x00B7,0x00B7,
0x00B6,0x00B6,0x00B6,0x00B6,0x00B6,0x00B6,0x00B6,0x00B6,0x00B5,0x00B5,0x00B5,0x00B5,0x00B5,0x00B5,0x00B5,0x00B5,
0x00B4,0x00B4,0x00B4,0x00B4,0x00B4,0x00B4,0x00B4,0x00B4,0x00B3,0x00B3,0x00B3,0x00B3,0x00B3,0x00B3,0x00B3,0x00B3,
0x00B3,0x00B2,0x00B2,0x00B2,0x00B2,0x00B2,0x00B2,0x00B2,0x00B2,0x00B1,0x00B1,0x00B1,0x00B1,0x00B1,0x00B1,0x00B1,
0x00B1,0x00B0,0x00B0,0x00B0,0x00B0,0x00B0,0x00B0,0x00B0,0x00B0,0x00B0,0x00AF,0x00AF,0x00AF,0x00AF,0x00AF,0x00AF,
0x00AF,0x00AF,0x00AE,0x00AE,0x00AE,0x00AE,0x00AE,0x00AE,0x00AE,0x00AE,0x00AD,0x00AD,0x00AD,0x00AD,0x00AD,0x00AD,
0x00AD,0x00AD,0x00AD,0x00AC,0x00AC,0x00AC,0x00AC,0x00AC,0x00AC,0x00AC,0x00AC,0x00AC,0x00AB,0x00AB,0x00AB,0x00AB,
0x00AB,0x00AB,0x00AB,0x00AB,0x00AA,0x00AA,0x00AA,0x00AA,0x00AA,0x00AA,0x00AA,0x00AA,0x00AA,0x00A9,0x00A9,0x00A9,
0x00A9,0x00A9,0x00A9,0x00A9,0x00A9,0x00A9,0x00A8,0x00A8,0x00A8,0x00A8,0x00A8,0x00A8,0x00A8,0x00A8,0x00A7,0x00A7,
0x00A7,0x00A7,0x00A7,0x00A7,0x00A7,0x00A7,0x00A7,0x00A6,0x00A6,0x00A6,0x00A6,0x00A6,0x00A6,0x00A6,0x00A6,0x00A6,
0x00A5,0x00A5,0x00A5,0x00A5,0x00A5,0x00A5,0x00A5,0x00A5,0x00A5,0x00A4,0x00A4,0x00A4,0x00A4,0x00A4,0x00A4,0x00A4,
0x00A4,0x00A4,0x00A3,0x00A3,0x00A3,0x00A3,0x00A3,0x00A3,0x00A3,0x00A3,0x00A3,0x00A2,0x00A2,0x00A2,0x00A2,0x00A2,
0x00A2,0x00A2,0x00A2,0x00A2,0x00A1,0x00A1,0x00A1,0x00A1,0x00A1,0x00A1,0x00A1,0x00A1,0x00A1,0x00A0,0x00A0,0x00A0,
0x00A0,0x00A0,0x00A0,0x00A0,0x00A0,0x00A0,0x009F,0x009F,0x009F,0x009F,0x009F,0x009F,0x009F,0x009F,0x009F,0x009F,
0x009E,0x009E,0x009E,0x009E,0x009E,0x009E,0x009E,0x009E,0x009E,0x009D,0x009D,0x009D,0x009D,0x009D,0x009D,0x009D,
0x009D,0x009D,0x009C,0x009C,0x009C,0x009C,0x009C,0x009C,0x009C,0x009C,0x009C,0x009C,0x009B,0x009B,0x009B,0x009B,
0x009B,0x009B,0x009B,0x009B,0x009B,0x009A,0x009A,0x009A,0x009A,0x009A,0x009A,0x009A,0x009A,0x009A,0x009A,0x0099,
0x0099,0x0099,0x0099,0x0099,0x0099,0x0099,0x0099,0x0099,0x0099,0x0098,0x0098,0x0098,0x0098,0x0098,0x0098,0x0098,
0x0098,0x0098,0x0097,0x0097,0x0097,0x0097,0x0097,0x0097,0x0097,0x0097,0x0097,0x0097,0x0096,0x0096,0x0096,0x0096,
0x0096,0x0096,0x0096,0x0096,0x0096,0x0096,0x0095,0x0095,0x0095,0x0095,0x0095,0x0095,0x0095,0x0095,0x0095,0x0095,
0x0094,0x0094,0x0094,0x0094,0x0094,0x0094,0x0094,0x0094,0x0094,0x0094,0x0093,0x0093,0x0093,0x0093,0x0093,0x0093,
0x0093,0x0093,0x0093,0x0093,0x0092,0x0092,0x0092,0x0092,0x0092,0x0092,0x0092,0x0092,0x0092,0x0092,0x0091,0x0091,
0x0091,0x0091,0x0091,0x0091,0x0091,0x0091,0x0091,0x0091,0x0090,0x0090,0x0090,0x0090,0x0090,0x0090,0x0090,0x0090,
0x0090,0x0090,0x008F,0x008F,0x008F,0x008F,0x008F,0x008F,0x008F,0x008F,0x008F,0x008F,0x008E,0x008E,0x008E,0x008E,
0x008E,0x008E,0x008E,0x008E,0x008E,0x008E,0x008E,0x008D,0x008D,0x008D,0x008D,0x008D,0x008D,0x008D,0x008D,0x008D,
0x008D,0x008C,0x008C,0x008C,0x008C,0x008C,0x008C,0x008C,0x008C,0x008C,0x008C,0x008C,0x008B,0x008B,0x008B,0x008B,
0x008B,0x008B,0x008B,0x008B,0x008B,0x008B,0x008A,0x008A,0x008A,0x008A,0x008A,0x008A,0x008A,0x008A,0x008A,0x008A,
0x008A,0x0089,0x0089,0x0089,0x0089,0x0089,0x0089,0x0089,0x0089,0x0089,0x0089,0x0089,0x0088,0x0088,0x0088,0x0088,
0x0088,0x0088,0x0088,0x0088,0x0088,0x0088,0x0088,0x0087,0x0087,0x0087,0x0087,0x0087,0x0087,0x0087,0x0087,0x0087,
0x0087,0x0087,0x0086,0x0086,0x0086,0x0086,0x0086,0x0086,0x0086,0x0086,0x0086,0x0086,0x0086,0x0085,0x0085,0x0085,
0x0085,0x0085,0x0085,0x0085,0x0085,0x0085,0x0085,0x0085,0x0084,0x0084,0x0084,0x0084,0x0084,0x0084,0x0084,0x0084,
0x0084,0x0084,0x0084,0x0083,0x0083,0x0083,0x0083,0x0083,0x0083,0x0083,0x0083,0x0083,0x0083,0x0083,0x0082,0x0082,
0x0082,0x0082,0x0082,0x0082,0x0082,0x0082,0x0082,0x0082,0x0082,0x0081,0x0081,0x0081,0x0081,0x0081,0x0081,0x0081,
0x0081,0x0081,0x0081,0x0081,0x0081,0x0080,0x0080,0x0080,0x0080,0x0080,0x0080,0x0080,0x0080,0x0080,0x0080,0x0080,
0x007F,0x007F,0x007F,0x007F,0x007F,0x007F,0x007F,0x007F,0x007F,0x007F,0x007F,0x007E,0x007E,0x007E,0x007E,0x007E,
0x007E,0x007E,0x007E,0x007E,0x007E,0x007E,0x007E,0x007D,0x007D,0x007D,0x007D,0x007D,0x007D,0x007D,0x007D,0x007D,
0x007D,0x007D,0x007D,0x007C,0x007C,0x007C,0x007C,0x007C,0x007C,0x007C,0x007C,0x007C,0x007C,0x007C,0x007C,0x007B,
0x007B,0x007B,0x007B,0x007B,0x007B,0x007B,0x007B,0x007B,0x007B,0x007B,0x007B,0x007A,0x007A,0x007A,0x007A,0x007A,
0x007A,0x007A,0x007A,0x007A,0x007A,0x007A,0x007A,0x0079,0x0079,0x0079,0x0079,0x0079,0x0079,0x0079,0x0079,0x0079,
0x0079,0x0079,0x0079,0x0078,0x0078,0x0078,0x0078,0x0078,0x0078,0x0078,0x0078,0x0078,0x0078,0x0078,0x0078,0x0077,
0x0077,0x0077,0x0077,0x0077,0x0077,0x0077,0x0077,0x0077,0x0077,0x0077,0x0077,0x0077,0x0076,0x0076,0x0076,0x0076,
0x0076,0x0076,0x0076,0x0076,0x0076,0x0076,0x0076,0x0076,0x0075,0x0075,0x0075,0x0075,0x0075,0x0075,0x0075,0x0075,
0x0075,0x0075,0x0075,0x0075,0x0075,0x0074,0x0074,0x0074,0x0074,0x0074,0x0074,0x0074,0x0074,0x0074,0x0074,0x0074,
0x0074,0x0073,0x0073,0x0073,0x0073,0x0073,0x0073,0x0073,0x0073,0x0073,0x0073,0x0073,0x0073,0x0073,0x0072,0x0072,
0x0072,0x0072,0x0072,0x0072,0x0072,0x0072,0x0072,0x0072,0x0072,0x0072,0x0072,0x0071,0x0071,0x0071,0x0071,0x0071,
0x0071,0x0071,0x0071,0x0071,0x0071,0x0071,0x0071,0x0071,0x0070,0x0070,0x0070,0x0070,0x0070,0x0070,0x0070,0x0070,
0x0070,0x0070,0x0070,0x0070,0x0070,0x006F,0x006F,0x006F,0x006F,0x006F,0x006F,0x006F,0x006F,0x006F,0x006F,0x006F,
0x006F,0x006F,0x006E,0x006E,0x006E,0x006E,0x006E,0x006E,0x006E,0x006E,0x006E,0x006E,0x006E,0x006E,0x006E,0x006E,
0x006D,0x006D,0x006D,0x006D,0x006D,0x006D,0x006D,0x006D,0x006D,0x006D,0x006D,0x006D,0x006D,0x006C,0x006C,0x006C,
0x006C,0x006C,0x006C,0x006C,0x006C,0x006C,0x006C,0x006C,0x006C,0x006C,0x006C,0x006B,0x006B,0x006B,0x006B,0x006B,
0x006B,0x006B,0x006B,0x006B,0x006B,0x006B,0x006B,0x006B,0x006B,0x006A,0x006A,0x006A,0x006A,0x006A,0x006A,0x006A,
0x006A,0x006A,0x006A,0x006A,0x006A,0x006A,0x006A,0x0069,0x0069,0x0069,0x0069,0x0069,0x0069,0x0069,0x0069,0x0069,
0x0069,0x0069,0x0069,0x0069,0x0069,0x0068,0x0068,0x0068,0x0068,0x0068,0x0068,0x0068,0x0068,0x0068,0x0068,0x0068,
0x0068,0x0068,0x0068,0x0067,0x0067,0x0067,0x0067,0x0067,0x0067,0x0067,0x0067,0x0067,0x0067,0x0067,0x0067,0x0067,
0x0067,0x0066,0x0066,0x0066,0x0066,0x0066,0x0066,0x0066,0x0066,0x0066,0x0066,0x0066,0x0066,0x0066,0x0066,0x0065,
0x0065,0x0065,0x0065,0x0065,0x0065,0x0065,0x0065,0x0065,0x0065,0x0065,0x0065,0x0065,0x0065,0x0065,0x0064,0x0064,
0x0064,0x0064,0x0064,0x0064,0x0064,0x0064,0x0064,0x0064,0x0064,0x0064,0x0064,0x0064,0x0064,0x0063,0x0063,0x0063,
0x0063,0x0063,0x0063,0x0063,0x0063,0x0063,0x0063,0x0063,0x0063,0x0063,0x0063,0x0063,0x0062,0x0062,0x0062,0x0062,
0x0062,0x0062,0x0062,0x0062,0x0062,0x0062,0x0062,0x0062,0x0062,0x0062,0x0062,0x0061,0x0061,0x0061,0x0061,0x0061,
0x0061,0x0061,0x0061,0x0061,0x0061,0x0061,0x0061,0x0061,0x0061,0x0061,0x0060,0x0060,0x0060,0x0060,0x0060,0x0060,
0x0060,0x0060,0x0060,0x0060,0x0060,0x0060,0x0060,0x0060,0x0060,0x005F,0x005F,0x005F,0x005F,0x005F,0x005F,0x005F,
0x005F,0x005F,0x005F,0x005F,0x005F,0x005F,0x005F,0x005F,0x005E,0x005E,0x005E,0x005E,0x005E,0x005E,0x005E,0x005E,
0x005E,0x005E,0x005E,0x005E,0x005E,0x005E,0x005E,0x005E,0x005D,0x005D,0x005D,0x005D,0x005D,0x005D,0x005D,0x005D,
0x005D,0x005D,0x005D,0x005D,0x005D,0x005D,0x005D,0x005D,0x005C,0x005C,0x005C,0x005C,0x005C,0x005C,0x005C,0x005C,
0x005C,0x005C,0x005C,0x005C,0x005C,0x005C,0x005C,0x005C,0x005B,0x005B,0x005B,0x005B,0x005B,0x005B,0x005B,0x005B,
0x005B,0x005B,0x005B,0x005B,0x005B,0x005B,0x005B,0x005B,0x005A,0x005A,0x005A,0x005A,0x005A,0x005A,0x005A,0x005A,
0x005A,0x005A,0x005A,0x005A,0x005A,0x005A,0x005A,0x005A,0x0059,0x0059,0x0059,0x0059,0x0059,0x0059,0x0059,0x0059,
0x0059,0x0059,0x0059,0x0059,0x0059,0x0059,0x0059,0x0059,0x0059,0x0058,0x0058,0x0058,0x0058,0x0058,0x0058,0x0058,
0x0058,0x0058,0x0058,0x0058,0x0058,0x0058,0x0058,0x0058,0x0058,0x0058,0x0057,0x0057,0x0057,0x0057,0x0057,0x0057,
0x0057,0x0057,0x0057,0x0057,0x0057,0x0057,0x0057,0x0057,0x0057,0x0057,0x0056,0x0056,0x0056,0x0056,0x0056,0x0056,
0x0056,0x0056,0x0056,0x0056,0x0056,0x0056,0x0056,0x0056,0x0056,0x0056,0x0056,0x0056,0x0055,0x0055,0x0055,0x0055,
0x0055,0x0055,0x0055,0x0055,0x0055,0x0055,0x0055,0x0055,0x0055,0x0055,0x0055,0x0055,0x0055,0x0054,0x0054,0x0054,
0x0054,0x0054,0x0054,0x0054,0x0054,0x0054,0x0054,0x0054,0x0054,0x0054,0x0054,0x0054,0x0054,0x0054,0x0053,0x0053,
0x0053,0x0053,0x0053,0x0053,0x0053,0x0053,0x0053,0x0053,0x0053,0x0053,0x0053,0x0053,0x0053,0x0053,0x0053,0x0053,
0x0052,0x0052,0x0052,0x0052,0x0052,0x0052,0x0052,0x0052,0x0052,0x0052,0x0052,0x0052,0x0052,0x0052,0x0052,0x0052,
0x0052,0x0052,0x0051,0x0051,0x0051,0x0051,0x0051,0x0051,0x0051,0x0051,0x0051,0x0051,0x0051,0x0051,0x0051,0x0051,
0x0051,0x0051,0x0051,0x0051,0x0050,0x0050,0x0050,0x0050,0x0050,0x0050,0x0050,0x0050,0x0050,0x0050,0x0050,0x0050,
0x0050,0x0050,0x0050,0x0050,0x0050,0x0050,0x004F,0x004F,0x004F,0x004F,0x004F,0x004F,0x004F,0x004F,0x004F,0x004F,
0x004F,0x004F,0x004F,0x004F,0x004F,0x004F,0x004F,0x004F,0x004F,0x004E,0x004E,0x004E,0x004E,0x004E,0x004E,0x004E,
0x004E,0x004E,0x004E,0x004E,0x004E,0x004E,0x004E,0x004E,0x004E,0x004E,0x004E,0x004E,0x004D,0x004D,0x004D,0x004D,
0x004D,0x004D,0x004D,0x004D,0x004D,0x004D,0x004D,0x004D,0x004D,0x004D,0x004D,0x004D,0x004D,0x004D,0x004D,0x004C,
0x004C,0x004C,0x004C,0x004C,0x004C,0x004C,0x004C,0x004C,0x004C,0x004C,0x004C,0x004C,0x004C,0x004C,0x004C,0x004C,
0x004C,0x004C,0x004B,0x004B,0x004B,0x004B,0x004B,0x004B,0x004B,0x004B,0x004B,0x004B,0x004B,0x004B,0x004B,0x004B,
0x004B,0x004B,0x004B,0x004B,0x004B,0x004B,0x004A,0x004A,0x004A,0x004A,0x004A,0x004A,0x004A,0x004A,0x004A,0x004A,
0x004A,0x004A,0x004A,0x004A,0x004A,0x004A,0x004A,0x004A,0x004A,0x004A,0x0049,0x0049,0x0049,0x0049,0x0049,0x0049,
0x0049,0x0049,0x0049,0x0049,0x0049,0x0049,0x0049,0x0049,0x0049,0x0049,0x0049,0x0049,0x0049,0x0049,0x0048,0x0048,
0x0048,0x0048,0x0048,0x0048,0x0048,0x0048,0x0048,0x0048,0x0048,0x0048,0x0048,0x0048,0x0048,0x0048,0x0048,0x0048,
0x0048,0x0048,0x0047,0x0047,0x0047,0x0047,0x0047,0x0047,0x0047,0x0047,0x0047,0x0047,0x0047,0x0047,0x0047,0x0047,
0x0047,0x0047,0x0047,0x0047,0x0047,0x0047,0x0047,0x0046,0x0046,0x0046,0x0046,0x0046,0x0046,0x0046,0x0046,0x0046,
0x0046,0x0046,0x0046,0x0046,0x0046,0x0046,0x0046,0x0046,0x0046,0x0046,0x0046,0x0046,0x0045,0x0045,0x0045,0x0045,
0x0045,0x0045,0x0045,0x0045,0x0045,0x0045,0x0045,0x0045,0x0045,0x0045,0x0045,0x0045,0x0045,0x0045,0x0045,0x0045,
0x0045,0x0044,0x0044,0x0044,0x0044,0x0044,0x0044,0x0044,0x0044,0x0044,0x0044,0x0044,0x0044,0x0044,0x0044,0x0044,
0x0044,0x0044,0x0044,0x0044,0x0044,0x0044,0x0044,0x0043,0x0043,0x0043,0x0043,0x0043,0x0043,0x0043,0x0043,0x0043,
0x0043,0x0043,0x0043,0x0043,0x0043,0x0043,0x0043,0x0043,0x0043,0x0043,0x0043,0x0043,0x0043,0x0042,0x0042,0x0042,
0x0042,0x0042,0x0042,0x0042,0x0042,0x0042,0x0042,0x0042,0x0042,0x0042,0x0042,0x0042,0x0042,0x0042,0x0042,0x0042,
0x0042,0x0042,0x0042,0x0041,0x0041,0x0041,0x0041,0x0041,0x0041,0x0041,0x0041,0x0041,0x0041,0x0041,0x0041,0x0041,
0x0041,0x0041,0x0041,0x0041,0x0041,0x0041,0x0041,0x0041,0x0041,0x0040,0x0040,0x0040,0x0040,0x0040,0x0040,0x0040,
0x0040,0x0040,0x0040,0x0040,0x0040,0x0040,0x0040,0x0040,0x0040,0x0040,0x0040,0x0040,0x0040,0x0040,0x0040,0x0040,
0x003F,0x003F,0x003F,0x003F,0x003F,0x003F,0x003F,0x003F,0x003F,0x003F,0x003F,0x003F,0x003F,0x003F,0x003F,0x003F,
0x003F,0x003F,0x003F,0x003F,0x003F,0x003F,0x003F,0x003E,0x003E,0x003E,0x003E,0x003E,0x003E,0x003E,0x003E,0x003E,
0x003E,0x003E,0x003E,0x003E,0x003E,0x003E,0x003E,0x003E,0x003E,0x003E,0x003E,0x003E,0x003E,0x003E,0x003E,0x003D,
0x003D,0x003D,0x003D,0x003D,0x003D,0x003D,0x003D,0x003D,0x003D,0x003D,0x003D,0x003D,0x003D,0x003D,0x003D,0x003D,
0x003D,0x003D,0x003D,0x003D,0x003D,0x003D,0x003D,0x003C,0x003C,0x003C,0x003C,0x003C,0x003C,0x003C,0x003C,0x003C,
0x003C,0x003C,0x003C,0x003C,0x003C,0x003C,0x003C,0x003C,0x003C,0x003C,0x003C,0x003C,0x003C,0x003C,0x003C,0x003B,
0x003B,0x003B,0x003B,0x003B,0x003B,0x003B,0x003B,0x003B,0x003B,0x003B,0x003B,0x003B,0x003B,0x003B,0x003B,0x003B,
0x003B,0x003B,0x003B,0x003B,0x003B,0x003B,0x003B,0x003B,0x003A,0x003A,0x003A,0x003A,0x003A,0x003A,0x003A,0x003A,
0x003A,0x003A,0x003A,0x003A,0x003A,0x003A,0x003A,0x003A,0x003A,0x003A,0x003A,0x003A,0x003A,0x003A,0x003A,0x003A,
0x003A,0x0039,0x0039,0x0039,0x0039,0x0039,0x0039,0x0039,0x0039,0x0039,0x0039,0x0039,0x0039,0x0039,0x0039,0x0039,
0x0039,0x0039,0x0039,0x0039,0x0039,0x0039,0x0039,0x0039,0x0039,0x0039,0x0039,0x0038,0x0038,0x0038,0x0038,0x0038,
0x0038,0x0038,0x0038,0x0038,0x0038,0x0038,0x0038,0x0038,0x0038,0x0038,0x0038,0x0038,0x0038,0x0038,0x0038,0x0038,
0x0038,0x0038,0x0038,0x0038,0x0038,0x0037,0x0037,0x0037,0x0037,0x0037,0x0037,0x0037,0x0037,0x0037,0x0037,0x0037,
0x0037,0x0037,0x0037,0x0037,0x0037,0x0037,0x0037,0x0037,0x0037,0x0037,0x0037,0x0037,0x0037,0x0037,0x0037,0x0037,
0x0036,0x0036,0x0036,0x0036,0x0036,0x0036,0x0036,0x0036,0x0036,0x0036,0x0036,0x0036,0x0036,0x0036,0x0036,0x0036,
0x0036,0x0036,0x0036,0x0036,0x0036,0x0036,0x0036,0x0036,0x0036,0x0036,0x0036,0x0035,0x0035,0x0035,0x0035,0x0035,
0x0035,0x0035,0x0035,0x0035,0x0035,0x0035,0x0035,0x0035,0x0035,0x0035,0x0035,0x0035,0x0035,0x0035,0x0035,0x0035,
0x0035,0x0035,0x0035,0x0035,0x0035,0x0035,0x0035,0x0034,0x0034,0x0034,0x0034,0x0034,0x0034,0x0034,0x0034,0x0034,
0x0034,0x0034,0x0034,0x0034,0x0034,0x0034,0x0034,0x0034,0x0034,0x0034,0x0034,0x0034,0x0034,0x0034,0x0034,0x0034,
0x0034,0x0034,0x0034,0x0033,0x0033,0x0033,0x0033,0x0033,0x0033,0x0033,0x0033,0x0033,0x0033,0x0033,0x0033,0x0033,
0x0033,0x0033,0x0033,0x0033,0x0033,0x0033,0x0033,0x0033,0x0033,0x0033,0x0033,0x0033,0x0033,0x0033,0x0033,0x0032,
0x0032,0x0032,0x0032,0x0032,0x0032,0x0032,0x0032,0x0032,0x0032,0x0032,0x0032,0x0032,0x0032,0x0032,0x0032,0x0032,
0x0032,0x0032,0x0032,0x0032,0x0032,0x0032,0x0032,0x0032,0x0032,0x0032,0x0032,0x0032,0x0032,0x0031,0x0031,0x0031,
0x0031,0x0031,0x0031,0x0031,0x0031,0x0031,0x0031,0x0031,0x0031,0x0031,0x0031,0x0031,0x0031,0x0031,0x0031,0x0031,
0x0031,0x0031,0x0031,0x0031,0x0031,0x0031,0x0031,0x0031,0x0031,0x0031,0x0031,0x0030,0x0030,0x0030,0x0030,0x0030,
0x0030,0x0030,0x0030,0x0030,0x0030,0x0030,0x0030,0x0030,0x0030,0x0030,0x0030,0x0030,0x0030,0x0030,0x0030,0x0030,
0x0030,0x0030,0x0030,0x0030,0x0030,0x0030,0x0030,0x0030,0x0030,0x002F,0x002F,0x002F,0x002F,0x002F,0x002F,0x002F,
0x002F,0x002F,0x002F,0x002F,0x002F,0x002F,0x002F,0x002F,0x002F,0x002F,0x002F,0x002F,0x002F,0x002F,0x002F,0x002F,
0x002F,0x002F,0x002F,0x002F,0x002F,0x002F,0x002F,0x002F,0x002E,0x002E,0x002E,0x002E,0x002E,0x002E,0x002E,0x002E,
0x002E,0x002E,0x002E,0x002E,0x002E,0x002E,0x002E,0x002E,0x002E,0x002E,0x002E,0x002E,0x002E,0x002E,0x002E,0x002E,
0x002E,0x002E,0x002E,0x002E,0x002E,0x002E,0x002E,0x002E,0x002D,0x002D,0x002D,0x002D,0x002D,0x002D,0x002D,0x002D,
0x002D,0x002D,0x002D,0x002D,0x002D,0x002D,0x002D,0x002D,0x002D,0x002D,0x002D,0x002D,0x002D,0x002D,0x002D,0x002D,
0x002D,0x002D,0x002D,0x002D,0x002D,0x002D,0x002D,0x002D,0x002C,0x002C,0x002C,0x002C,0x002C,0x002C,0x002C,0x002C,
0x002C,0x002C,0x002C,0x002C,0x002C,0x002C,0x002C,0x002C,0x002C,0x002C,0x002C,0x002C,0x002C,0x002C,0x002C,0x002C,
0x002C,0x002C,0x002C,0x002C,0x002C,0x002C,0x002C,0x002C,0x002C,0x002C,0x002B,0x002B,0x002B,0x002B,0x002B,0x002B,
0x002B,0x002B,0x002B,0x002B,0x002B,0x002B,0x002B,0x002B,0x002B,0x002B,0x002B,0x002B,0x002B,0x002B,0x002B,0x002B,
0x002B,0x002B,0x002B,0x002B,0x002B,0x002B,0x002B,0x002B,0x002B,0x002B,0x002B,0x002B,0x002A,0x002A,0x002A,0x002A,
0x002A,0x002A,0x002A,0x002A,0x002A,0x002A,0x002A,0x002A,0x002A,0x002A,0x002A,0x002A,0x002A,0x002A,0x002A,0x002A,
0x002A,0x002A,0x002A,0x002A,0x002A,0x002A,0x002A,0x002A,0x002A,0x002A,0x002A,0x002A,0x002A,0x002A,0x0029,0x0029,
0x0029,0x0029,0x0029,0x0029,0x0029,0x0029,0x0029,0x0029,0x0029,0x0029,0x0029,0x0029,0x0029,0x0029,0x0029,0x0029,
0x0029,0x0029,0x0029,0x0029,0x0029,0x0029,0x0029,0x0029,0x0029,0x0029,0x0029,0x0029,0x0029,0x0029,0x0029,0x0029,
0x0029,0x0029,0x0028,0x0028,0x0028,0x0028,0x0028,0x0028,0x0028,0x0028,0x0028,0x0028,0x0028,0x0028,0x0028,0x0028,
0x0028,0x0028,0x0028,0x0028,0x0028,0x0028,0x0028,0x0028,0x0028,0x0028,0x0028,0x0028,0x0028,0x0028,0x0028,0x0028,
0x0028,0x0028,0x0028,0x0028,0x0028,0x0028,0x0027,0x0027,0x0027,0x0027,0x0027,0x0027,0x0027,0x0027,0x0027,0x0027,
0x0027,0x0027,0x0027,0x0027,0x0027,0x0027,0x0027,0x0027,0x0027,0x0027,0x0027,0x0027,0x0027,0x0027,0x0027,0x0027,
0x0027,0x0027,0x0027,0x0027,0x0027,0x0027,0x0027,0x0027,0x0027,0x0027,0x0027,0x0027,0x0026,0x0026,0x0026,0x0026,
0x0026,0x0026,0x0026,0x0026,0x0026,0x0026,0x0026,0x0026,0x0026,0x0026,0x0026,0x0026,0x0026,0x0026,0x0026,0x0026,
0x0026,0x0026,0x0026,0x0026,0x0026,0x0026,0x0026,0x0026,0x0026,0x0026,0x0026,0x0026,0x0026,0x0026,0x0026,0x0026,
0x0026,0x0026,0x0025,0x0025,0x0025,0x0025,0x0025,0x0025,0x0025,0x0025,0x0025,0x0025,0x0025,0x0025,0x0025,0x0025,
0x0025,0x0025,0x0025,0x0025,0x0025,0x0025,0x0025,0x0025,0x0025,0x0025,0x0025,0x0025,0x0025,0x0025,0x0025,0x0025,
0x0025,0x0025,0x0025,0x0025,0x0025,0x0025,0x0025,0x0025,0x0025,0x0025,0x0024,0x0024,0x0024,0x0024,0x0024,0x0024,
0x0024,0x0024,0x0024,0x0024,0x0024,0x0024,0x0024,0x0024,0x0024,0x0024,0x0024,0x0024,0x0024,0x0024,0x0024,0x0024,
0x0024,0x0024,0x0024,0x0024,0x0024,0x0024,0x0024,0x0024,0x0024,0x0024,0x0024,0x0024,0x0024,0x0024,0x0024,0x0024,
0x0024,0x0024,0x0023,0x0023,0x0023,0x0023,0x0023,0x0023,0x0023,0x0023,0x0023,0x0023,0x0023,0x0023,0x0023,0x0023,
0x0023,0x0023,0x0023,0x0023,0x0023,0x0023,0x0023,0x0023,0x0023,0x0023,0x0023,0x0023,0x0023,0x0023,0x0023,0x0023,
0x0023,0x0023,0x0023,0x0023,0x0023,0x0023,0x0023,0x0023,0x0023,0x0023,0x0023,0x0023,0x0022,0x0022,0x0022,0x0022,
0x0022,0x0022,0x0022,0x0022,0x0022,0x0022,0x0022,0x0022,0x0022,0x0022,0x0022,0x0022,0x0022,0x0022,0x0022,0x0022,
0x0022,0x0022,0x0022,0x0022,0x0022,0x0022,0x0022,0x0022,0x0022,0x0022,0x0022,0x0022,0x0022,0x0022,0x0022,0x0022,
0x0022,0x0022,0x0022,0x0022,0x0022,0x0022,0x0022,0x0021,0x0021,0x0021,0x0021,0x0021,0x0021,0x0021,0x0021,0x0021,
0x0021,0x0021,0x0021,0x0021,0x0021,0x0021,0x0021,0x0021,0x0021,0x0021,0x0021,0x0021,0x0021,0x0021,0x0021,0x0021,
0x0021,0x0021,0x0021,0x0021,0x0021,0x0021,0x0021,0x0021,0x0021,0x0021,0x0021,0x0021,0x0021,0x0021,0x0021,0x0021,
0x0021,0x0021,0x0021,0x0020,0x0020,0x0020,0x0020,0x0020,0x0020,0x0020,0x0020,0x0020,0x0020,0x0020,0x0020,0x0020,
0x0020,0x0020,0x0020,0x0020,0x0020,0x0020,0x0020,0x0020,0x0020,0x0020,0x0020,0x0020,0x0020,0x0020,0x0020,0x0020,
0x0020,0x0020,0x0020,0x0020,0x0020,0x0020,0x0020,0x0020,0x0020,0x0020,0x0020,0x0020,0x0020,0x0020,0x0020,0x0020,
0x001F,0x001F,0x001F,0x001F,0x001F,0x001F,0x001F,0x001F,0x001F,0x001F,0x001F,0x001F,0x001F,0x001F,0x001F,0x001F,
0x001F,0x001F,0x001F,0x001F,0x001F,0x001F,0x001F,0x001F,0x001F,0x001F,0x001F,0x001F,0x001F,0x001F,0x001F,0x001F,
0x001F,0x001F,0x001F,0x001F,0x001F,0x001F,0x001F,0x001F,0x001F,0x001F,0x001F,0x001F,0x001F,0x001F,0x001F,0x001E,
0x001E,0x001E,0x001E,0x001E,0x001E,0x001E,0x001E,0x001E,0x001E,0x001E,0x001E,0x001E,0x001E,0x001E,0x001E,0x001E,
0x001E,0x001E,0x001E,0x001E,0x001E,0x001E,0x001E,0x001E,0x001E,0x001E,0x001E,0x001E,0x001E,0x001E,0x001E,0x001E,
0x001E,0x001E,0x001E,0x001E,0x001E,0x001E,0x001E,0x001E,0x001E,0x001E,0x001E,0x001E,0x001E,0x001E,0x001E,0x001D,
0x001D,0x001D,0x001D,0x001D,0x001D,0x001D,0x001D,0x001D,0x001D,0x001D,0x001D,0x001D,0x001D,0x001D,0x001D,0x001D,
0x001D,0x001D,0x001D,0x001D,0x001D,0x001D,0x001D,0x001D,0x001D,0x001D,0x001D,0x001D,0x001D,0x001D,0x001D,0x001D,
0x001D,0x001D,0x001D,0x001D,0x001D,0x001D,0x001D,0x001D,0x001D,0x001D,0x001D,0x001D,0x001D,0x001D,0x001D,0x001D,
0x001D,0x001C,0x001C,0x001C,0x001C,0x001C,0x001C,0x001C,0x001C,0x001C,0x001C,0x001C,0x001C,0x001C,0x001C,0x001C,
0x001C,0x001C,0x001C,0x001C,0x001C,0x001C,0x001C,0x001C,0x001C,0x001C,0x001C,0x001C,0x001C,0x001C,0x001C,0x001C,
0x001C,0x001C,0x001C,0x001C,0x001C,0x001C,0x001C,0x001C,0x001C,0x001C,0x001C,0x001C,0x001C,0x001C,0x001C,0x001C,
0x001C,0x001C,0x001C,0x001C,0x001C,0x001B,0x001B,0x001B,0x001B,0x001B,0x001B,0x001B,0x001B,0x001B,0x001B,0x001B,
0x001B,0x001B,0x001B,0x001B,0x001B,0x001B,0x001B,0x001B,0x001B,0x001B,0x001B,0x001B,0x001B,0x001B,0x001B,0x001B,
0x001B,0x001B,0x001B,0x001B,0x001B,0x001B,0x001B,0x001B,0x001B,0x001B,0x001B,0x001B,0x001B,0x001B,0x001B,0x001B,
0x001B,0x001B,0x001B,0x001B,0x001B,0x001B,0x001B,0x001B,0x001B,0x001B,0x001B,0x001A,0x001A,0x001A,0x001A,0x001A,
0x001A,0x001A,0x001A,0x001A,0x001A,0x001A,0x001A,0x001A,0x001A,0x001A,0x001A,0x001A,0x001A,0x001A,0x001A,0x001A,
0x001A,0x001A,0x001A,0x001A,0x001A,0x001A,0x001A,0x001A,0x001A,0x001A,0x001A,0x001A,0x001A,0x001A,0x001A,0x001A,
0x001A,0x001A,0x001A,0x001A,0x001A,0x001A,0x001A,0x001A,0x001A,0x001A,0x001A,0x001A,0x001A,0x001A,0x001A,0x001A,
0x001A,0x001A,0x001A,0x0019,0x0019,0x0019,0x0019,0x0019,0x0019,0x0019,0x0019,0x0019,0x0019,0x0019,0x0019,0x0019,
0x0019,0x0019,0x0019,0x0019,0x0019,0x0019,0x0019,0x0019,0x0019,0x0019,0x0019,0x0019,0x0019,0x0019,0x0019,0x0019,
0x0019,0x0019,0x0019,0x0019,0x0019,0x0019,0x0019,0x0019,0x0019,0x0019,0x0019,0x0019,0x0019,0x0019,0x0019,0x0019,
0x0019,0x0019,0x0019,0x0019,0x0019,0x0019,0x0019,0x0019,0x0019,0x0019,0x0019,0x0019,0x0019,0x0018,0x0018,0x0018,
0x0018,0x0018,0x0018,0x0018,0x0018,0x0018,0x0018,0x0018,0x0018,0x0018,0x0018,0x0018,0x0018,0x0018,0x0018,0x0018,
0x0018,0x0018,0x0018,0x0018,0x0018,0x0018,0x0018,0x0018,0x0018,0x0018,0x0018,0x0018,0x0018,0x0018,0x0018,0x0018,
0x0018,0x0018,0x0018,0x0018,0x0018,0x0018,0x0018,0x0018,0x0018,0x0018,0x0018,0x0018,0x0018,0x0018,0x0018,0x0018,
0x0018,0x0018,0x0018,0x0018,0x0018,0x0018,0x0018,0x0018,0x0018,0x0017,0x0017,0x0017,0x0017,0x0017,0x0017,0x0017,
0x0017,0x0017,0x0017,0x0017,0x0017,0x0017,0x0017,0x0017,0x0017,0x0017,0x0017,0x0017,0x0017,0x0017,0x0017,0x0017,
0x0017,0x0017,0x0017,0x0017,0x0017,0x0017,0x0017,0x0017,0x0017,0x0017,0x0017,0x0017,0x0017,0x0017,0x0017,0x0017,
0x0017,0x0017,0x0017,0x0017,0x0017,0x0017,0x0017,0x0017,0x0017,0x0017,0x0017,0x0017,0x0017,0x0017,0x0017,0x0017,
0x0017,0x0017,0x0017,0x0017,0x0017,0x0017,0x0017,0x0017,0x0016,0x0016,0x0016,0x0016,0x0016,0x0016,0x0016,0x0016,
0x0016,0x0016,0x0016,0x0016,0x0016,0x0016,0x0016,0x0016,0x0016,0x0016,0x0016,0x0016,0x0016,0x0016,0x0016,0x0016,
0x0016,0x0016,0x0016,0x0016,0x0016,0x0016,0x0016,0x0016,0x0016,0x0016,0x0016,0x0016,0x0016,0x0016,0x0016,0x0016,
0x0016,0x0016,0x0016,0x0016,0x0016,0x0016,0x0016,0x0016,0x0016,0x0016,0x0016,0x0016,0x0016,0x0016,0x0016,0x0016,
0x0016,0x0016,0x0016,0x0016,0x0016,0x0016,0x0016,0x0016,0x0016,0x0016,0x0015,0x0015,0x0015,0x0015,0x0015,0x0015,
0x0015,0x0015,0x0015,0x0015,0x0015,0x0015,0x0015,0x0015,0x0015,0x0015,0x0015,0x0015,0x0015,0x0015,0x0015,0x0015,
0x0015,0x0015,0x0015,0x0015,0x0015,0x0015,0x0015,0x0015,0x0015,0x0015,0x0015,0x0015,0x0015,0x0015,0x0015,0x0015,
0x0015,0x0015,0x0015,0x0015,0x0015,0x0015,0x0015,0x0015,0x0015,0x0015,0x0015,0x0015,0x0015,0x0015,0x0015,0x0015,
0x0015,0x0015,0x0015,0x0015,0x0015,0x0015,0x0015,0x0015,0x0015,0x0015,0x0015,0x0015,0x0015,0x0015,0x0014,0x0014,
0x0014,0x0014,0x0014,0x0014,0x0014,0x0014,0x0014,0x0014,0x0014,0x0014,0x0014,0x0014,0x0014,0x0014,0x0014,0x0014,
0x0014,0x0014,0x0014,0x0014,0x0014,0x0014,0x0014,0x0014,0x0014,0x0014,0x0014,0x0014,0x0014,0x0014,0x0014,0x0014,
0x0014,0x0014,0x0014,0x0014,0x0014,0x0014,0x0014,0x0014,0x0014,0x0014,0x0014,0x0014,0x0014,0x0014,0x0014,0x0014,
0x0014,0x0014,0x0014,0x0014,0x0014,0x0014,0x0014,0x0014,0x0014,0x0014,0x0014,0x0014,0x0014,0x0014,0x0014,0x0014,
0x0014,0x0014,0x0014,0x0014,0x0014,0x0014,0x0013,0x0013,0x0013,0x0013,0x0013,0x0013,0x0013,0x0013,0x0013,0x0013,
0x0013,0x0013,0x0013,0x0013,0x0013,0x0013,0x0013,0x0013,0x0013,0x0013,0x0013,0x0013,0x0013,0x0013,0x0013,0x0013,
0x0013,0x0013,0x0013,0x0013,0x0013,0x0013,0x0013,0x0013,0x0013,0x0013,0x0013,0x0013,0x0013,0x0013,0x0013,0x0013,
0x0013,0x0013,0x0013,0x0013,0x0013,0x0013,0x0013,0x0013,0x0013,0x0013,0x0013,0x0013,0x0013,0x0013,0x0013,0x0013,
0x0013,0x0013,0x0013,0x0013,0x0013,0x0013,0x0013,0x0013,0x0013,0x0013,0x0013,0x0013,0x0013,0x0013,0x0013,0x0013,
0x0013,0x0013,0x0012,0x0012,0x0012,0x0012,0x0012,0x0012,0x0012,0x0012,0x0012,0x0012,0x0012,0x0012,0x0012,0x0012,
0x0012,0x0012,0x0012,0x0012,0x0012,0x0012,0x0012,0x0012,0x0012,0x0012,0x0012,0x0012,0x0012,0x0012,0x0012,0x0012,
0x0012,0x0012,0x0012,0x0012,0x0012,0x0012,0x0012,0x0012,0x0012,0x0012,0x0012,0x0012,0x0012,0x0012,0x0012,0x0012,
0x0012,0x0012,0x0012,0x0012,0x0012,0x0012,0x0012,0x0012,0x0012,0x0012,0x0012,0x0012,0x0012,0x0012,0x0012,0x0012,
0x0012,0x0012,0x0012,0x0012,0x0012,0x0012,0x0012,0x0012,0x0012,0x0012,0x0012,0x0012,0x0012,0x0012,0x0012,0x0012,
0x0012,0x0012,0x0011,0x0011,0x0011,0x0011,0x0011,0x0011,0x0011,0x0011,0x0011,0x0011,0x0011,0x0011,0x0011,0x0011,
0x0011,0x0011,0x0011,0x0011,0x0011,0x0011,0x0011,0x0011,0x0011,0x0011,0x0011,0x0011,0x0011,0x0011,0x0011,0x0011,
0x0011,0x0011,0x0011,0x0011,0x0011,0x0011,0x0011,0x0011,0x0011,0x0011,0x0011,0x0011,0x0011,0x0011,0x0011,0x0011,
0x0011,0x0011,0x0011,0x0011,0x0011,0x0011,0x0011,0x0011,0x0011,0x0011,0x0011,0x0011,0x0011,0x0011,0x0011,0x0011,
0x0011,0x0011,0x0011,0x0011,0x0011,0x0011,0x0011,0x0011,0x0011,0x0011,0x0011,0x0011,0x0011,0x0011,0x0011,0x0011,
0x0011,0x0011,0x0011,0x0011,0x0011,0x0011,0x0011,0x0010,0x0010,0x0010,0x0010,0x0010,0x0010,0x0010,0x0010,0x0010,
0x0010,0x0010,0x0010,0x0010,0x0010,0x0010,0x0010,0x0010,0x0010,0x0010,0x0010,0x0010,0x0010,0x0010,0x0010,0x0010,
0x0010,0x0010,0x0010,0x0010,0x0010,0x0010,0x0010,0x0010,0x0010,0x0010,0x0010,0x0010,0x0010,0x0010,0x0010,0x0010,
0x0010,0x0010,0x0010,0x0010,0x0010,0x0010,0x0010,0x0010,0x0010,0x0010,0x0010,0x0010,0x0010,0x0010,0x0010,0x0010,
0x0010,0x0010,0x0010,0x0010,0x0010,0x0010,0x0010,0x0010,0x0010,0x0010,0x0010,0x0010,0x0010,0x0010,0x0010,0x0010,
0x0010,0x0010,0x0010,0x0010,0x0010,0x0010,0x0010,0x0010,0x0010,0x0010,0x0010,0x0010,0x0010,0x0010,0x0010,0x0010,
0x000F,0x000F,0x000F,0x000F,0x000F,0x000F,0x000F,0x000F,0x000F,0x000F,0x000F,0x000F,0x000F,0x000F,0x000F,0x000F,
0x000F,0x000F,0x000F,0x000F,0x000F,0x000F,0x000F,0x000F,0x000F,0x000F,0x000F,0x000F,0x000F,0x000F,0x000F,0x000F,
0x000F,0x000F,0x000F,0x000F,0x000F,0x000F,0x000F,0x000F,0x000F,0x000F,0x000F,0x000F,0x000F,0x000F,0x000F,0x000F,
0x000F,0x000F,0x000F,0x000F,0x000F,0x000F,0x000F,0x000F,0x000F,0x000F,0x000F,0x000F,0x000F,0x000F,0x000F,0x000F,
0x000F,0x000F,0x000F,0x000F,0x000F,0x000F,0x000F,0x000F,0x000F,0x000F,0x000F,0x000F,0x000F,0x000F,0x000F,0x000F,
0x000F,0x000F,0x000F,0x000F,0x000F,0x000F,0x000F,0x000F,0x000F,0x000F,0x000F,0x000F,0x000F,0x000F,0x000F,0x000E,
0x000E,0x000E,0x000E,0x000E,0x000E,0x000E,0x000E,0x000E,0x000E,0x000E,0x000E,0x000E,0x000E,0x000E,0x000E,0x000E,
0x000E,0x000E,0x000E,0x000E,0x000E,0x000E,0x000E,0x000E,0x000E,0x000E,0x000E,0x000E,0x000E,0x000E,0x000E,0x000E,
0x000E,0x000E,0x000E,0x000E,0x000E,0x000E,0x000E,0x000E,0x000E,0x000E,0x000E,0x000E,0x000E,0x000E,0x000E,0x000E,
0x000E,0x000E,0x000E,0x000E,0x000E,0x000E,0x000E,0x000E,0x000E,0x000E,0x000E,0x000E,0x000E,0x000E,0x000E,0x000E,
0x000E,0x000E,0x000E,0x000E,0x000E,0x000E,0x000E,0x000E,0x000E,0x000E,0x000E,0x000E,0x000E,0x000E,0x000E,0x000E,
0x000E,0x000E,0x000E,0x000E,0x000E,0x000E,0x000E,0x000E,0x000E,0x000E,0x000E,0x000E,0x000E,0x000E,0x000E,0x000E,
0x000E,0x000E,0x000E,0x000E,0x000E,0x000D,0x000D,0x000D,0x000D,0x000D,0x000D,0x000D,0x000D,0x000D,0x000D,0x000D,
0x000D,0x000D,0x000D,0x000D,0x000D,0x000D,0x000D,0x000D,0x000D,0x000D,0x000D,0x000D,0x000D,0x000D,0x000D,0x000D,
0x000D,0x000D,0x000D,0x000D,0x000D,0x000D,0x000D,0x000D,0x000D,0x000D,0x000D,0x000D,0x000D,0x000D,0x000D,0x000D,
0x000D,0x000D,0x000D,0x000D,0x000D,0x000D,0x000D,0x000D,0x000D,0x000D,0x000D,0x000D,0x000D,0x000D,0x000D,0x000D,
0x000D,0x000D,0x000D,0x000D,0x000D,0x000D,0x000D,0x000D,0x000D,0x000D,0x000D,0x000D,0x000D,0x000D,0x000D,0x000D,
0x000D,0x000D,0x000D,0x000D,0x000D,0x000D,0x000D,0x000D,0x000D,0x000D,0x000D,0x000D,0x000D,0x000D,0x000D,0x000D,
0x000D,0x000D,0x000D,0x000D,0x000D,0x000D,0x000D,0x000D,0x000D,0x000D,0x000D,0x000D,0x000D,0x000D,0x000D,0x000D,
0x000D,0x000D,0x000D,0x000C,0x000C,0x000C,0x000C,0x000C,0x000C,0x000C,0x000C,0x000C,0x000C,0x000C,0x000C,0x000C,
0x000C,0x000C,0x000C,0x000C,0x000C,0x000C,0x000C,0x000C,0x000C,0x000C,0x000C,0x000C,0x000C,0x000C,0x000C,0x000C,
0x000C,0x000C,0x000C,0x000C,0x000C,0x000C,0x000C,0x000C,0x000C,0x000C,0x000C,0x000C,0x000C,0x000C,0x000C,0x000C,
0x000C,0x000C,0x000C,0x000C,0x000C,0x000C,0x000C,0x000C,0x000C,0x000C,0x000C,0x000C,0x000C,0x000C,0x000C,0x000C,
0x000C,0x000C,0x000C,0x000C,0x000C,0x000C,0x000C,0x000C,0x000C,0x000C,0x000C,0x000C,0x000C,0x000C,0x000C,0x000C,
0x000C,0x000C,0x000C,0x000C,0x000C,0x000C,0x000C,0x000C,0x000C,0x000C,0x000C,0x000C,0x000C,0x000C,0x000C,0x000C,
0x000C,0x000C,0x000C,0x000C,0x000C,0x000C,0x000C,0x000C,0x000C,0x000C,0x000C,0x000C,0x000C,0x000C,0x000C,0x000C,
0x000C,0x000C,0x000C,0x000C,0x000C,0x000C,0x000C,0x000C,0x000C,0x000B,0x000B,0x000B,0x000B,0x000B,0x000B,0x000B,
0x000B,0x000B,0x000B,0x000B,0x000B,0x000B,0x000B,0x000B,0x000B,0x000B,0x000B,0x000B,0x000B,0x000B,0x000B,0x000B,
0x000B,0x000B,0x000B,0x000B,0x000B,0x000B,0x000B,0x000B,0x000B,0x000B,0x000B,0x000B,0x000B,0x000B,0x000B,0x000B,
0x000B,0x000B,0x000B,0x000B,0x000B,0x000B,0x000B,0x000B,0x000B,0x000B,0x000B,0x000B,0x000B,0x000B,0x000B,0x000B,
0x000B,0x000B,0x000B,0x000B,0x000B,0x000B,0x000B,0x000B,0x000B,0x000B,0x000B,0x000B,0x000B,0x000B,0x000B,0x000B,
0x000B,0x000B,0x000B,0x000B,0x000B,0x000B,0x000B,0x000B,0x000B,0x000B,0x000B,0x000B,0x000B,0x000B,0x000B,0x000B,
0x000B,0x000B,0x000B,0x000B,0x000B,0x000B,0x000B,0x000B,0x000B,0x000B,0x000B,0x000B,0x000B,0x000B,0x000B,0x000B,
0x000B,0x000B,0x000B,0x000B,0x000B,0x000B,0x000B,0x000B,0x000B,0x000B,0x000B,0x000B,0x000B,0x000B,0x000B,0x000B,
0x000B,0x000B,0x000B,0x000B,0x000B,0x000B,0x000B,0x000B,0x000B,0x000B,0x000A,0x000A,0x000A,0x000A,0x000A,0x000A,
0x000A,0x000A,0x000A,0x000A,0x000A,0x000A,0x000A,0x000A,0x000A,0x000A,0x000A,0x000A,0x000A,0x000A,0x000A,0x000A,
0x000A,0x000A,0x000A,0x000A,0x000A,0x000A,0x000A,0x000A,0x000A,0x000A,0x000A,0x000A,0x000A,0x000A,0x000A,0x000A,
0x000A,0x000A,0x000A,0x000A,0x000A,0x000A,0x000A,0x000A,0x000A,0x000A,0x000A,0x000A,0x000A,0x000A,0x000A,0x000A,
0x000A,0x000A,0x000A,0x000A,0x000A,0x000A,0x000A,0x000A,0x000A,0x000A,0x000A,0x000A,0x000A,0x000A,0x000A,0x000A,
0x000A,0x000A,0x000A,0x000A,0x000A,0x000A,0x000A,0x000A,0x000A,0x000A,0x000A,0x000A,0x000A,0x000A,0x000A,0x000A,
0x000A,0x000A,0x000A,0x000A,0x000A,0x000A,0x000A,0x000A,0x000A,0x000A,0x000A,0x000A,0x000A,0x000A,0x000A,0x000A,
0x000A,0x000A,0x000A,0x000A,0x000A,0x000A,0x000A,0x000A,0x000A,0x000A,0x000A,0x000A,0x000A,0x000A,0x000A,0x000A,
0x000A,0x000A,0x000A,0x000A,0x000A,0x000A,0x000A,0x000A,0x000A,0x000A,0x000A,0x000A,0x000A,0x000A,0x000A,0x000A,
0x000A,0x000A,0x000A,0x000A,0x000A,0x000A,0x0009,0x0009,0x0009,0x0009,0x0009,0x0009,0x0009,0x0009,0x0009,0x0009,
0x0009,0x0009,0x0009,0x0009,0x0009,0x0009,0x0009,0x0009,0x0009,0x0009,0x0009,0x0009,0x0009,0x0009,0x0009,0x0009,
0x0009,0x0009,0x0009,0x0009,0x0009,0x0009,0x0009,0x0009,0x0009,0x0009,0x0009,0x0009,0x0009,0x0009,0x0009,0x0009,
0x0009,0x0009,0x0009,0x0009,0x0009,0x0009,0x0009,0x0009,0x0009,0x0009,0x0009,0x0009,0x0009,0x0009,0x0009,0x0009,
0x0009,0x0009,0x0009,0x0009,0x0009,0x0009,0x0009,0x0009,0x0009,0x0009,0x0009,0x0009,0x0009,0x0009,0x0009,0x0009,
0x0009,0x0009,0x0009,0x0009,0x0009,0x0009,0x0009,0x0009,0x0009,0x0009,0x0009,0x0009,0x0009,0x0009,0x0009,0x0009,
0x0009,0x0009,0x0009,0x0009,0x0009,0x0009,0x0009,0x0009,0x0009,0x0009,0x0009,0x0009,0x0009,0x0009,0x0009,0x0009,
0x0009,0x0009,0x0009,0x0009,0x0009,0x0009,0x0009,0x0009,0x0009,0x0009,0x0009,0x0009,0x0009,0x0009,0x0009,0x0009,
0x0009,0x0009,0x0009,0x0009,0x0009,0x0009,0x0009,0x0009,0x0009,0x0009,0x0009,0x0009,0x0009,0x0009,0x0009,0x0009,
0x0009,0x0009,0x0009,0x0009,0x0009,0x0009,0x0009,0x0009,0x0009,0x0009,0x0009,0x0009,0x0009,0x0009,0x0009,0x0009,
0x0009,0x0009,0x0008,0x0008,0x0008,0x0008,0x0008,0x0008,0x0008,0x0008,0x0008,0x0008,0x0008,0x0008,0x0008,0x0008,
0x0008,0x0008,0x0008,0x0008,0x0008,0x0008,0x0008,0x0008,0x0008,0x0008,0x0008,0x0008,0x0008,0x0008,0x0008,0x0008,
0x0008,0x0008,0x0008,0x0008,0x0008,0x0008,0x0008,0x0008,0x0008,0x0008,0x0008,0x0008,0x0008,0x0008,0x0008,0x0008,
0x0008,0x0008,0x0008,0x0008,0x0008,0x0008,0x0008,0x0008,0x0008,0x0008,0x0008,0x0008,0x0008,0x0008,0x0008,0x0008,
0x0008,0x0008,0x0008,0x0008,0x0008,0x0008,0x0008,0x0008,0x0008,0x0008,0x0008,0x0008,0x0008,0x0008,0x0008,0x0008,
0x0008,0x0008,0x0008,0x0008,0x0008,0x0008,0x0008,0x0008,0x0008,0x0008,0x0008,0x0008,0x0008,0x0008,0x0008,0x0008,
0x0008,0x0008,0x0008,0x0008,0x0008,0x0008,0x0008,0x0008,0x0008,0x0008,0x0008,0x0008,0x0008,0x0008,0x0008,0x0008,
0x0008,0x0008,0x0008,0x0008,0x0008,0x0008,0x0008,0x0008,0x0008,0x0008,0x0008,0x0008,0x0008,0x0008,0x0008,0x0008,
0x0008,0x0008,0x0008,0x0008,0x0008,0x0008,0x0008,0x0008,0x0008,0x0008,0x0008,0x0008,0x0008,0x0008,0x0008,0x0008,
0x0008,0x0008,0x0008,0x0008,0x0008,0x0008,0x0008,0x0008,0x0008,0x0008,0x0008,0x0008,0x0008,0x0008,0x0008,0x0008,
0x0008,0x0008,0x0008,0x0008,0x0008,0x0008,0x0008,0x0008,0x0008,0x0008,0x0008,0x0008,0x0008,0x0008,0x0008,0x0008,
0x0007,0x0007,0x0007,0x0007,0x0007,0x0007,0x0007,0x0007,0x0007,0x0007,0x0007,0x0007,0x0007,0x0007,0x0007,0x0007,
0x0007,0x0007,0x0007,0x0007,0x0007,0x0007,0x0007,0x0007,0x0007,0x0007,0x0007,0x0007,0x0007,0x0007,0x0007,0x0007,
0x0007,0x0007,0x0007,0x0007,0x0007,0x0007,0x0007,0x0007,0x0007,0x0007,0x0007,0x0007,0x0007,0x0007,0x0007,0x0007,
0x0007,0x0007,0x0007,0x0007,0x0007,0x0007,0x0007,0x0007,0x0007,0x0007,0x0007,0x0007,0x0007,0x0007,0x0007,0x0007,
0x0007,0x0007,0x0007,0x0007,0x0007,0x0007,0x0007,0x0007,0x0007,0x0007,0x0007,0x0007,0x0007,0x0007,0x0007,0x0007,
0x0007,0x0007,0x0007,0x0007,0x0007,0x0007,0x0007,0x0007,0x0007,0x0007,0x0007,0x0007,0x0007,0x0007,0x0007,0x0007,
0x0007,0x0007,0x0007,0x0007,0x0007,0x0007,0x0007,0x0007,0x0007,0x0007,0x0007,0x0007,0x0007,0x0007,0x0007,0x0007,
0x0007,0x0007,0x0007,0x0007,0x0007,0x0007,0x0007,0x0007,0x0007,0x0007,0x0007,0x0007,0x0007,0x0007,0x0007,0x0007,
0x0007,0x0007,0x0007,0x0007,0x0007,0x0007,0x0007,0x0007,0x0007,0x0007,0x0007,0x0007,0x0007,0x0007,0x0007,0x0007,
0x0007,0x0007,0x0007,0x0007,0x0007,0x0007,0x0007,0x0007,0x0007,0x0007,0x0007,0x0007,0x0007,0x0007,0x0007,0x0007,
0x0007,0x0007,0x0007,0x0007,0x0007,0x0007,0x0007,0x0007,0x0007,0x0007,0x0007,0x0007,0x0007,0x0007,0x0007,0x0007,
0x0007,0x0007,0x0007,0x0007,0x0007,0x0007,0x0007,0x0007,0x0007,0x0007,0x0007,0x0007,0x0007,0x0007,0x0007,0x0007,
0x0007,0x0007,0x0007,0x0007,0x0007,0x0006,0x0006,0x0006,0x0006,0x0006,0x0006,0x0006,0x0006,0x0006,0x0006,0x0006,
0x0006,0x0006,0x0006,0x0006,0x0006,0x0006,0x0006,0x0006,0x0006,0x0006,0x0006,0x0006,0x0006,0x0006,0x0006,0x0006,
0x0006,0x0006,0x0006,0x0006,0x0006,0x0006,0x0006,0x0006,0x0006,0x0006,0x0006,0x0006,0x0006,0x0006,0x0006,0x0006,
0x0006,0x0006,0x0006,0x0006,0x0006,0x0006,0x0006,0x0006,0x0006,0x0006,0x0006,0x0006,0x0006,0x0006,0x0006,0x0006,
0x0006,0x0006,0x0006,0x0006,0x0006,0x0006,0x0006,0x0006,0x0006,0x0006,0x0006,0x0006,0x0006,0x0006,0x0006,0x0006,
0x0006,0x0006,0x0006,0x0006,0x0006,0x0006,0x0006,0x0006,0x0006,0x0006,0x0006,0x0006,0x0006,0x0006,0x0006,0x0006,
0x0006,0x0006,0x0006,0x0006,0x0006,0x0006,0x0006,0x0006,0x0006,0x0006,0x0006,0x0006,0x0006,0x0006,0x0006,0x0006,
0x0006,0x0006,0x0006,0x0006,0x0006,0x0006,0x0006,0x0006,0x0006,0x0006,0x0006,0x0006,0x0006,0x0006,0x0006,0x0006,
0x0006,0x0006,0x0006,0x0006,0x0006,0x0006,0x0006,0x0006,0x0006,0x0006,0x0006,0x0006,0x0006,0x0006,0x0006,0x0006,
0x0006,0x0006,0x0006,0x0006,0x0006,0x0006,0x0006,0x0006,0x0006,0x0006,0x0006,0x0006,0x0006,0x0006,0x0006,0x0006,
0x0006,0x0006,0x0006,0x0006,0x0006,0x0006,0x0006,0x0006,0x0006,0x0006,0x0006,0x0006,0x0006,0x0006,0x0006,0x0006,
0x0006,0x0006,0x0006,0x0006,0x0006,0x0006,0x0006,0x0006,0x0006,0x0006,0x0006,0x0006,0x0006,0x0006,0x0006,0x0006,
0x0006,0x0006,0x0006,0x0006,0x0006,0x0006,0x0006,0x0006,0x0006,0x0006,0x0006,0x0006,0x0006,0x0006,0x0006,0x0006,
0x0006,0x0006,0x0006,0x0006,0x0006,0x0006,0x0006,0x0006,0x0006,0x0006,0x0006,0x0006,0x0006,0x0006,0x0006,0x0006,
0x0006,0x0006,0x0006,0x0006,0x0006,0x0006,0x0006,0x0006,0x0006,0x0005,0x0005,0x0005,0x0005,0x0005,0x0005,0x0005,
0x0005,0x0005,0x0005,0x0005,0x0005,0x0005,0x0005,0x0005,0x0005,0x0005,0x0005,0x0005,0x0005,0x0005,0x0005,0x0005,
0x0005,0x0005,0x0005,0x0005,0x0005,0x0005,0x0005,0x0005,0x0005,0x0005,0x0005,0x0005,0x0005,0x0005,0x0005,0x0005,
0x0005,0x0005,0x0005,0x0005,0x0005,0x0005,0x0005,0x0005,0x0005,0x0005,0x0005,0x0005,0x0005,0x0005,0x0005,0x0005,
0x0005,0x0005,0x0005,0x0005,0x0005,0x0005,0x0005,0x0005,0x0005,0x0005,0x0005,0x0005,0x0005,0x0005,0x0005,0x0005,
0x0005,0x0005,0x0005,0x0005,0x0005,0x0005,0x0005,0x0005,0x0005,0x0005,0x0005,0x0005,0x0005,0x0005,0x0005,0x0005,
0x0005,0x0005,0x0005,0x0005,0x0005,0x0005,0x0005,0x0005,0x0005,0x0005,0x0005,0x0005,0x0005,0x0005,0x0005,0x0005,
0x0005,0x0005,0x0005,0x0005,0x0005,0x0005,0x0005,0x0005,0x0005,0x0005,0x0005,0x0005,0x0005,0x0005,0x0005,0x0005,
0x0005,0x0005,0x0005,0x0005,0x0005,0x0005,0x0005,0x0005,0x0005,0x0005,0x0005,0x0005,0x0005,0x0005,0x0005,0x0005,
0x0005,0x0005,0x0005,0x0005,0x0005,0x0005,0x0005,0x0005,0x0005,0x0005,0x0005,0x0005,0x0005,0x0005,0x0005,0x0005,
0x0005,0x0005,0x0005,0x0005,0x0005,0x0005,0x0005,0x0005,0x0005,0x0005,0x0005,0x0005,0x0005,0x0005,0x0005,0x0005,
0x0005,0x0005,0x0005,0x0005,0x0005,0x0005,0x0005,0x0005,0x0005,0x0005,0x0005,0x0005,0x0005,0x0005,0x0005,0x0005,
0x0005,0x0005,0x0005,0x0005,0x0005,0x0005,0x0005,0x0005,0x0005,0x0005,0x0005,0x0005,0x0005,0x0005,0x0005,0x0005,
0x0005,0x0005,0x0005,0x0005,0x0005,0x0005,0x0005,0x0005,0x0005,0x0005,0x0005,0x0005,0x0005,0x0005,0x0005,0x0005,
0x0005,0x0005,0x0005,0x0005,0x0005,0x0005,0x0005,0x0005,0x0005,0x0005,0x0005,0x0005,0x0005,0x0005,0x0005,0x0005,
0x0005,0x0005,0x0005,0x0005,0x0005,0x0005,0x0005,0x0005,0x0005,0x0005,0x0005,0x0005,0x0005,0x0005,0x0005,0x0005,
0x0005,0x0005,0x0005,0x0005,0x0005,0x0005,0x0005,0x0005,0x0005,0x0005,0x0005,0x0005,0x0005,0x0005,0x0005,0x0005,
0x0005,0x0005,0x0005,0x0005,0x0005,0x0005,0x0004,0x0004,0x0004,0x0004,0x0004,0x0004,0x0004,0x0004,0x0004,0x0004,
0x0004,0x0004,0x0004,0x0004,0x0004,0x0004,0x0004,0x0004,0x0004,0x0004,0x0004,0x0004,0x0004,0x0004,0x0004,0x0004,
0x0004,0x0004,0x0004,0x0004,0x0004,0x0004,0x0004,0x0004,0x0004,0x0004,0x0004,0x0004,0x0004,0x0004,0x0004,0x0004,
0x0004,0x0004,0x0004,0x0004,0x0004,0x0004,0x0004,0x0004,0x0004,0x0004,0x0004,0x0004,0x0004,0x0004,0x0004,0x0004,
0x0004,0x0004,0x0004,0x0004,0x0004,0x0004,0x0004,0x0004,0x0004,0x0004,0x0004,0x0004,0x0004,0x0004,0x0004,0x0004,
0x0004,0x0004,0x0004,0x0004,0x0004,0x0004,0x0004,0x0004,0x0004,0x0004,0x0004,0x0004,0x0004,0x0004,0x0004,0x0004,
0x0004,0x0004,0x0004,0x0004,0x0004,0x0004,0x0004,0x0004,0x0004,0x0004,0x0004,0x0004,0x0004,0x0004,0x0004,0x0004,
0x0004,0x0004,0x0004,0x0004,0x0004,0x0004,0x0004,0x0004,0x0004,0x0004,0x0004,0x0004,0x0004,0x0004,0x0004,0x0004,
0x0004,0x0004,0x0004,0x0004,0x0004,0x0004,0x0004,0x0004,0x0004,0x0004,0x0004,0x0004,0x0004,0x0004,0x0004,0x0004,
0x0004,0x0004,0x0004,0x0004,0x0004,0x0004,0x0004,0x0004,0x0004,0x0004,0x0004,0x0004,0x0004,0x0004,0x0004,0x0004,
0x0004,0x0004,0x0004,0x0004,0x0004,0x0004,0x0004,0x0004,0x0004,0x0004,0x0004,0x0004,0x0004,0x0004,0x0004,0x0004,
0x0004,0x0004,0x0004,0x0004,0x0004,0x0004,0x0004,0x0004,0x0004,0x0004,0x0004,0x0004,0x0004,0x0004,0x0004,0x0004,
0x0004,0x0004,0x0004,0x0004,0x0004,0x0004,0x0004,0x0004,0x0004,0x0004,0x0004,0x0004,0x0004,0x0004,0x0004,0x0004,
0x0004,0x0004,0x0004,0x0004,0x0004,0x0004,0x0004,0x0004,0x0004,0x0004,0x0004,0x0004,0x0004,0x0004,0x0004,0x0004,
0x0004,0x0004,0x0004,0x0004,0x0004,0x0004,0x0004,0x0004,0x0004,0x0004,0x0004,0x0004,0x0004,0x0004,0x0004,0x0004,
0x0004,0x0004,0x0004,0x0004,0x0004,0x0004,0x0004,0x0004,0x0004,0x0004,0x0004,0x0004,0x0004,0x0004,0x0004,0x0004,
0x0004,0x0004,0x0004,0x0004,0x0004,0x0004,0x0004,0x0004,0x0004,0x0004,0x0004,0x0004,0x0004,0x0004,0x0004,0x0004,
0x0004,0x0004,0x0004,0x0004,0x0004,0x0004,0x0004,0x0004,0x0004,0x0004,0x0004,0x0004,0x0004,0x0004,0x0004,0x0004,
0x0004,0x0004,0x0004,0x0004,0x0004,0x0004,0x0004,0x0004,0x0004,0x0004,0x0004,0x0004,0x0004,0x0004,0x0004,0x0004,
0x0004,0x0004,0x0004,0x0004,0x0004,0x0004,0x0004,0x0004,0x0004,0x0004,0x0004,0x0004,0x0004,0x0004,0x0004,0x0004,
0x0004,0x0004,0x0004,0x0004,0x0004,0x0004,0x0004,0x0004,0x0004,0x0004,0x0004,0x0004,0x0004,0x0004,0x0004,0x0004,
0x0003,0x0003,0x0003,0x0003,0x0003,0x0003,0x0003,0x0003,0x0003,0x0003,0x0003,0x0003,0x0003,0x0003,0x0003,0x0003,
0x0003,0x0003,0x0003,0x0003,0x0003,0x0003,0x0003,0x0003,0x0003,0x0003,0x0003,0x0003,0x0003,0x0003,0x0003,0x0003,
0x0003,0x0003,0x0003,0x0003,0x0003,0x0003,0x0003,0x0003,0x0003,0x0003,0x0003,0x0003,0x0003,0x0003,0x0003,0x0003,
0x0003,0x0003,0x0003,0x0003,0x0003,0x0003,0x0003,0x0003,0x0003,0x0003,0x0003,0x0003,0x0003,0x0003,0x0003,0x0003,
0x0003,0x0003,0x0003,0x0003,0x0003,0x0003,0x0003,0x0003,0x0003,0x0003,0x0003,0x0003,0x0003,0x0003,0x0003,0x0003,
0x0003,0x0003,0x0003,0x0003,0x0003,0x0003,0x0003,0x0003,0x0003,0x0003,0x0003,0x0003,0x0003,0x0003,0x0003,0x0003,
0x0003,0x0003,0x0003,0x0003,0x0003,0x0003,0x0003,0x0003,0x0003,0x0003,0x0003,0x0003,0x0003,0x0003,0x0003,0x0003,
0x0003,0x0003,0x0003,0x0003,0x0003,0x0003,0x0003,0x0003,0x0003,0x0003,0x0003,0x0003,0x0003,0x0003,0x0003,0x0003,
0x0003,0x0003,0x0003,0x0003,0x0003,0x0003,0x0003,0x0003,0x0003,0x0003,0x0003,0x0003,0x0003,0x0003,0x0003,0x0003,
0x0003,0x0003,0x0003,0x0003,0x0003,0x0003,0x0003,0x0003,0x0003,0x0003,0x0003,0x0003,0x0003,0x0003,0x0003,0x0003,
0x0003,0x0003,0x0003,0x0003,0x0003,0x0003,0x0003,0x0003,0x0003,0x0003,0x0003,0x0003,0x0003,0x0003,0x0003,0x0003,
0x0003,0x0003,0x0003,0x0003,0x0003,0x0003,0x0003,0x0003,0x0003,0x0003,0x0003,0x0003,0x0003,0x0003,0x0003,0x0003,
0x0003,0x0003,0x0003,0x0003,0x0003,0x0003,0x0003,0x0003,0x0003,0x0003,0x0003,0x0003,0x0003,0x0003,0x0003,0x0003,
0x0003,0x0003,0x0003,0x0003,0x0003,0x0003,0x0003,0x0003,0x0003,0x0003,0x0003,0x0003,0x0003,0x0003,0x0003,0x0003,
0x0003,0x0003,0x0003,0x0003,0x0003,0x0003,0x0003,0x0003,0x0003,0x0003,0x0003,0x0003,0x0003,0x0003,0x0003,0x0003,
0x0003,0x0003,0x0003,0x0003,0x0003,0x0003,0x0003,0x0003,0x0003,0x0003,0x0003,0x0003,0x0003,0x0003,0x0003,0x0003,
0x0003,0x0003,0x0003,0x0003,0x0003,0x0003,0x0003,0x0003,0x0003,0x0003,0x0003,0x0003,0x0003,0x0003,0x0003,0x0003,
0x0003,0x0003,0x0003,0x0003,0x0003,0x0003,0x0003,0x0003,0x0003,0x0003,0x0003,0x0003,0x0003,0x0003,0x0003,0x0003,
0x0003,0x0003,0x0003,0x0003,0x0003,0x0003,0x0003,0x0003,0x0003,0x0003,0x0003,0x0003,0x0003,0x0003,0x0003,0x0003,
0x0003,0x0003,0x0003,0x0003,0x0003,0x0003,0x0003,0x0003,0x0003,0x0003,0x0003,0x0003,0x0003,0x0003,0x0003,0x0003,
0x0003,0x0003,0x0003,0x0003,0x0003,0x0003,0x0003,0x0003,0x0003,0x0003,0x0003,0x0003,0x0003,0x0003,0x0003,0x0003,
0x0003,0x0003,0x0003,0x0003,0x0003,0x0003,0x0003,0x0003,0x0003,0x0003,0x0003,0x0003,0x0003,0x0003,0x0003,0x0003,
0x0003,0x0003,0x0003,0x0003,0x0003,0x0003,0x0003,0x0003,0x0003,0x0003,0x0003,0x0003,0x0003,0x0003,0x0003,0x0003,
0x0003,0x0003,0x0003,0x0003,0x0003,0x0003,0x0003,0x0003,0x0003,0x0003,0x0003,0x0003,0x0003,0x0003,0x0003,0x0003,
0x0003,0x0003,0x0003,0x0003,0x0003,0x0003,0x0003,0x0003,0x0003,0x0003,0x0003,0x0003,0x0003,0x0003,0x0003,0x0003,
0x0003,0x0003,0x0003,0x0003,0x0003,0x0003,0x0003,0x0003,0x0003,0x0003,0x0003,0x0003,0x0003,0x0003,0x0003,0x0003,
0x0003,0x0003,0x0003,0x0003,0x0003,0x0003,0x0003,0x0003,0x0003,0x0002,0x0002,0x0002,0x0002,0x0002,0x0002,0x0002,
0x0002,0x0002,0x0002,0x0002,0x0002,0x0002,0x0002,0x0002,0x0002,0x0002,0x0002,0x0002,0x0002,0x0002,0x0002,0x0002,
0x0002,0x0002,0x0002,0x0002,0x0002,0x0002,0x0002,0x0002,0x0002,0x0002,0x0002,0x0002,0x0002,0x0002,0x0002,0x0002,
0x0002,0x0002,0x0002,0x0002,0x0002,0x0002,0x0002,0x0002,0x0002,0x0002,0x0002,0x0002,0x0002,0x0002,0x0002,0x0002,
0x0002,0x0002,0x0002,0x0002,0x0002,0x0002,0x0002,0x0002,0x0002,0x0002,0x0002,0x0002,0x0002,0x0002,0x0002,0x0002,
0x0002,0x0002,0x0002,0x0002,0x0002,0x0002,0x0002,0x0002,0x0002,0x0002,0x0002,0x0002,0x0002,0x0002,0x0002,0x0002,
0x0002,0x0002,0x0002,0x0002,0x0002,0x0002,0x0002,0x0002,0x0002,0x0002,0x0002,0x0002,0x0002,0x0002,0x0002,0x0002,
0x0002,0x0002,0x0002,0x0002,0x0002,0x0002,0x0002,0x0002,0x0002,0x0002,0x0002,0x0002,0x0002,0x0002,0x0002,0x0002,
0x0002,0x0002,0x0002,0x0002,0x0002,0x0002,0x0002,0x0002,0x0002,0x0002,0x0002,0x0002,0x0002,0x0002,0x0002,0x0002,
0x0002,0x0002,0x0002,0x0002,0x0002,0x0002,0x0002,0x0002,0x0002,0x0002,0x0002,0x0002,0x0002,0x0002,0x0002,0x0002,
0x0002,0x0002,0x0002,0x0002,0x0002,0x0002,0x0002,0x0002,0x0002,0x0002,0x0002,0x0002,0x0002,0x0002,0x0002,0x0002,
0x0002,0x0002,0x0002,0x0002,0x0002,0x0002,0x0002,0x0002,0x0002,0x0002,0x0002,0x0002,0x0002,0x0002,0x0002,0x0002,
0x0002,0x0002,0x0002,0x0002,0x0002,0x0002,0x0002,0x0002,0x0002,0x0002,0x0002,0x0002,0x0002,0x0002,0x0002,0x0002,
0x0002,0x0002,0x0002,0x0002,0x0002,0x0002,0x0002,0x0002,0x0002,0x0002,0x0002,0x0002,0x0002,0x0002,0x0002,0x0002,
0x0002,0x0002,0x0002,0x0002,0x0002,0x0002,0x0002,0x0002,0x0002,0x0002,0x0002,0x0002,0x0002,0x0002,0x0002,0x0002,
0x0002,0x0002,0x0002,0x0002,0x0002,0x0002,0x0002,0x0002,0x0002,0x0002,0x0002,0x0002,0x0002,0x0002,0x0002,0x0002,
0x0002,0x0002,0x0002,0x0002,0x0002,0x0002,0x0002,0x0002,0x0002,0x0002,0x0002,0x0002,0x0002,0x0002,0x0002,0x0002,
0x0002,0x0002,0x0002,0x0002,0x0002,0x0002,0x0002,0x0002,0x0002,0x0002,0x0002,0x0002,0x0002,0x0002,0x0002,0x0002,
0x0002,0x0002,0x0002,0x0002,0x0002,0x0002,0x0002,0x0002,0x0002,0x0002,0x0002,0x0002,0x0002,0x0002,0x0002,0x0002,
0x0002,0x0002,0x0002,0x0002,0x0002,0x0002,0x0002,0x0002,0x0002,0x0002,0x0002,0x0002,0x0002,0x0002,0x0002,0x0002,
0x0002,0x0002,0x0002,0x0002,0x0002,0x0002,0x0002,0x0002,0x0002,0x0002,0x0002,0x0002,0x0002,0x0002,0x0002,0x0002,
0x0002,0x0002,0x0002,0x0002,0x0002,0x0002,0x0002,0x0002,0x0002,0x0002,0x0002,0x0002,0x0002,0x0002,0x0002,0x0002,
0x0002,0x0002,0x0002,0x0002,0x0002,0x0002,0x0002,0x0002,0x0002,0x0002,0x0002,0x0002,0x0002,0x0002,0x0002,0x0002,
0x0002,0x0002,0x0002,0x0002,0x0002,0x0002,0x0002,0x0002,0x0002,0x0002,0x0002,0x0002,0x0002,0x0002,0x0002,0x0002,
0x0002,0x0002,0x0002,0x0002,0x0002,0x0002,0x0002,0x0002,0x0002,0x0002,0x0002,0x0002,0x0002,0x0002,0x0002,0x0002,
0x0002,0x0002,0x0002,0x0002,0x0002,0x0002,0x0002,0x0002,0x0002,0x0002,0x0002,0x0002,0x0002,0x0002,0x0002,0x0002,
0x0002,0x0002,0x0002,0x0002,0x0002,0x0002,0x0002,0x0002,0x0002,0x0002,0x0002,0x0002,0x0002,0x0002,0x0002,0x0002,
0x0002,0x0002,0x0002,0x0002,0x0002,0x0002,0x0002,0x0002,0x0002,0x0002,0x0002,0x0002,0x0002,0x0002,0x0002,0x0002,
0x0002,0x0002,0x0002,0x0002,0x0002,0x0002,0x0002,0x0002,0x0002,0x0002,0x0002,0x0002,0x0002,0x0002,0x0002,0x0002,
0x0002,0x0002,0x0002,0x0002,0x0002,0x0002,0x0002,0x0002,0x0002,0x0002,0x0002,0x0002,0x0002,0x0002,0x0002,0x0002,
0x0002,0x0002,0x0002,0x0002,0x0002,0x0002,0x0002,0x0002,0x0002,0x0002,0x0002,0x0002,0x0002,0x0002,0x0002,0x0002,
0x0002,0x0002,0x0002,0x0002,0x0002,0x0002,0x0002,0x0002,0x0002,0x0002,0x0002,0x0002,0x0002,0x0002,0x0002,0x0002,
0x0002,0x0002,0x0002,0x0002,0x0002,0x0002,0x0002,0x0002,0x0002,0x0002,0x0002,0x0002,0x0002,0x0002,0x0002,0x0002,
0x0002,0x0002,0x0002,0x0002,0x0002,0x0002,0x0002,0x0002,0x0002,0x0002,0x0002,0x0002,0x0002,0x0002,0x0002,0x0002,
0x0002,0x0002,0x0002,0x0002,0x0002,0x0002,0x0002,0x0002,0x0002,0x0002,0x0002,0x0002,0x0002,0x0002,0x0002,0x0002,
0x0002,0x0002,0x0002,0x0002,0x0002,0x0002,0x0002,0x0002,0x0002,0x0002,0x0002,0x0002,0x0002,0x0002,0x0002,0x0002,
0x0002,0x0002,0x0002,0x0002,0x0002,0x0002,0x0002,0x0002,0x0002,0x0002,0x0002,0x0002,0x0002,0x0002,0x0002,0x0002,
0x0002,0x0002,0x0002,0x0002,0x0002,0x0002,0x0002,0x0002,0x0002,0x0002,0x0002,0x0002,0x0002,0x0002,0x0002,0x0002,
0x0001,0x0001,0x0001,0x0001,0x0001,0x0001,0x0001,0x0001,0x0001,0x0001,0x0001,0x0001,0x0001,0x0001,0x0001,0x0001,
0x0001,0x0001,0x0001,0x0001,0x0001,0x0001,0x0001,0x0001,0x0001,0x0001,0x0001,0x0001,0x0001,0x0001,0x0001,0x0001,
0x0001,0x0001,0x0001,0x0001,0x0001,0x0001,0x0001,0x0001,0x0001,0x0001,0x0001,0x0001,0x0001,0x0001,0x0001,0x0001,
0x0001,0x0001,0x0001,0x0001,0x0001,0x0001,0x0001,0x0001,0x0001,0x0001,0x0001,0x0001,0x0001,0x0001,0x0001,0x0001,
0x0001,0x0001,0x0001,0x0001,0x0001,0x0001,0x0001,0x0001,0x0001,0x0001,0x0001,0x0001,0x0001,0x0001,0x0001,0x0001,
0x0001,0x0001,0x0001,0x0001,0x0001,0x0001,0x0001,0x0001,0x0001,0x0001,0x0001,0x0001,0x0001,0x0001,0x0001,0x0001,
0x0001,0x0001,0x0001,0x0001,0x0001,0x0001,0x0001,0x0001,0x0001,0x0001,0x0001,0x0001,0x0001,0x0001,0x0001,0x0001,
0x0001,0x0001,0x0001,0x0001,0x0001,0x0001,0x0001,0x0001,0x0001,0x0001,0x0001,0x0001,0x0001,0x0001,0x0001,0x0001,
0x0001,0x0001,0x0001,0x0001,0x0001,0x0001,0x0001,0x0001,0x0001,0x0001,0x0001,0x0001,0x0001,0x0001,0x0001,0x0001,
0x0001,0x0001,0x0001,0x0001,0x0001,0x0001,0x0001,0x0001,0x0001,0x0001,0x0001,0x0001,0x0001,0x0001,0x0001,0x0001,
0x0001,0x0001,0x0001,0x0001,0x0001,0x0001,0x0001,0x0001,0x0001,0x0001,0x0001,0x0001,0x0001,0x0001,0x0001,0x0001,
0x0001,0x0001,0x0001,0x0001,0x0001,0x0001,0x0001,0x0001,0x0001,0x0001,0x0001,0x0001,0x0001,0x0001,0x0001,0x0001,
0x0001,0x0001,0x0001,0x0001,0x0001,0x0001,0x0001,0x0001,0x0001,0x0001,0x0001,0x0001,0x0001,0x0001,0x0001,0x0001,
0x0001,0x0001,0x0001,0x0001,0x0001,0x0001,0x0001,0x0001,0x0001,0x0001,0x0001,0x0001,0x0001,0x0001,0x0001,0x0001,
0x0001,0x0001,0x0001,0x0001,0x0001,0x0001,0x0001,0x0001,0x0001,0x0001,0x0001,0x0001,0x0001,0x0001,0x0001,0x0001,
0x0001,0x0001,0x0001,0x0001,0x0001,0x0001,0x0001,0x0001,0x0001,0x0001,0x0001,0x0001,0x0001,0x0001,0x0001,0x0001,
0x0001,0x0001,0x0001,0x0001,0x0001,0x0001,0x0001,0x0001,0x0001,0x0001,0x0001,0x0001,0x0001,0x0001,0x0001,0x0001,
0x0001,0x0001,0x0001,0x0001,0x0001,0x0001,0x0001,0x0001,0x0001,0x0001,0x0001,0x0001,0x0001,0x0001,0x0001,0x0001,
0x0001,0x0001,0x0001,0x0001,0x0001,0x0001,0x0001,0x0001,0x0001,0x0001,0x0001,0x0001,0x0001,0x0001,0x0001,0x0001,
0x0001,0x0001,0x0001,0x0001,0x0001,0x0001,0x0001,0x0001,0x0001,0x0001,0x0001,0x0001,0x0001,0x0001,0x0001,0x0001,
0x0001,0x0001,0x0001,0x0001,0x0001,0x0001,0x0001,0x0001,0x0001,0x0001,0x0001,0x0001,0x0001,0x0001,0x0001,0x0001,
0x0001,0x0001,0x0001,0x0001,0x0001,0x0001,0x0001,0x0001,0x0001,0x0001,0x0001,0x0001,0x0001,0x0001,0x0001,0x0001,
0x0001,0x0001,0x0001,0x0001,0x0001,0x0001,0x0001,0x0001,0x0001,0x0001,0x0001,0x0001,0x0001,0x0001,0x0001,0x0001,
0x0001,0x0001,0x0001,0x0001,0x0001,0x0001,0x0001,0x0001,0x0001,0x0001,0x0001,0x0001,0x0001,0x0001,0x0001,0x0001,
0x0001,0x0001,0x0001,0x0001,0x0001,0x0001,0x0001,0x0001,0x0001,0x0001,0x0001,0x0001,0x0001,0x0001,0x0001,0x0001,
0x0001,0x0001,0x0001,0x0001,0x0001,0x0001,0x0001,0x0001,0x0001,0x0001,0x0001,0x0001,0x0001,0x0001,0x0001,0x0001,
0x0001,0x0001,0x0001,0x0001,0x0001,0x0001,0x0001,0x0001,0x0001,0x0001,0x0001,0x0001,0x0001,0x0001,0x0001,0x0001,
0x0001,0x0001,0x0001,0x0001,0x0001,0x0001,0x0001,0x0001,0x0001,0x0001,0x0001,0x0001,0x0001,0x0001,0x0001,0x0001,
0x0001,0x0001,0x0001,0x0001,0x0001,0x0001,0x0001,0x0001,0x0001,0x0001,0x0001,0x0001,0x0001,0x0001,0x0001,0x0001,
0x0001,0x0001,0x0001,0x0001,0x0001,0x0001,0x0001,0x0001,0x0001,0x0001,0x0001,0x0001,0x0001,0x0001,0x0001,0x0001,
0x0001,0x0001,0x0001,0x0001,0x0001,0x0001,0x0001,0x0001,0x0001,0x0001,0x0001,0x0001,0x0001,0x0001,0x0001,0x0001,
0x0001,0x0001,0x0001,0x0001,0x0001,0x0001,0x0001,0x0001,0x0001,0x0001,0x0001,0x0001,0x0001,0x0001,0x0001,0x0001,
0x0001,0x0001,0x0001,0x0001,0x0001,0x0001,0x0001,0x0001,0x0001,0x0001,0x0001,0x0001,0x0001,0x0001,0x0001,0x0001,
0x0001,0x0001,0x0001,0x0001,0x0001,0x0001,0x0001,0x0001,0x0001,0x0001,0x0001,0x0001,0x0001,0x0001,0x0001,0x0001,
0x0001,0x0001,0x0001,0x0001,0x0001,0x0001,0x0001,0x0001,0x0001,0x0001,0x0001,0x0001,0x0001,0x0001,0x0001,0x0001,
0x0001,0x0001,0x0001,0x0001,0x0001,0x0001,0x0001,0x0001,0x0001,0x0001,0x0001,0x0001,0x0001,0x0001,0x0001,0x0001,
0x0001,0x0001,0x0001,0x0001,0x0001,0x0001,0x0001,0x0001,0x0001,0x0001,0x0001,0x0001,0x0001,0x0001,0x0001,0x0001,
0x0001,0x0001,0x0001,0x0001,0x0001,0x0001,0x0001,0x0001,0x0001,0x0001,0x0001,0x0001,0x0001,0x0001,0x0001,0x0001,
0x0001,0x0001,0x0001,0x0001,0x0001,0x0001,0x0001,0x0001,0x0001,0x0001,0x0001,0x0001,0x0001,0x0001,0x0001,0x0001,
0x0001,0x0001,0x0001,0x0001,0x0001,0x0001,0x0001,0x0001,0x0001,0x0001,0x0001,0x0001,0x0001,0x0001,0x0001,0x0001,
0x0001,0x0001,0x0001,0x0001,0x0001,0x0001,0x0001,0x0001,0x0001,0x0001,0x0001,0x0001,0x0001,0x0001,0x0001,0x0001,
0x0001,0x0001,0x0001,0x0001,0x0001,0x0001,0x0001,0x0001,0x0001,0x0001,0x0001,0x0001,0x0001,0x0001,0x0001,0x0001,
0x0001,0x0001,0x0001,0x0001,0x0001,0x0001,0x0001,0x0001,0x0001,0x0001,0x0001,0x0001,0x0001,0x0001,0x0001,0x0001,
0x0001,0x0001,0x0001,0x0001,0x0001,0x0001,0x0001,0x0001,0x0001,0x0001,0x0001,0x0001,0x0001,0x0001,0x0001,0x0001,
0x0001,0x0001,0x0001,0x0001,0x0001,0x0001,0x0001,0x0001,0x0001,0x0001,0x0001,0x0001,0x0001,0x0001,0x0001,0x0001,
0x0001,0x0001,0x0001,0x0001,0x0001,0x0001,0x0001,0x0001,0x0001,0x0001,0x0001,0x0001,0x0001,0x0001,0x0001,0x0001,
0x0001,0x0001,0x0001,0x0001,0x0001,0x0001,0x0001,0x0001,0x0001,0x0001,0x0001,0x0001,0x0001,0x0001,0x0001,0x0001,
0x0001,0x0001,0x0001,0x0001,0x0001,0x0001,0x0001,0x0001,0x0001,0x0001,0x0001,0x0001,0x0001,0x0001,0x0001,0x0001,
0x0001,0x0001,0x0001,0x0001,0x0001,0x0001,0x0001,0x0001,0x0001,0x0001,0x0001,0x0001,0x0001,0x0001,0x0001,0x0001,
0x0001,0x0001,0x0001,0x0001,0x0001,0x0001,0x0001,0x0001,0x0001,0x0001,0x0001,0x0001,0x0001,0x0001,0x0001,0x0001,
0x0001,0x0001,0x0001,0x0001,0x0001,0x0001,0x0001,0x0001,0x0001,0x0001,0x0001,0x0001,0x0001,0x0001,0x0001,0x0001,
0x0001,0x0001,0x0001,0x0001,0x0001,0x0001,0x0001,0x0001,0x0001,0x0001,0x0001,0x0001,0x0001,0x0001,0x0001,0x0001,
0x0001,0x0001,0x0001,0x0001,0x0001,0x0001,0x0001,0x0001,0x0001,0x0001,0x0001,0x0001,0x0001,0x0001,0x0001,0x0001,
0x0001,0x0001,0x0001,0x0001,0x0001,0x0001,0x0001,0x0001,0x0001,0x0001,0x0001,0x0001,0x0001,0x0001,0x0001,0x0001,
0x0001,0x0001,0x0001,0x0001,0x0001,0x0001,0x0001,0x0001,0x0001,0x0001,0x0001,0x0001,0x0001,0x0001,0x0001,0x0001,
0x0001,0x0001,0x0001,0x0001,0x0001,0x0001,0x0001,0x0001,0x0001,0x0001,0x0001,0x0001,0x0001,0x0001,0x0001,0x0001,
0x0001,0x0001,0x0001,0x0001,0x0001,0x0001,0x0001,0x0001,0x0001,0x0001,0x0001,0x0001,0x0001,0x0001,0x0001,0x0001,
0x0001,0x0001,0x0001,0x0001,0x0001,0x0001,0x0001,0x0001,0x0001,0x0001,0x0001,0x0001,0x0001,0x0001,0x0001,0x0001,
0x0001,0x0001,0x0001,0x0001,0x0001,0x0001,0x0001,0x0001,0x0001,0x0001,0x0001,0x0001,0x0001,0x0001,0x0001,0x0001,
0x0001,0x0001,0x0001,0x0001,0x0001,0x0001,0x0001,0x0001,0x0001,0x0001,0x0001,0x0001,0x0001,0x0001,0x0001,0x0001,
0x0001,0x0001,0x0001,0x0001,0x0001,0x0001,0x0001,0x0001,0x0001,0x0001,0x0001,0x0001,0x0001,0x0001,0x0001,0x0001,
0x0001,0x0001,0x0001,0x0001,0x0001,0x0001,0x0001,0x0001,0x0001,0x0001,0x0001,0x0001,0x0001,0x0001,0x0001,0x0001,
0x0001,0x0001,0x0001,0x0001,0x0001,0x0001,0x0001,0x0001,0x0001,0x0001,0x0001,0x0001,0x0001,0x0001,0x0001,0x0001,
0x0001,0x0001,0x0001,0x0001,0x0001,0x0001,0x0001,0x0001,0x0001,0x0001,0x0001,0x0001,0x0001,0x0001,0x0001,0x0001,
0x0000,0x0000,0x0000,0x0000,0x0000,0x0000,0x0000,0x0000,0x0000,0x0000,0x0000,0x0000,0x0000,0x0000,0x0000,0x0000,
0x0000,0x0000,0x0000,0x0000,0x0000,0x0000,0x0000,0x0000,0x0000,0x0000,0x0000,0x0000,0x0000,0x0000,0x0000,0x0000,
0x0000,0x0000,0x0000,0x0000,0x0000,0x0000,0x0000,0x0000,0x0000,0x0000,0x0000,0x0000,0x0000,0x0000,0x0000,0x0000,
0x0000,0x0000,0x0000,0x0000,0x0000,0x0000,0x0000,0x0000,0x0000,0x0000,0x0000,0x0000,0x0000,0x0000,0x0000,0x0000,
0x0000,0x0000,0x0000,0x0000,0x0000,0x0000,0x0000,0x0000,0x0000,0x0000,0x0000,0x0000,0x0000,0x0000,0x0000,0x0000,
0x0000,0x0000,0x0000,0x0000,0x0000,0x0000,0x0000,0x0000,0x0000,0x0000,0x0000,0x0000,0x0000,0x0000,0x0000,0x0000,
0x0000,0x0000,0x0000,0x0000,0x0000,0x0000,0x0000,0x0000,0x0000,0x0000,0x0000,0x0000,0x0000,0x0000,0x0000,0x0000,
0x0000,0x0000,0x0000,0x0000,0x0000,0x0000,0x0000,0x0000,0x0000,0x0000,0x0000,0x0000,0x0000,0x0000,0x0000,0x0000,
0x0000,0x0000,0x0000,0x0000,0x0000,0x0000,0x0000,0x0000,0x0000,0x0000,0x0000,0x0000,0x0000,0x0000,0x0000,0x0000,
0x0000,0x0000,0x0000,0x0000,0x0000,0x0000,0x0000,0x0000,0x0000,0x0000,0x0000,0x0000,0x0000,0x0000,0x0000,0x0000,
0x0000,0x0000,0x0000,0x0000,0x0000,0x0000,0x0000,0x0000,0x0000,0x0000,0x0000,0x0000,0x0000,0x0000,0x0000,0x0000,
0x0000,0x0000,0x0000,0x0000,0x0000,0x0000,0x0000,0x0000,0x0000,0x0000,0x0000,0x0000,0x0000,0x0000,0x0000,0x0000,
0x0000,0x0000,0x0000,0x0000,0x0000,0x0000,0x0000,0x0000,0x0000,0x0000,0x0000,0x0000,0x0000,0x0000,0x0000,0x0000,
0x0000,0x0000,0x0000,0x0000,0x0000,0x0000,0x0000,0x0000,0x0000,0x0000,0x0000,0x0000,0x0000,0x0000,0x0000,0x0000,
0x0000,0x0000,0x0000,0x0000,0x0000,0x0000,0x0000,0x0000,0x0000,0x0000,0x0000,0x0000,0x0000,0x0000,0x0000,0x0000,
0x0000,0x0000,0x0000,0x0000,0x0000,0x0000,0x0000,0x0000,0x0000,0x0000,0x0000,0x0000,0x0000,0x0000,0x0000,0x0000,
0x0000,0x0000,0x0000,0x0000,0x0000,0x0000,0x0000,0x0000,0x0000,0x0000,0x0000,0x0000,0x0000,0x0000,0x0000,0x0000,
0x0000,0x0000,0x0000,0x0000,0x0000,0x0000,0x0000,0x0000,0x0000,0x0000,0x0000,0x0000,0x0000,0x0000,0x0000,0x0000,
0x0000,0x0000,0x0000,0x0000,0x0000,0x0000,0x0000,0x0000,0x0000,0x0000,0x0000,0x0000,0x0000,0x0000,0x0000,0x0000,
0x0000,0x0000,0x0000,0x0000,0x0000,0x0000,0x0000,0x0000,0x0000,0x0000,0x0000,0x0000,0x0000,0x0000,0x0000,0x0000,
0x0000,0x0000,0x0000,0x0000,0x0000,0x0000,0x0000,0x0000,0x0000,0x0000,0x0000,0x0000,0x0000,0x0000,0x0000,0x0000,
0x0000,0x0000,0x0000,0x0000,0x0000,0x0000,0x0000,0x0000,0x0000,0x0000,0x0000,0x0000,0x0000,0x0000,0x0000,0x0000,
0x0000,0x0000,0x0000,0x0000,0x0000,0x0000,0x0000,0x0000,0x0000,0x0000,0x0000,0x0000,0x0000,0x0000,0x0000,0x0000,
0x0000,0x0000,0x0000,0x0000,0x0000,0x0000,0x0000,0x0000,0x0000,0x0000,0x0000,0x0000,0x0000,0x0000,0x0000,0x0000,
0x0000,0x0000,0x0000,0x0000,0x0000,0x0000,0x0000,0x0000,0x0000,0x0000,0x0000,0x0000,0x0000,0x0000,0x0000,0x0000,
0x0000,0x0000,0x0000,0x0000,0x0000,0x0000,0x0000,0x0000,0x0000,0x0000,0x0000,0x0000,0x0000,0x0000,0x0000,0x0000,
0x0000,0x0000,0x0000,0x0000,0x0000,0x0000,0x0000,0x0000,0x0000,0x0000,0x0000,0x0000,0x0000,0x0000,0x0000,0x0000,
0x0000,0x0000,0x0000,0x0000,0x0000,0x0000,0x0000,0x0000,0x0000,0x0000,0x0000,0x0000,0x0000,0x0000,0x0000,0x0000,
0x0000,0x0000,0x0000,0x0000,0x0000,0x0000,0x0000,0x0000,0x0000,0x0000,0x0000,0x0000,0x0000,0x0000,0x0000,0x0000,
0x0000,0x0000,0x0000,0x0000,0x0000,0x0000,0x0000,0x0000,0x0000,0x0000,0x0000,0x0000,0x0000,0x0000,0x0000,0x0000,
0x0000,0x0000,0x0000,0x0000,0x0000,0x0000,0x0000,0x0000,0x0000,0x0000,0x0000,0x0000,0x0000,0x0000,0x0000,0x0000,
0x0000,0x0000,0x0000,0x0000,0x0000,0x0000,0x0000,0x0000,0x0000,0x0000,0x0000,0x0000,0x0000,0x0000,0x0000,0x0000,
0x0000,0x0000,0x0000,0x0000,0x0000,0x0000,0x0000,0x0000,0x0000,0x0000,0x0000,0x0000,0x0000,0x0000,0x0000,0x0000,
0x0000,0x0000,0x0000,0x0000,0x0000,0x0000,0x0000,0x0000,0x0000,0x0000,0x0000,0x0000,0x0000,0x0000,0x0000,0x0000,
0x0000,0x0000,0x0000,0x0000,0x0000,0x0000,0x0000,0x0000,0x0000,0x0000,0x0000,0x0000,0x0000,0x0000,0x0000,0x0000,
0x0000,0x0000,0x0000,0x0000,0x0000,0x0000,0x0000,0x0000,0x0000,0x0000,0x0000,0x0000,0x0000,0x0000,0x0000,0x0000,
0x0000,0x0000,0x0000,0x0000,0x0000,0x0000,0x0000,0x0000,0x0000,0x0000,0x0000,0x0000,0x0000,0x0000,0x0000,0x0000,
0x0000,0x0000,0x0000,0x0000,0x0000,0x0000,0x0000,0x0000,0x0000,0x0000,0x0000,0x0000,0x0000,0x0000,0x0000,0x0000,
0x0000,0x0000,0x0000,0x0000,0x0000,0x0000,0x0000,0x0000,0x0000,0x0000,0x0000,0x0000,0x0000,0x0000,0x0000,0x0000,
0x0000,0x0000,0x0000,0x0000,0x0000,0x0000,0x0000,0x0000,0x0000,0x0000,0x0000,0x0000,0x0000,0x0000,0x0000,0x0000,
0x0000,0x0000,0x0000,0x0000,0x0000,0x0000,0x0000,0x0000,0x0000,0x0000,0x0000,0x0000,0x0000,0x0000,0x0000,0x0000,
0x0000,0x0000,0x0000,0x0000,0x0000,0x0000,0x0000,0x0000,0x0000,0x0000,0x0000,0x0000,0x0000,0x0000,0x0000,0x0000,
0x0000,0x0000,0x0000,0x0000,0x0000,0x0000,0x0000,0x0000,0x0000,0x0000,0x0000,0x0000,0x0000,0x0000,0x0000,0x0000,
0x0000,0x0000,0x0000,0x0000,0x0000,0x0000,0x0000,0x0000,0x0000,0x0000,0x0000,0x0000,0x0000,0x0000,0x0000,0x0000,
0x0000,0x0000,0x0000,0x0000,0x0000,0x0000,0x0000,0x0000,0x0000,0x0000,0x0000,0x0000,0x0000,0x0000,0x0000,0x0000,
0x0000,0x0000,0x0000,0x0000,0x0000,0x0000,0x0000,0x0000,0x0000,0x0000,0x0000,0x0000,0x0000,0x0000,0x0000,0x0000,
0x0000,0x0000,0x0000,0x0000,0x0000,0x0000,0x0000,0x0000,0x0000,0x0000,0x0000,0x0000,0x0000,0x0000,0x0000,0x0000,
0x0000,0x0000,0x0000,0x0000,0x0000,0x0000,0x0000,0x0000,0x0000,0x0000,0x0000,0x0000,0x0000,0x0000,0x0000,0x0000,
0x0000,0x0000,0x0000,0x0000,0x0000,0x0000,0x0000,0x0000,0x0000,0x0000,0x0000,0x0000,0x0000,0x0000,0x0000,0x0000,
0x0000,0x0000,0x0000,0x0000,0x0000,0x0000,0x0000,0x0000,0x0000,0x0000,0x0000,0x0000,0x0000,0x0000,0x0000,0x0000,
0x0000,0x0000,0x0000,0x0000,0x0000,0x0000,0x0000,0x0000,0x0000,0x0000,0x0000,0x0000,0x0000,0x0000,0x0000,0x0000,
0x0000,0x0000,0x0000,0x0000,0x0000,0x0000,0x0000,0x0000,0x0000,0x0000,0x0000,0x0000,0x0000,0x0000,0x0000,0x0000,
0x0000,0x0000,0x0000,0x0000,0x0000,0x0000,0x0000,0x0000,0x0000,0x0000,0x0000,0x0000,0x0000,0x0000,0x0000,0x0000,
0x0000,0x0000,0x0000,0x0000,0x0000,0x0000,0x0000,0x0000,0x0000,0x0000,0x0000,0x0000,0x0000,0x0000,0x0000,0x0000,
0x0000,0x0000,0x0000,0x0000,0x0000,0x0000,0x0000,0x0000,0x0000,0x0000,0x0000,0x0000,0x0000,0x0000,0x0000,0x0000,
0x0000,0x0000,0x0000,0x0000,0x0000,0x0000,0x0000,0x0000,0x0000,0x0000,0x0000,0x0000,0x0000,0x0000,0x0000,0x0000,
0x0000,0x0000,0x0000,0x0000,0x0000,0x0000,0x0000,0x0000,0x0000,0x0000,0x0000,0x0000,0x0000,0x0000,0x0000,0x0000,
0x0000,0x0000,0x0000,0x0000,0x0000,0x0000,0x0000,0x0000,0x0000,0x0000,0x0000,0x0000,0x0000,0x0000,0x0000,0x0000,
0x0000,0x0000,0x0000,0x0000,0x0000,0x0000,0x0000,0x0000,0x0000,0x0000,0x0000,0x0000,0x0000,0x0000,0x0000,0x0000,
0x0000,0x0000,0x0000,0x0000,0x0000,0x0000,0x0000,0x0000,0x0000,0x0000,0x0000,0x0000,0x0000,0x0000,0x0000,0x0000,
0x0000,0x0000,0x0000,0x0000,0x0000,0x0000,0x0000,0x0000,0x0000,0x0000,0x0000,0x0000,0x0000,0x0000,0x0000,0x0000,
0x0000,0x0000,0x0000,0x0000,0x0000,0x0000,0x0000,0x0000,0x0000,0x0000,0x0000,0x0000,0x0000,0x0000,0x0000,0x0000,
0x0000,0x0000,0x0000,0x0000,0x0000,0x0000,0x0000,0x0000,0x0000,0x0000,0x0000,0x0000,0x0000,0x0000,0x0000,0x0000,
0x0000,0x0000,0x0000,0x0000,0x0000,0x0000,0x0000,0x0000,0x0000,0x0000,0x0000,0x0000,0x0000,0x0000,0x0000,0x0000,
0x000F,0x001F,0x003F,0x006F,0x005F,0x007F,0x00AF,0x009F,0x00BF,0x00EF,0x00DF,0x010F,0x012F,0x011F,0x014F,0x016F,
0x015F,0x018F,0x01AF,0x01BF,0x01CF,0x01EF,0x01FF,0x020F,0x022F,0x023F,0x024F,0x026F,0x027F,0x028F,0x029F,0x02BF,
0x02CF,0x02DF,0x02FF,0x030F,0x031F,0x033F,0x034F,0x035F,0x037F,0x038F,0x039F,0x03BF,0x03CF,0x03DF,0x03FF,0x040F,
0x041F,0x043F,0x044F,0x045F,0x047F,0x04AF,0x049F,0x04BF,0x04EF,0x04DF,0x04FF,0x052F,0x051F,0x053F,0x056F,0x055F,
0x057F,0x058F,0x059F,0x05BF,0x05CF,0x05DF,0x05FF,0x060F,0x061F,0x063F,0x064F,0x065F,0x067F,0x068F,0x069F,0x06BF,
0x06CF,0x06DF,0x06FF,0x070F,0x071F,0x073F,0x074F,0x076F,0x077F,0x078F,0x07AF,0x07BF,0x07CF,0x07EF,0x07FF,0x080F,
0x082F,0x081F,0x084F,0x086F,0x085F,0x088F,0x08AF,0x089F,0x08CF,0x08EF,0x08DF,0x08FF,0x092F,0x091F,0x093F,0x096F,
0x095F,0x097F,0x098F,0x099F,0x09BF,0x09CF,0x09EF,0x09FF,0x0A0F,0x0A2F,0x0A3F,0x0A4F,0x0A6F,0x0A5F,0x0A8F,0x0AAF,
0x0A9F,0x0ACF,0x0AEF,0x0ADF,0x0AFF,0x0B2F,0x0B1F,0x0B3F,0x0B4F,0x0B5F,0x0B7F,0x0B8F,0x0BAF,0x0BBF,0x0BCF,0x0BEF,
0x0BDF,0x0C0F,0x0C2F,0x0C1F,0x0C3F,0x0C6F,0x0C5F,0x0C7F,0x0C8F,0x0C9F,0x0CBF,0x0CCF,0x0CEF,0x0CFF,0x0D0F,0x0D2F,
0x0D1F,0x0D4F,0x0D6F,0x0D5F,0x0D7F,0x0DAF,0x0D9F,0x0DBF,0x0DCF,0x0DDF,0x0DFF,0x0E0F,0x0E2F,0x0E3F,0x0E4F,0x0E6F,
0x0E5F,0x0E7F,0x0EAF,0x0E9F,0x0EBF,0x0ECF,0x0EDF,0x0EFF,0x0F0F,0x0F2F,0x0F3F,0x0F4F,0x0F6F,0x0F5F,0x0F7F,0x0FAF,
0x0F9F,0x0FBF,0x0FCF,0x0FEF,0x0FFF,0x100F,0x102F,0x101F,0x104F,0x106F,0x105F,0x107F,0x108F,0x109F,0x10BF,0x10CF,
0x10EF,0x10DF,0x110F,0x112F,0x111F,0x113F,0x114F,0x115F,0x117F,0x118F,0x11AF,0x119F,0x11CF,0x11EF,0x11DF,0x11FF,
0x120F,0x121F,0x123F,0x124F,0x126F,0x125F,0x127F,0x12AF,0x129F,0x12BF,0x12CF,0x12EF,0x12FF,0x130F,0x132F,0x131F,
0x133F,0x134F,0x135F,0x137F,0x138F,0x13AF,0x139F,0x13BF,0x13EF,0x13DF,0x13FF,0x140F,0x142F,0x143F,0x144F,0x146F,
0x145F,0x147F,0x148F,0x149F,0x14BF,0x14CF,0x14EF,0x14DF,0x14FF,0x150F,0x151F,0x153F,0x154F,0x156F,0x155F,0x157F,
0x15AF,0x159F,0x15BF,0x15CF,0x15EF,0x15DF,0x15FF,0x162F,0x161F,0x163F,0x164F,0x166F,0x165F,0x167F,0x16AF,0x169F,
0x16BF,0x16CF,0x16EF,0x16DF,0x16FF,0x172F,0x171F,0x173F,0x174F,0x176F,0x175F,0x177F,0x17AF,0x179F,0x17BF,0x17CF,
0x17EF,0x17DF,0x17FF,0x180F,0x181F,0x183F,0x184F,0x186F,0x185F,0x187F,0x188F,0x18AF,0x18BF,0x18CF,0x18EF,0x18DF,
0x18FF,0x190F,0x192F,0x191F,0x193F,0x196F,0x195F,0x197F,0x198F,0x19AF,0x199F,0x19BF,0x19CF,0x19EF,0x19FF,0x1A0F,
0x1A2F,0x1A1F,0x1A3F,0x1A4F,0x1A6F,0x1A5F,0x1A7F,0x1A8F,0x1A9F,0x1ABF,0x1ACF,0x1AEF,0x1ADF,0x1AFF,0x1B0F,0x1B2F,
0x1B1F,0x1B3F,0x1B4F,0x1B5F,0x1B7F,0x1B8F,0x1BAF,0x1B9F,0x1BBF,0x1BCF,0x1BEF,0x1BDF,0x1BFF,0x1C0F,0x1C2F,0x1C3F,
0x1C4F,0x1C6F,0x1C5F,0x1C7F,0x1C8F,0x1CAF,0x1C9F,0x1CBF,0x1CCF,0x1CEF,0x1CDF,0x1CFF,0x1D2F,0x1D1F,0x1D3F,0x1D4F,
0x1D6F,0x1D5F,0x1D7F,0x1D8F,0x1DAF,0x1D9F,0x1DBF,0x1DCF,0x1DEF,0x1DDF,0x1DFF,0x1E2F,0x1E1F,0x1E3F,0x1E4F,0x1E6F,
0x1E5F,0x1E7F,0x1E8F,0x1EAF,0x1E9F,0x1EBF,0x1ECF,0x1EEF,0x1EDF,0x1EFF,0x1F0F,0x1F2F,0x1F1F,0x1F4F,0x1F6F,0x1F5F,
0x1F7F,0x1F8F,0x1FAF,0x1F9F,0x1FBF,0x1FCF,0x1FEF,0x1FDF,0x1FFF,0x200F,0x202F,0x201F,0x203F,0x204F,0x206F,0x205F,
0x207F,0x208F,0x20AF,0x209F,0x20BF,0x20CF,0x20EF,0x20FF,0x210F,0x212F,0x211F,0x213F,0x214F,0x216F,0x215F,0x217F,
0x218F,0x21AF,0x219F,0x21BF,0x21CF,0x21EF,0x21DF,0x21FF,0x220F,0x222F,0x221F,0x223F,0x224F,0x226F,0x225F,0x227F,
0x228F,0x22AF,0x229F,0x22BF,0x22CF,0x22EF,0x22DF,0x22FF,0x230F,0x232F,0x231F,0x233F,0x234F,0x236F,0x235F,0x237F,
0x238F,0x23AF,0x239F,0x23BF,0x23CF,0x23EF,0x23DF,0x23FF,0x240F,0x242F,0x241F,0x243F,0x244F,0x246F,0x245F,0x247F,
0x248F,0x24AF,0x249F,0x24BF,0x24CF,0x24EF,0x24DF,0x24FF,0x250F,0x252F,0x251F,0x253F,0x254F,0x256F,0x255F,0x257F,
0x258F,0x25AF,0x259F,0x25BF,0x25CF,0x25EF,0x25DF,0x25FF,0x260F,0x262F,0x261F,0x263F,0x264F,0x266F,0x266F,0x265F,
0x267F,0x268F,0x26AF,0x269F,0x26BF,0x26CF,0x26EF,0x26DF,0x26FF,0x270F,0x272F,0x271F,0x273F,0x274F,0x276F,0x275F,
0x277F,0x278F,0x27AF,0x279F,0x27BF,0x27CF,0x27EF,0x27DF,0x27DF,0x27FF,0x280F,0x282F,0x281F,0x283F,0x284F,0x286F,
0x285F,0x287F,0x288F,0x28AF,0x289F,0x28BF,0x28CF,0x28EF,0x28DF,0x28FF,0x290F,0x290F,0x292F,0x291F,0x293F,0x294F,
0x296F,0x295F,0x297F,0x298F,0x29AF,0x299F,0x29BF,0x29CF,0x29EF,0x29DF,0x29FF,0x29FF,0x2A0F,0x2A2F,0x2A1F,0x2A3F,
0x2A4F,0x2A6F,0x2A5F,0x2A7F,0x2A8F,0x2AAF,0x2A9F,0x2ABF,0x2ACF,0x2ACF,0x2AEF,0x2ADF,0x2AFF,0x2B0F,0x2B2F,0x2B1F,
0x2B3F,0x2B4F,0x2B6F,0x2B5F,0x2B7F,0x2B7F,0x2B8F,0x2BAF,0x2B9F,0x2BBF,0x2BCF,0x2BEF,0x2BDF,0x2BFF,0x2C0F,0x2C2F,
0x2C2F,0x2C1F,0x2C3F,0x2C4F,0x2C6F,0x2C5F,0x2C7F,0x2C8F,0x2CAF,0x2C9F,0x2CBF,0x2CBF,0x2CCF,0x2CEF,0x2CDF,0x2CFF,
0x2D0F,0x2D2F,0x2D1F,0x2D3F,0x2D4F,0x2D4F,0x2D6F,0x2D5F,0x2D7F,0x2D8F,0x2DAF,0x2D9F,0x2DBF,0x2DCF,0x2DCF,0x2DEF,
0x2DDF,0x2DFF,0x2E0F,0x2E2F,0x2E1F,0x2E3F,0x2E4F,0x2E4F,0x2E6F,0x2E5F,0x2E7F,0x2E8F,0x2EAF,0x2E9F,0x2EBF,0x2EBF,
0x2ECF,0x2EEF,0x2EDF,0x2EFF,0x2F0F,0x2F2F,0x2F1F,0x2F3F,0x2F3F,0x2F4F,0x2F6F,0x2F5F,0x2F7F,0x2F8F,0x2FAF,0x2FAF,
0x2F9F,0x2FBF,0x2FCF,0x2FEF,0x2FDF,0x2FFF,0x300F,0x300F,0x302F,0x301F,0x303F,0x304F,0x306F,0x305F,0x305F,0x307F,
0x308F,0x30AF,0x309F,0x30BF,0x30CF,0x30CF,0x30EF,0x30DF,0x30FF,0x310F,0x312F,0x311F,0x311F,0x313F,0x314F,0x316F,
0x315F,0x317F,0x318F,0x318F,0x31AF,0x319F,0x31BF,0x31CF,0x31EF,0x31DF,0x31DF,0x31FF,0x320F,0x322F,0x321F,0x323F,
0x323F,0x324F,0x326F,0x325F,0x327F,0x328F,0x328F,0x32AF,0x329F,0x32BF,0x32CF,0x32EF,0x32EF,0x32DF,0x32FF,0x330F,
0x332F,0x331F,0x331F,0x333F,0x334F,0x336F,0x335F,0x337F,0x337F,0x338F,0x33AF,0x339F,0x33BF,0x33CF,0x33CF,0x33EF,
0x33DF,0x33FF,0x340F,0x342F,0x342F,0x341F,0x343F,0x344F,0x346F,0x346F,0x345F,0x347F,0x348F,0x34AF,0x349F,0x349F,
0x34BF,0x34CF,0x34EF,0x34DF,0x34DF,0x34FF,0x350F,0x352F,0x351F,0x351F,0x353F,0x354F,0x356F,0x355F,0x357F,0x357F,
0x358F,0x35AF,0x359F,0x35BF,0x35BF,0x35CF,0x35EF,0x35DF,0x35FF,0x35FF,0x360F,0x362F,0x361F,0x363F,0x363F,0x364F,
0x366F,0x365F,0x367F,0x367F,0x368F,0x36AF,0x369F,0x36BF,0x36BF,0x36CF,0x36EF,0x36DF,0x36FF,0x36FF,0x370F,0x372F,
0x371F,0x371F,0x373F,0x374F,0x376F,0x375F,0x375F,0x377F,0x378F,0x37AF,0x379F,0x379F,0x37BF,0x37CF,0x37EF,0x37EF,
0x37DF,0x37FF,0x380F,0x382F,0x382F,0x381F,0x383F,0x384F,0x384F,0x386F,0x385F,0x387F,0x388F,0x388F,0x38AF,0x389F,
0x38BF,0x38BF,0x38CF,0x38EF,0x38DF,0x38DF,0x38FF,0x390F,0x392F,0x391F,0x391F,0x393F,0x394F,0x396F,0x396F,0x395F,
0x397F,0x398F,0x398F,0x39AF,0x399F,0x39BF,0x39BF,0x39CF,0x39EF,0x39DF,0x39FF,0x39FF,0x3A0F,0x3A2F,0x3A1F,0x3A1F,
0x3A3F,0x3A4F,0x3A6F,0x3A6F,0x3A5F,0x3A7F,0x3A8F,0x3A8F,0x3AAF,0x3A9F,0x3ABF,0x3ABF,0x3ACF,0x3AEF,0x3ADF,0x3ADF,
0x3AFF,0x3B0F,0x3B2F,0x3B2F,0x3B1F,0x3B3F,0x3B4F,0x3B4F,0x3B6F,0x3B5F,0x3B7F,0x3B7F,0x3B8F,0x3BAF,0x3B9F,0x3B9F,
0x3BBF,0x3BCF,0x3BCF,0x3BEF,0x3BDF,0x3BFF,0x3BFF,0x3C0F,0x3C2F,0x3C1F,0x3C1F,0x3C3F,0x3C4F,0x3C6F,0x3C6F,0x3C5F,
0x3C7F,0x3C7F,0x3C8F,0x3CAF,0x3C9F,0x3C9F,0x3CBF,0x3CCF,0x3CEF,0x3CEF,0x3CDF,0x3CFF,0x3CFF,0x3D0F,0x3D2F,0x3D1F,
0x3D1F,0x3D3F,0x3D4F,0x3D6F,0x3D6F,0x3D5F,0x3D7F,0x3D7F,0x3D8F,0x3DAF,0x3D9F,0x3D9F,0x3DBF,0x3DCF,0x3DCF,0x3DEF,
0x3DDF,0x3DFF,0x3DFF,0x3E0F,0x3E2F,0x3E2F,0x3E1F,0x3E3F,0x3E4F,0x3E4F,0x3E6F,0x3E5F,0x3E5F,0x3E7F,0x3E8F,0x3EAF,
0x3EAF,0x3E9F,0x3EBF,0x3EBF,0x3ECF,0x3EEF,0x3EDF,0x3EDF,0x3EFF,0x3F0F,0x3F0F,0x3F2F,0x3F1F,0x3F1F,0x3F3F,0x3F4F,
0x3F6F,0x3F6F,0x3F5F,0x3F7F,0x3F7F,0x3F8F,0x3FAF,0x3FAF,0x3F9F,0x3FBF,0x3FCF,0x3FCF,0x3FEF,0x3FDF,0x3FDF,0x3FFF,
0x4007,0x400F,0x401F,0x4037,0x402F,0x403F,0x4057,0x404F,0x405F,0x4077,0x406F,0x4087,0x4097,0x408F,0x40A7,0x40B7,
0x40AF,0x40C7,0x40D7,0x40DF,0x40E7,0x40F7,0x40FF,0x4107,0x4117,0x411F,0x4127,0x4137,0x413F,0x4147,0x414F,0x415F,
0x4167,0x416F,0x417F,0x4187,0x418F,0x419F,0x41A7,0x41AF,0x41BF,0x41C7,0x41CF,0x41DF,0x41E7,0x41EF,0x41FF,0x4207,
0x420F,0x421F,0x4227,0x422F,0x423F,0x4257,0x424F,0x425F,0x4277,0x426F,0x427F,0x4297,0x428F,0x429F,0x42B7,0x42AF,
0x42BF,0x42C7,0x42CF,0x42DF,0x42E7,0x42EF,0x42FF,0x4307,0x430F,0x431F,0x4327,0x432F,0x433F,0x4347,0x434F,0x435F,
0x4367,0x436F,0x437F,0x4387,0x438F,0x439F,0x43A7,0x43B7,0x43BF,0x43C7,0x43D7,0x43DF,0x43E7,0x43F7,0x43FF,0x4407,
0x4417,0x440F,0x4427,0x4437,0x442F,0x4447,0x4457,0x444F,0x4467,0x4477,0x446F,0x447F,0x4497,0x448F,0x449F,0x44B7,
0x44AF,0x44BF,0x44C7,0x44CF,0x44DF,0x44E7,0x44F7,0x44FF,0x4507,0x4517,0x451F,0x4527,0x4537,0x452F,0x4547,0x4557,
0x454F,0x4567,0x4577,0x456F,0x457F,0x4597,0x458F,0x459F,0x45A7,0x45AF,0x45BF,0x45C7,0x45D7,0x45DF,0x45E7,0x45F7,
0x45EF,0x4607,0x4617,0x460F,0x461F,0x4637,0x462F,0x463F,0x4647,0x464F,0x465F,0x4667,0x4677,0x467F,0x4687,0x4697,
0x468F,0x46A7,0x46B7,0x46AF,0x46BF,0x46D7,0x46CF,0x46DF,0x46E7,0x46EF,0x46FF,0x4707,0x4717,0x471F,0x4727,0x4737,
0x472F,0x473F,0x4757,0x474F,0x475F,0x4767,0x476F,0x477F,0x4787,0x4797,0x479F,0x47A7,0x47B7,0x47AF,0x47BF,0x47D7,
0x47CF,0x47DF,0x47E7,0x47F7,0x47FF,0x4807,0x4817,0x480F,0x4827,0x4837,0x482F,0x483F,0x4847,0x484F,0x485F,0x4867,
0x4877,0x486F,0x4887,0x4897,0x488F,0x489F,0x48A7,0x48AF,0x48BF,0x48C7,0x48D7,0x48CF,0x48E7,0x48F7,0x48EF,0x48FF,
0x4907,0x490F,0x491F,0x4927,0x4937,0x492F,0x493F,0x4957,0x494F,0x495F,0x4967,0x4977,0x497F,0x4987,0x4997,0x498F,
0x499F,0x49A7,0x49AF,0x49BF,0x49C7,0x49D7,0x49CF,0x49DF,0x49F7,0x49EF,0x49FF,0x4A07,0x4A17,0x4A1F,0x4A27,0x4A37,
0x4A2F,0x4A3F,0x4A47,0x4A4F,0x4A5F,0x4A67,0x4A77,0x4A6F,0x4A7F,0x4A87,0x4A8F,0x4A9F,0x4AA7,0x4AB7,0x4AAF,0x4ABF,
0x4AD7,0x4ACF,0x4ADF,0x4AE7,0x4AF7,0x4AEF,0x4AFF,0x4B17,0x4B0F,0x4B1F,0x4B27,0x4B37,0x4B2F,0x4B3F,0x4B57,0x4B4F,
0x4B5F,0x4B67,0x4B77,0x4B6F,0x4B7F,0x4B97,0x4B8F,0x4B9F,0x4BA7,0x4BB7,0x4BAF,0x4BBF,0x4BD7,0x4BCF,0x4BDF,0x4BE7,
0x4BF7,0x4BEF,0x4BFF,0x4C07,0x4C0F,0x4C1F,0x4C27,0x4C37,0x4C2F,0x4C3F,0x4C47,0x4C57,0x4C5F,0x4C67,0x4C77,0x4C6F,
0x4C7F,0x4C87,0x4C97,0x4C8F,0x4C9F,0x4CB7,0x4CAF,0x4CBF,0x4CC7,0x4CD7,0x4CCF,0x4CDF,0x4CE7,0x4CF7,0x4CFF,0x4D07,
0x4D17,0x4D0F,0x4D1F,0x4D27,0x4D37,0x4D2F,0x4D3F,0x4D47,0x4D4F,0x4D5F,0x4D67,0x4D77,0x4D6F,0x4D7F,0x4D87,0x4D97,
0x4D8F,0x4D9F,0x4DA7,0x4DAF,0x4DBF,0x4DC7,0x4DD7,0x4DCF,0x4DDF,0x4DE7,0x4DF7,0x4DEF,0x4DFF,0x4E07,0x4E17,0x4E1F,
0x4E27,0x4E37,0x4E2F,0x4E3F,0x4E47,0x4E57,0x4E4F,0x4E5F,0x4E67,0x4E77,0x4E6F,0x4E7F,0x4E97,0x4E8F,0x4E9F,0x4EA7,
0x4EB7,0x4EAF,0x4EBF,0x4EC7,0x4ED7,0x4ECF,0x4EDF,0x4EE7,0x4EF7,0x4EEF,0x4EFF,0x4F17,0x4F0F,0x4F1F,0x4F27,0x4F37,
0x4F2F,0x4F3F,0x4F47,0x4F57,0x4F4F,0x4F5F,0x4F67,0x4F77,0x4F6F,0x4F7F,0x4F87,0x4F97,0x4F8F,0x4FA7,0x4FB7,0x4FAF,
0x4FBF,0x4FC7,0x4FD7,0x4FCF,0x4FDF,0x4FE7,0x4FF7,0x4FEF,0x4FFF,0x5007,0x5017,0x500F,0x501F,0x5027,0x5037,0x502F,
0x503F,0x5047,0x5057,0x504F,0x505F,0x5067,0x5077,0x507F,0x5087,0x5097,0x508F,0x509F,0x50A7,0x50B7,0x50AF,0x50BF,
0x50C7,0x50D7,0x50CF,0x50DF,0x50E7,0x50F7,0x50EF,0x50FF,0x5107,0x5117,0x510F,0x511F,0x5127,0x5137,0x512F,0x513F,
0x5147,0x5157,0x514F,0x515F,0x5167,0x5177,0x516F,0x517F,0x5187,0x5197,0x518F,0x519F,0x51A7,0x51B7,0x51AF,0x51BF,
0x51C7,0x51D7,0x51CF,0x51DF,0x51E7,0x51F7,0x51EF,0x51FF,0x5207,0x5217,0x520F,0x521F,0x5227,0x5237,0x522F,0x523F,
0x5247,0x5257,0x524F,0x525F,0x5267,0x5277,0x526F,0x527F,0x5287,0x5297,0x528F,0x529F,0x52A7,0x52B7,0x52AF,0x52BF,
0x52C7,0x52D7,0x52CF,0x52DF,0x52E7,0x52F7,0x52EF,0x52FF,0x5307,0x5317,0x530F,0x531F,0x5327,0x5337,0x5337,0x532F,
0x533F,0x5347,0x5357,0x534F,0x535F,0x5367,0x5377,0x536F,0x537F,0x5387,0x5397,0x538F,0x539F,0x53A7,0x53B7,0x53AF,
0x53BF,0x53C7,0x53D7,0x53CF,0x53DF,0x53E7,0x53F7,0x53EF,0x53EF,0x53FF,0x5407,0x5417,0x540F,0x541F,0x5427,0x5437,
0x542F,0x543F,0x5447,0x5457,0x544F,0x545F,0x5467,0x5477,0x546F,0x547F,0x5487,0x5487,0x5497,0x548F,0x549F,0x54A7,
0x54B7,0x54AF,0x54BF,0x54C7,0x54D7,0x54CF,0x54DF,0x54E7,0x54F7,0x54EF,0x54FF,0x54FF,0x5507,0x5517,0x550F,0x551F,
0x5527,0x5537,0x552F,0x553F,0x5547,0x5557,0x554F,0x555F,0x5567,0x5567,0x5577,0x556F,0x557F,0x5587,0x5597,0x558F,
0x559F,0x55A7,0x55B7,0x55AF,0x55BF,0x55BF,0x55C7,0x55D7,0x55CF,0x55DF,0x55E7,0x55F7,0x55EF,0x55FF,0x5607,0x5617,
0x5617,0x560F,0x561F,0x5627,0x5637,0x562F,0x563F,0x5647,0x5657,0x564F,0x565F,0x565F,0x5667,0x5677,0x566F,0x567F,
0x5687,0x5697,0x568F,0x569F,0x56A7,0x56A7,0x56B7,0x56AF,0x56BF,0x56C7,0x56D7,0x56CF,0x56DF,0x56E7,0x56E7,0x56F7,
0x56EF,0x56FF,0x5707,0x5717,0x570F,0x571F,0x5727,0x5727,0x5737,0x572F,0x573F,0x5747,0x5757,0x574F,0x575F,0x575F,
0x5767,0x5777,0x576F,0x577F,0x5787,0x5797,0x578F,0x579F,0x579F,0x57A7,0x57B7,0x57AF,0x57BF,0x57C7,0x57D7,0x57D7,
0x57CF,0x57DF,0x57E7,0x57F7,0x57EF,0x57FF,0x5807,0x5807,0x5817,0x580F,0x581F,0x5827,0x5837,0x582F,0x582F,0x583F,
0x5847,0x5857,0x584F,0x585F,0x5867,0x5867,0x5877,0x586F,0x587F,0x5887,0x5897,0x588F,0x588F,0x589F,0x58A7,0x58B7,
0x58AF,0x58BF,0x58C7,0x58C7,0x58D7,0x58CF,0x58DF,0x58E7,0x58F7,0x58EF,0x58EF,0x58FF,0x5907,0x5917,0x590F,0x591F,
0x591F,0x5927,0x5937,0x592F,0x593F,0x5947,0x5947,0x5957,0x594F,0x595F,0x5967,0x5977,0x5977,0x596F,0x597F,0x5987,
0x5997,0x598F,0x598F,0x599F,0x59A7,0x59B7,0x59AF,0x59BF,0x59BF,0x59C7,0x59D7,0x59CF,0x59DF,0x59E7,0x59E7,0x59F7,
0x59EF,0x59FF,0x5A07,0x5A17,0x5A17,0x5A0F,0x5A1F,0x5A27,0x5A37,0x5A37,0x5A2F,0x5A3F,0x5A47,0x5A57,0x5A4F,0x5A4F,
0x5A5F,0x5A67,0x5A77,0x5A6F,0x5A6F,0x5A7F,0x5A87,0x5A97,0x5A8F,0x5A8F,0x5A9F,0x5AA7,0x5AB7,0x5AAF,0x5ABF,0x5ABF,
0x5AC7,0x5AD7,0x5ACF,0x5ADF,0x5ADF,0x5AE7,0x5AF7,0x5AEF,0x5AFF,0x5AFF,0x5B07,0x5B17,0x5B0F,0x5B1F,0x5B1F,0x5B27,
0x5B37,0x5B2F,0x5B3F,0x5B3F,0x5B47,0x5B57,0x5B4F,0x5B5F,0x5B5F,0x5B67,0x5B77,0x5B6F,0x5B7F,0x5B7F,0x5B87,0x5B97,
0x5B8F,0x5B8F,0x5B9F,0x5BA7,0x5BB7,0x5BAF,0x5BAF,0x5BBF,0x5BC7,0x5BD7,0x5BCF,0x5BCF,0x5BDF,0x5BE7,0x5BF7,0x5BF7,
0x5BEF,0x5BFF,0x5C07,0x5C17,0x5C17,0x5C0F,0x5C1F,0x5C27,0x5C27,0x5C37,0x5C2F,0x5C3F,0x5C47,0x5C47,0x5C57,0x5C4F,
0x5C5F,0x5C5F,0x5C67,0x5C77,0x5C6F,0x5C6F,0x5C7F,0x5C87,0x5C97,0x5C8F,0x5C8F,0x5C9F,0x5CA7,0x5CB7,0x5CB7,0x5CAF,
0x5CBF,0x5CC7,0x5CC7,0x5CD7,0x5CCF,0x5CDF,0x5CDF,0x5CE7,0x5CF7,0x5CEF,0x5CFF,0x5CFF,0x5D07,0x5D17,0x5D0F,0x5D0F,
0x5D1F,0x5D27,0x5D37,0x5D37,0x5D2F,0x5D3F,0x5D47,0x5D47,0x5D57,0x5D4F,0x5D5F,0x5D5F,0x5D67,0x5D77,0x5D6F,0x5D6F,
0x5D7F,0x5D87,0x5D97,0x5D97,0x5D8F,0x5D9F,0x5DA7,0x5DA7,0x5DB7,0x5DAF,0x5DBF,0x5DBF,0x5DC7,0x5DD7,0x5DCF,0x5DCF,
0x5DDF,0x5DE7,0x5DE7,0x5DF7,0x5DEF,0x5DFF,0x5DFF,0x5E07,0x5E17,0x5E0F,0x5E0F,0x5E1F,0x5E27,0x5E37,0x5E37,0x5E2F,
0x5E3F,0x5E3F,0x5E47,0x5E57,0x5E4F,0x5E4F,0x5E5F,0x5E67,0x5E77,0x5E77,0x5E6F,0x5E7F,0x5E7F,0x5E87,0x5E97,0x5E8F,
0x5E8F,0x5E9F,0x5EA7,0x5EB7,0x5EB7,0x5EAF,0x5EBF,0x5EBF,0x5EC7,0x5ED7,0x5ECF,0x5ECF,0x5EDF,0x5EE7,0x5EE7,0x5EF7,
0x5EEF,0x5EFF,0x5EFF,0x5F07,0x5F17,0x5F17,0x5F0F,0x5F1F,0x5F27,0x5F27,0x5F37,0x5F2F,0x5F2F,0x5F3F,0x5F47,0x5F57,
0x5F57,0x5F4F,0x5F5F,0x5F5F,0x5F67,0x5F77,0x5F6F,0x5F6F,0x5F7F,0x5F87,0x5F87,0x5F97,0x5F8F,0x5F8F,0x5F9F,0x5FA7,
0x5FB7,0x5FB7,0x5FAF,0x5FBF,0x5FBF,0x5FC7,0x5FD7,0x5FD7,0x5FCF,0x5FDF,0x5FE7,0x5FE7,0x5FF7,0x5FEF,0x5FEF,0x5FFF,
0x6003,0x6007,0x600F,0x601B,0x6017,0x601F,0x602B,0x6027,0x602F,0x603B,0x6037,0x6043,0x604B,0x6047,0x6053,0x605B,
0x6057,0x6063,0x606B,0x606F,0x6073,0x607B,0x607F,0x6083,0x608B,0x608F,0x6093,0x609B,0x609F,0x60A3,0x60A7,0x60AF,
0x60B3,0x60B7,0x60BF,0x60C3,0x60C7,0x60CF,0x60D3,0x60D7,0x60DF,0x60E3,0x60E7,0x60EF,0x60F3,0x60F7,0x60FF,0x6103,
0x6107,0x610F,0x6113,0x6117,0x611F,0x612B,0x6127,0x612F,0x613B,0x6137,0x613F,0x614B,0x6147,0x614F,0x615B,0x6157,
0x615F,0x6163,0x6167,0x616F,0x6173,0x6177,0x617F,0x6183,0x6187,0x618F,0x6193,0x6197,0x619F,0x61A3,0x61A7,0x61AF,
0x61B3,0x61B7,0x61BF,0x61C3,0x61C7,0x61CF,0x61D3,0x61DB,0x61DF,0x61E3,0x61EB,0x61EF,0x61F3,0x61FB,0x61FF,0x6203,
0x620B,0x6207,0x6213,0x621B,0x6217,0x6223,0x622B,0x6227,0x6233,0x623B,0x6237,0x623F,0x624B,0x6247,0x624F,0x625B,
0x6257,0x625F,0x6263,0x6267,0x626F,0x6273,0x627B,0x627F,0x6283,0x628B,0x628F,0x6293,0x629B,0x6297,0x62A3,0x62AB,
0x62A7,0x62B3,0x62BB,0x62B7,0x62BF,0x62CB,0x62C7,0x62CF,0x62D3,0x62D7,0x62DF,0x62E3,0x62EB,0x62EF,0x62F3,0x62FB,
0x62F7,0x6303,0x630B,0x6307,0x630F,0x631B,0x6317,0x631F,0x6323,0x6327,0x632F,0x6333,0x633B,0x633F,0x6343,0x634B,
0x6347,0x6353,0x635B,0x6357,0x635F,0x636B,0x6367,0x636F,0x6373,0x6377,0x637F,0x6383,0x638B,0x638F,0x6393,0x639B,
0x6397,0x639F,0x63AB,0x63A7,0x63AF,0x63B3,0x63B7,0x63BF,0x63C3,0x63CB,0x63CF,0x63D3,0x63DB,0x63D7,0x63DF,0x63EB,
0x63E7,0x63EF,0x63F3,0x63FB,0x63FF,0x6403,0x640B,0x6407,0x6413,0x641B,0x6417,0x641F,0x6423,0x6427,0x642F,0x6433,
0x643B,0x6437,0x6443,0x644B,0x6447,0x644F,0x6453,0x6457,0x645F,0x6463,0x646B,0x6467,0x6473,0x647B,0x6477,0x647F,
0x6483,0x6487,0x648F,0x6493,0x649B,0x6497,0x649F,0x64AB,0x64A7,0x64AF,0x64B3,0x64BB,0x64BF,0x64C3,0x64CB,0x64C7,
0x64CF,0x64D3,0x64D7,0x64DF,0x64E3,0x64EB,0x64E7,0x64EF,0x64FB,0x64F7,0x64FF,0x6503,0x650B,0x650F,0x6513,0x651B,
0x6517,0x651F,0x6523,0x6527,0x652F,0x6533,0x653B,0x6537,0x653F,0x6543,0x6547,0x654F,0x6553,0x655B,0x6557,0x655F,
0x656B,0x6567,0x656F,0x6573,0x657B,0x6577,0x657F,0x658B,0x6587,0x658F,0x6593,0x659B,0x6597,0x659F,0x65AB,0x65A7,
0x65AF,0x65B3,0x65BB,0x65B7,0x65BF,0x65CB,0x65C7,0x65CF,0x65D3,0x65DB,0x65D7,0x65DF,0x65EB,0x65E7,0x65EF,0x65F3,
0x65FB,0x65F7,0x65FF,0x6603,0x6607,0x660F,0x6613,0x661B,0x6617,0x661F,0x6623,0x662B,0x662F,0x6633,0x663B,0x6637,
0x663F,0x6643,0x664B,0x6647,0x664F,0x665B,0x6657,0x665F,0x6663,0x666B,0x6667,0x666F,0x6673,0x667B,0x667F,0x6683,
0x668B,0x6687,0x668F,0x6693,0x669B,0x6697,0x669F,0x66A3,0x66A7,0x66AF,0x66B3,0x66BB,0x66B7,0x66BF,0x66C3,0x66CB,
0x66C7,0x66CF,0x66D3,0x66D7,0x66DF,0x66E3,0x66EB,0x66E7,0x66EF,0x66F3,0x66FB,0x66F7,0x66FF,0x6703,0x670B,0x670F,
0x6713,0x671B,0x6717,0x671F,0x6723,0x672B,0x6727,0x672F,0x6733,0x673B,0x6737,0x673F,0x674B,0x6747,0x674F,0x6753,
0x675B,0x6757,0x675F,0x6763,0x676B,0x6767,0x676F,0x6773,0x677B,0x6777,0x677F,0x678B,0x6787,0x678F,0x6793,0x679B,
0x6797,0x679F,0x67A3,0x67AB,0x67A7,0x67AF,0x67B3,0x67BB,0x67B7,0x67BF,0x67C3,0x67CB,0x67C7,0x67D3,0x67DB,0x67D7,
0x67DF,0x67E3,0x67EB,0x67E7,0x67EF,0x67F3,0x67FB,0x67F7,0x67FF,0x6803,0x680B,0x6807,0x680F,0x6813,0x681B,0x6817,
0x681F,0x6823,0x682B,0x6827,0x682F,0x6833,0x683B,0x683F,0x6843,0x684B,0x6847,0x684F,0x6853,0x685B,0x6857,0x685F,
0x6863,0x686B,0x6867,0x686F,0x6873,0x687B,0x6877,0x687F,0x6883,0x688B,0x6887,0x688F,0x6893,0x689B,0x6897,0x689F,
0x68A3,0x68AB,0x68A7,0x68AF,0x68B3,0x68BB,0x68B7,0x68BF,0x68C3,0x68CB,0x68C7,0x68CF,0x68D3,0x68DB,0x68D7,0x68DF,
0x68E3,0x68EB,0x68E7,0x68EF,0x68F3,0x68FB,0x68F7,0x68FF,0x6903,0x690B,0x6907,0x690F,0x6913,0x691B,0x6917,0x691F,
0x6923,0x692B,0x6927,0x692F,0x6933,0x693B,0x6937,0x693F,0x6943,0x694B,0x6947,0x694F,0x6953,0x695B,0x6957,0x695F,
0x6963,0x696B,0x6967,0x696F,0x6973,0x697B,0x6977,0x697F,0x6983,0x698B,0x6987,0x698F,0x6993,0x699B,0x699B,0x6997,
0x699F,0x69A3,0x69AB,0x69A7,0x69AF,0x69B3,0x69BB,0x69B7,0x69BF,0x69C3,0x69CB,0x69C7,0x69CF,0x69D3,0x69DB,0x69D7,
0x69DF,0x69E3,0x69EB,0x69E7,0x69EF,0x69F3,0x69FB,0x69F7,0x69F7,0x69FF,0x6A03,0x6A0B,0x6A07,0x6A0F,0x6A13,0x6A1B,
0x6A17,0x6A1F,0x6A23,0x6A2B,0x6A27,0x6A2F,0x6A33,0x6A3B,0x6A37,0x6A3F,0x6A43,0x6A43,0x6A4B,0x6A47,0x6A4F,0x6A53,
0x6A5B,0x6A57,0x6A5F,0x6A63,0x6A6B,0x6A67,0x6A6F,0x6A73,0x6A7B,0x6A77,0x6A7F,0x6A7F,0x6A83,0x6A8B,0x6A87,0x6A8F,
0x6A93,0x6A9B,0x6A97,0x6A9F,0x6AA3,0x6AAB,0x6AA7,0x6AAF,0x6AB3,0x6AB3,0x6ABB,0x6AB7,0x6ABF,0x6AC3,0x6ACB,0x6AC7,
0x6ACF,0x6AD3,0x6ADB,0x6AD7,0x6ADF,0x6ADF,0x6AE3,0x6AEB,0x6AE7,0x6AEF,0x6AF3,0x6AFB,0x6AF7,0x6AFF,0x6B03,0x6B0B,
0x6B0B,0x6B07,0x6B0F,0x6B13,0x6B1B,0x6B17,0x6B1F,0x6B23,0x6B2B,0x6B27,0x6B2F,0x6B2F,0x6B33,0x6B3B,0x6B37,0x6B3F,
0x6B43,0x6B4B,0x6B47,0x6B4F,0x6B53,0x6B53,0x6B5B,0x6B57,0x6B5F,0x6B63,0x6B6B,0x6B67,0x6B6F,0x6B73,0x6B73,0x6B7B,
0x6B77,0x6B7F,0x6B83,0x6B8B,0x6B87,0x6B8F,0x6B93,0x6B93,0x6B9B,0x6B97,0x6B9F,0x6BA3,0x6BAB,0x6BA7,0x6BAF,0x6BAF,
0x6BB3,0x6BBB,0x6BB7,0x6BBF,0x6BC3,0x6BCB,0x6BC7,0x6BCF,0x6BCF,0x6BD3,0x6BDB,0x6BD7,0x6BDF,0x6BE3,0x6BEB,0x6BEB,
0x6BE7,0x6BEF,0x6BF3,0x6BFB,0x6BF7,0x6BFF,0x6C03,0x6C03,0x6C0B,0x6C07,0x6C0F,0x6C13,0x6C1B,0x6C17,0x6C17,0x6C1F,
0x6C23,0x6C2B,0x6C27,0x6C2F,0x6C33,0x6C33,0x6C3B,0x6C37,0x6C3F,0x6C43,0x6C4B,0x6C47,0x6C47,0x6C4F,0x6C53,0x6C5B,
0x6C57,0x6C5F,0x6C63,0x6C63,0x6C6B,0x6C67,0x6C6F,0x6C73,0x6C7B,0x6C77,0x6C77,0x6C7F,0x6C83,0x6C8B,0x6C87,0x6C8F,
0x6C8F,0x6C93,0x6C9B,0x6C97,0x6C9F,0x6CA3,0x6CA3,0x6CAB,0x6CA7,0x6CAF,0x6CB3,0x6CBB,0x6CBB,0x6CB7,0x6CBF,0x6CC3,
0x6CCB,0x6CC7,0x6CC7,0x6CCF,0x6CD3,0x6CDB,0x6CD7,0x6CDF,0x6CDF,0x6CE3,0x6CEB,0x6CE7,0x6CEF,0x6CF3,0x6CF3,0x6CFB,
0x6CF7,0x6CFF,0x6D03,0x6D0B,0x6D0B,0x6D07,0x6D0F,0x6D13,0x6D1B,0x6D1B,0x6D17,0x6D1F,0x6D23,0x6D2B,0x6D27,0x6D27,
0x6D2F,0x6D33,0x6D3B,0x6D37,0x6D37,0x6D3F,0x6D43,0x6D4B,0x6D47,0x6D47,0x6D4F,0x6D53,0x6D5B,0x6D57,0x6D5F,0x6D5F,
0x6D63,0x6D6B,0x6D67,0x6D6F,0x6D6F,0x6D73,0x6D7B,0x6D77,0x6D7F,0x6D7F,0x6D83,0x6D8B,0x6D87,0x6D8F,0x6D8F,0x6D93,
0x6D9B,0x6D97,0x6D9F,0x6D9F,0x6DA3,0x6DAB,0x6DA7,0x6DAF,0x6DAF,0x6DB3,0x6DBB,0x6DB7,0x6DBF,0x6DBF,0x6DC3,0x6DCB,
0x6DC7,0x6DC7,0x6DCF,0x6DD3,0x6DDB,0x6DD7,0x6DD7,0x6DDF,0x6DE3,0x6DEB,0x6DE7,0x6DE7,0x6DEF,0x6DF3,0x6DFB,0x6DFB,
0x6DF7,0x6DFF,0x6E03,0x6E0B,0x6E0B,0x6E07,0x6E0F,0x6E13,0x6E13,0x6E1B,0x6E17,0x6E1F,0x6E23,0x6E23,0x6E2B,0x6E27,
0x6E2F,0x6E2F,0x6E33,0x6E3B,0x6E37,0x6E37,0x6E3F,0x6E43,0x6E4B,0x6E47,0x6E47,0x6E4F,0x6E53,0x6E5B,0x6E5B,0x6E57,
0x6E5F,0x6E63,0x6E63,0x6E6B,0x6E67,0x6E6F,0x6E6F,0x6E73,0x6E7B,0x6E77,0x6E7F,0x6E7F,0x6E83,0x6E8B,0x6E87,0x6E87,
0x6E8F,0x6E93,0x6E9B,0x6E9B,0x6E97,0x6E9F,0x6EA3,0x6EA3,0x6EAB,0x6EA7,0x6EAF,0x6EAF,0x6EB3,0x6EBB,0x6EB7,0x6EB7,
0x6EBF,0x6EC3,0x6ECB,0x6ECB,0x6EC7,0x6ECF,0x6ED3,0x6ED3,0x6EDB,0x6ED7,0x6EDF,0x6EDF,0x6EE3,0x6EEB,0x6EE7,0x6EE7,
0x6EEF,0x6EF3,0x6EF3,0x6EFB,0x6EF7,0x6EFF,0x6EFF,0x6F03,0x6F0B,0x6F07,0x6F07,0x6F0F,0x6F13,0x6F1B,0x6F1B,0x6F17,
0x6F1F,0x6F1F,0x6F23,0x6F2B,0x6F27,0x6F27,0x6F2F,0x6F33,0x6F3B,0x6F3B,0x6F37,0x6F3F,0x6F3F,0x6F43,0x6F4B,0x6F47,
0x6F47,0x6F4F,0x6F53,0x6F5B,0x6F5B,0x6F57,0x6F5F,0x6F5F,0x6F63,0x6F6B,0x6F67,0x6F67,0x6F6F,0x6F73,0x6F73,0x6F7B,
0x6F77,0x6F7F,0x6F7F,0x6F83,0x6F8B,0x6F8B,0x6F87,0x6F8F,0x6F93,0x6F93,0x6F9B,0x6F97,0x6F97,0x6F9F,0x6FA3,0x6FAB,
0x6FAB,0x6FA7,0x6FAF,0x6FAF,0x6FB3,0x6FBB,0x6FB7,0x6FB7,0x6FBF,0x6FC3,0x6FC3,0x6FCB,0x6FC7,0x6FC7,0x6FCF,0x6FD3,
0x6FDB,0x6FDB,0x6FD7,0x6FDF,0x6FDF,0x6FE3,0x6FEB,0x6FEB,0x6FE7,0x6FEF,0x6FF3,0x6FF3,0x6FFB,0x6FF7,0x6FF7,0x6FFF,
0x7001,0x7003,0x7007,0x700D,0x700B,0x700F,0x7015,0x7013,0x7017,0x701D,0x701B,0x7021,0x7025,0x7023,0x7029,0x702D,
0x702B,0x7031,0x7035,0x7037,0x7039,0x703D,0x703F,0x7041,0x7045,0x7047,0x7049,0x704D,0x704F,0x7051,0x7053,0x7057,
0x7059,0x705B,0x705F,0x7061,0x7063,0x7067,0x7069,0x706B,0x706F,0x7071,0x7073,0x7077,0x7079,0x707B,0x707F,0x7081,
0x7083,0x7087,0x7089,0x708B,0x708F,0x7095,0x7093,0x7097,0x709D,0x709B,0x709F,0x70A5,0x70A3,0x70A7,0x70AD,0x70AB,
0x70AF,0x70B1,0x70B3,0x70B7,0x70B9,0x70BB,0x70BF,0x70C1,0x70C3,0x70C7,0x70C9,0x70CB,0x70CF,0x70D1,0x70D3,0x70D7,
0x70D9,0x70DB,0x70DF,0x70E1,0x70E3,0x70E7,0x70E9,0x70ED,0x70EF,0x70F1,0x70F5,0x70F7,0x70F9,0x70FD,0x70FF,0x7101,
0x7105,0x7103,0x7109,0x710D,0x710B,0x7111,0x7115,0x7113,0x7119,0x711D,0x711B,0x711F,0x7125,0x7123,0x7127,0x712D,
0x712B,0x712F,0x7131,0x7133,0x7137,0x7139,0x713D,0x713F,0x7141,0x7145,0x7147,0x7149,0x714D,0x714B,0x7151,0x7155,
0x7153,0x7159,0x715D,0x715B,0x715F,0x7165,0x7163,0x7167,0x7169,0x716B,0x716F,0x7171,0x7175,0x7177,0x7179,0x717D,
0x717B,0x7181,0x7185,0x7183,0x7187,0x718D,0x718B,0x718F,0x7191,0x7193,0x7197,0x7199,0x719D,0x719F,0x71A1,0x71A5,
0x71A3,0x71A9,0x71AD,0x71AB,0x71AF,0x71B5,0x71B3,0x71B7,0x71B9,0x71BB,0x71BF,0x71C1,0x71C5,0x71C7,0x71C9,0x71CD,
0x71CB,0x71CF,0x71D5,0x71D3,0x71D7,0x71D9,0x71DB,0x71DF,0x71E1,0x71E5,0x71E7,0x71E9,0x71ED,0x71EB,0x71EF,0x71F5,
0x71F3,0x71F7,0x71F9,0x71FD,0x71FF,0x7201,0x7205,0x7203,0x7209,0x720D,0x720B,0x720F,0x7211,0x7213,0x7217,0x7219,
0x721D,0x721B,0x7221,0x7225,0x7223,0x7227,0x7229,0x722B,0x722F,0x7231,0x7235,0x7233,0x7239,0x723D,0x723B,0x723F,
0x7241,0x7243,0x7247,0x7249,0x724D,0x724B,0x724F,0x7255,0x7253,0x7257,0x7259,0x725D,0x725F,0x7261,0x7265,0x7263,
0x7267,0x7269,0x726B,0x726F,0x7271,0x7275,0x7273,0x7277,0x727D,0x727B,0x727F,0x7281,0x7285,0x7287,0x7289,0x728D,
0x728B,0x728F,0x7291,0x7293,0x7297,0x7299,0x729D,0x729B,0x729F,0x72A1,0x72A3,0x72A7,0x72A9,0x72AD,0x72AB,0x72AF,
0x72B5,0x72B3,0x72B7,0x72B9,0x72BD,0x72BB,0x72BF,0x72C5,0x72C3,0x72C7,0x72C9,0x72CD,0x72CB,0x72CF,0x72D5,0x72D3,
0x72D7,0x72D9,0x72DD,0x72DB,0x72DF,0x72E5,0x72E3,0x72E7,0x72E9,0x72ED,0x72EB,0x72EF,0x72F5,0x72F3,0x72F7,0x72F9,
0x72FD,0x72FB,0x72FF,0x7301,0x7303,0x7307,0x7309,0x730D,0x730B,0x730F,0x7311,0x7315,0x7317,0x7319,0x731D,0x731B,
0x731F,0x7321,0x7325,0x7323,0x7327,0x732D,0x732B,0x732F,0x7331,0x7335,0x7333,0x7337,0x7339,0x733D,0x733F,0x7341,
0x7345,0x7343,0x7347,0x7349,0x734D,0x734B,0x734F,0x7351,0x7353,0x7357,0x7359,0x735D,0x735B,0x735F,0x7361,0x7365,
0x7363,0x7367,0x7369,0x736B,0x736F,0x7371,0x7375,0x7373,0x7377,0x7379,0x737D,0x737B,0x737F,0x7381,0x7385,0x7387,
0x7389,0x738D,0x738B,0x738F,0x7391,0x7395,0x7393,0x7397,0x7399,0x739D,0x739B,0x739F,0x73A5,0x73A3,0x73A7,0x73A9,
0x73AD,0x73AB,0x73AF,0x73B1,0x73B5,0x73B3,0x73B7,0x73B9,0x73BD,0x73BB,0x73BF,0x73C5,0x73C3,0x73C7,0x73C9,0x73CD,
0x73CB,0x73CF,0x73D1,0x73D5,0x73D3,0x73D7,0x73D9,0x73DD,0x73DB,0x73DF,0x73E1,0x73E5,0x73E3,0x73E9,0x73ED,0x73EB,
0x73EF,0x73F1,0x73F5,0x73F3,0x73F7,0x73F9,0x73FD,0x73FB,0x73FF,0x7401,0x7405,0x7403,0x7407,0x7409,0x740D,0x740B,
0x740F,0x7411,0x7415,0x7413,0x7417,0x7419,0x741D,0x741F,0x7421,0x7425,0x7423,0x7427,0x7429,0x742D,0x742B,0x742F,
0x7431,0x7435,0x7433,0x7437,0x7439,0x743D,0x743B,0x743F,0x7441,0x7445,0x7443,0x7447,0x7449,0x744D,0x744B,0x744F,
0x7451,0x7455,0x7453,0x7457,0x7459,0x745D,0x745B,0x745F,0x7461,0x7465,0x7463,0x7467,0x7469,0x746D,0x746B,0x746F,
0x7471,0x7475,0x7473,0x7477,0x7479,0x747D,0x747B,0x747F,0x7481,0x7485,0x7483,0x7487,0x7489,0x748D,0x748B,0x748F,
0x7491,0x7495,0x7493,0x7497,0x7499,0x749D,0x749B,0x749F,0x74A1,0x74A5,0x74A3,0x74A7,0x74A9,0x74AD,0x74AB,0x74AF,
0x74B1,0x74B5,0x74B3,0x74B7,0x74B9,0x74BD,0x74BB,0x74BF,0x74C1,0x74C5,0x74C3,0x74C7,0x74C9,0x74CD,0x74CD,0x74CB,
0x74CF,0x74D1,0x74D5,0x74D3,0x74D7,0x74D9,0x74DD,0x74DB,0x74DF,0x74E1,0x74E5,0x74E3,0x74E7,0x74E9,0x74ED,0x74EB,
0x74EF,0x74F1,0x74F5,0x74F3,0x74F7,0x74F9,0x74FD,0x74FB,0x74FB,0x74FF,0x7501,0x7505,0x7503,0x7507,0x7509,0x750D,
0x750B,0x750F,0x7511,0x7515,0x7513,0x7517,0x7519,0x751D,0x751B,0x751F,0x7521,0x7521,0x7525,0x7523,0x7527,0x7529,
0x752D,0x752B,0x752F,0x7531,0x7535,0x7533,0x7537,0x7539,0x753D,0x753B,0x753F,0x753F,0x7541,0x7545,0x7543,0x7547,
0x7549,0x754D,0x754B,0x754F,0x7551,0x7555,0x7553,0x7557,0x7559,0x7559,0x755D,0x755B,0x755F,0x7561,0x7565,0x7563,
0x7567,0x7569,0x756D,0x756B,0x756F,0x756F,0x7571,0x7575,0x7573,0x7577,0x7579,0x757D,0x757B,0x757F,0x7581,0x7585,
0x7585,0x7583,0x7587,0x7589,0x758D,0x758B,0x758F,0x7591,0x7595,0x7593,0x7597,0x7597,0x7599,0x759D,0x759B,0x759F,
0x75A1,0x75A5,0x75A3,0x75A7,0x75A9,0x75A9,0x75AD,0x75AB,0x75AF,0x75B1,0x75B5,0x75B3,0x75B7,0x75B9,0x75B9,0x75BD,
0x75BB,0x75BF,0x75C1,0x75C5,0x75C3,0x75C7,0x75C9,0x75C9,0x75CD,0x75CB,0x75CF,0x75D1,0x75D5,0x75D3,0x75D7,0x75D7,
0x75D9,0x75DD,0x75DB,0x75DF,0x75E1,0x75E5,0x75E3,0x75E7,0x75E7,0x75E9,0x75ED,0x75EB,0x75EF,0x75F1,0x75F5,0x75F5,
0x75F3,0x75F7,0x75F9,0x75FD,0x75FB,0x75FF,0x7601,0x7601,0x7605,0x7603,0x7607,0x7609,0x760D,0x760B,0x760B,0x760F,
0x7611,0x7615,0x7613,0x7617,0x7619,0x7619,0x761D,0x761B,0x761F,0x7621,0x7625,0x7623,0x7623,0x7627,0x7629,0x762D,
0x762B,0x762F,0x7631,0x7631,0x7635,0x7633,0x7637,0x7639,0x763D,0x763B,0x763B,0x763F,0x7641,0x7645,0x7643,0x7647,
0x7647,0x7649,0x764D,0x764B,0x764F,0x7651,0x7651,0x7655,0x7653,0x7657,0x7659,0x765D,0x765D,0x765B,0x765F,0x7661,
0x7665,0x7663,0x7663,0x7667,0x7669,0x766D,0x766B,0x766F,0x766F,0x7671,0x7675,0x7673,0x7677,0x7679,0x7679,0x767D,
0x767B,0x767F,0x7681,0x7685,0x7685,0x7683,0x7687,0x7689,0x768D,0x768D,0x768B,0x768F,0x7691,0x7695,0x7693,0x7693,
0x7697,0x7699,0x769D,0x769B,0x769B,0x769F,0x76A1,0x76A5,0x76A3,0x76A3,0x76A7,0x76A9,0x76AD,0x76AB,0x76AF,0x76AF,
0x76B1,0x76B5,0x76B3,0x76B7,0x76B7,0x76B9,0x76BD,0x76BB,0x76BF,0x76BF,0x76C1,0x76C5,0x76C3,0x76C7,0x76C7,0x76C9,
0x76CD,0x76CB,0x76CF,0x76CF,0x76D1,0x76D5,0x76D3,0x76D7,0x76D7,0x76D9,0x76DD,0x76DB,0x76DF,0x76DF,0x76E1,0x76E5,
0x76E3,0x76E3,0x76E7,0x76E9,0x76ED,0x76EB,0x76EB,0x76EF,0x76F1,0x76F5,0x76F3,0x76F3,0x76F7,0x76F9,0x76FD,0x76FD,
0x76FB,0x76FF,0x7701,0x7705,0x7705,0x7703,0x7707,0x7709,0x7709,0x770D,0x770B,0x770F,0x7711,0x7711,0x7715,0x7713,
0x7717,0x7717,0x7719,0x771D,0x771B,0x771B,0x771F,0x7721,0x7725,0x7723,0x7723,0x7727,0x7729,0x772D,0x772D,0x772B,
0x772F,0x7731,0x7731,0x7735,0x7733,0x7737,0x7737,0x7739,0x773D,0x773B,0x773F,0x773F,0x7741,0x7745,0x7743,0x7743,
0x7747,0x7749,0x774D,0x774D,0x774B,0x774F,0x7751,0x7751,0x7755,0x7753,0x7757,0x7757,0x7759,0x775D,0x775B,0x775B,
0x775F,0x7761,0x7765,0x7765,0x7763,0x7767,0x7769,0x7769,0x776D,0x776B,0x776F,0x776F,0x7771,0x7775,0x7773,0x7773,
0x7777,0x7779,0x7779,0x777D,0x777B,0x777F,0x777F,0x7781,0x7785,0x7783,0x7783,0x7787,0x7789,0x778D,0x778D,0x778B,
0x778F,0x778F,0x7791,0x7795,0x7793,0x7793,0x7797,0x7799,0x779D,0x779D,0x779B,0x779F,0x779F,0x77A1,0x77A5,0x77A3,
0x77A3,0x77A7,0x77A9,0x77AD,0x77AD,0x77AB,0x77AF,0x77AF,0x77B1,0x77B5,0x77B3,0x77B3,0x77B7,0x77B9,0x77B9,0x77BD,
0x77BB,0x77BF,0x77BF,0x77C1,0x77C5,0x77C5,0x77C3,0x77C7,0x77C9,0x77C9,0x77CD,0x77CB,0x77CB,0x77CF,0x77D1,0x77D5,
0x77D5,0x77D3,0x77D7,0x77D7,0x77D9,0x77DD,0x77DB,0x77DB,0x77DF,0x77E1,0x77E1,0x77E5,0x77E3,0x77E3,0x77E7,0x77E9,
0x77ED,0x77ED,0x77EB,0x77EF,0x77EF,0x77F1,0x77F5,0x77F5,0x77F3,0x77F7,0x77F9,0x77F9,0x77FD,0x77FB,0x77FB,0x77FF,
0x7800,0x7801,0x7803,0x7806,0x7805,0x7807,0x780A,0x7809,0x780B,0x780E,0x780D,0x7810,0x7812,0x7811,0x7814,0x7816,
0x7815,0x7818,0x781A,0x781B,0x781C,0x781E,0x781F,0x7820,0x7822,0x7823,0x7824,0x7826,0x7827,0x7828,0x7829,0x782B,
0x782C,0x782D,0x782F,0x7830,0x7831,0x7833,0x7834,0x7835,0x7837,0x7838,0x7839,0x783B,0x783C,0x783D,0x783F,0x7840,
0x7841,0x7843,0x7844,0x7845,0x7847,0x784A,0x7849,0x784B,0x784E,0x784D,0x784F,0x7852,0x7851,0x7853,0x7856,0x7855,
0x7857,0x7858,0x7859,0x785B,0x785C,0x785D,0x785F,0x7860,0x7861,0x7863,0x7864,0x7865,0x7867,0x7868,0x7869,0x786B,
0x786C,0x786D,0x786F,0x7870,0x7871,0x7873,0x7874,0x7876,0x7877,0x7878,0x787A,0x787B,0x787C,0x787E,0x787F,0x7880,
0x7882,0x7881,0x7884,0x7886,0x7885,0x7888,0x788A,0x7889,0x788C,0x788E,0x788D,0x788F,0x7892,0x7891,0x7893,0x7896,
0x7895,0x7897,0x7898,0x7899,0x789B,0x789C,0x789E,0x789F,0x78A0,0x78A2,0x78A3,0x78A4,0x78A6,0x78A5,0x78A8,0x78AA,
0x78A9,0x78AC,0x78AE,0x78AD,0x78AF,0x78B2,0x78B1,0x78B3,0x78B4,0x78B5,0x78B7,0x78B8,0x78BA,0x78BB,0x78BC,0x78BE,
0x78BD,0x78C0,0x78C2,0x78C1,0x78C3,0x78C6,0x78C5,0x78C7,0x78C8,0x78C9,0x78CB,0x78CC,0x78CE,0x78CF,0x78D0,0x78D2,
0x78D1,0x78D4,0x78D6,0x78D5,0x78D7,0x78DA,0x78D9,0x78DB,0x78DC,0x78DD,0x78DF,0x78E0,0x78E2,0x78E3,0x78E4,0x78E6,
0x78E5,0x78E7,0x78EA,0x78E9,0x78EB,0x78EC,0x78ED,0x78EF,0x78F0,0x78F2,0x78F3,0x78F4,0x78F6,0x78F5,0x78F7,0x78FA,
0x78F9,0x78FB,0x78FC,0x78FE,0x78FF,0x7900,0x7902,0x7901,0x7904,0x7906,0x7905,0x7907,0x7908,0x7909,0x790B,0x790C,
0x790E,0x790D,0x7910,0x7912,0x7911,0x7913,0x7914,0x7915,0x7917,0x7918,0x791A,0x7919,0x791C,0x791E,0x791D,0x791F,
0x7920,0x7921,0x7923,0x7924,0x7926,0x7925,0x7927,0x792A,0x7929,0x792B,0x792C,0x792E,0x792F,0x7930,0x7932,0x7931,
0x7933,0x7934,0x7935,0x7937,0x7938,0x793A,0x7939,0x793B,0x793E,0x793D,0x793F,0x7940,0x7942,0x7943,0x7944,0x7946,
0x7945,0x7947,0x7948,0x7949,0x794B,0x794C,0x794E,0x794D,0x794F,0x7950,0x7951,0x7953,0x7954,0x7956,0x7955,0x7957,
0x795A,0x7959,0x795B,0x795C,0x795E,0x795D,0x795F,0x7962,0x7961,0x7963,0x7964,0x7966,0x7965,0x7967,0x796A,0x7969,
0x796B,0x796C,0x796E,0x796D,0x796F,0x7972,0x7971,0x7973,0x7974,0x7976,0x7975,0x7977,0x797A,0x7979,0x797B,0x797C,
0x797E,0x797D,0x797F,0x7980,0x7981,0x7983,0x7984,0x7986,0x7985,0x7987,0x7988,0x798A,0x798B,0x798C,0x798E,0x798D,
0x798F,0x7990,0x7992,0x7991,0x7993,0x7996,0x7995,0x7997,0x7998,0x799A,0x7999,0x799B,0x799C,0x799E,0x799F,0x79A0,
0x79A2,0x79A1,0x79A3,0x79A4,0x79A6,0x79A5,0x79A7,0x79A8,0x79A9,0x79AB,0x79AC,0x79AE,0x79AD,0x79AF,0x79B0,0x79B2,
0x79B1,0x79B3,0x79B4,0x79B5,0x79B7,0x79B8,0x79BA,0x79B9,0x79BB,0x79BC,0x79BE,0x79BD,0x79BF,0x79C0,0x79C2,0x79C3,
0x79C4,0x79C6,0x79C5,0x79C7,0x79C8,0x79CA,0x79C9,0x79CB,0x79CC,0x79CE,0x79CD,0x79CF,0x79D2,0x79D1,0x79D3,0x79D4,
0x79D6,0x79D5,0x79D7,0x79D8,0x79DA,0x79D9,0x79DB,0x79DC,0x79DE,0x79DD,0x79DF,0x79E2,0x79E1,0x79E3,0x79E4,0x79E6,
0x79E5,0x79E7,0x79E8,0x79EA,0x79E9,0x79EB,0x79EC,0x79EE,0x79ED,0x79EF,0x79F0,0x79F2,0x79F1,0x79F4,0x79F6,0x79F5,
0x79F7,0x79F8,0x79FA,0x79F9,0x79FB,0x79FC,0x79FE,0x79FD,0x79FF,0x7A00,0x7A02,0x7A01,0x7A03,0x7A04,0x7A06,0x7A05,
0x7A07,0x7A08,0x7A0A,0x7A09,0x7A0B,0x7A0C,0x7A0E,0x7A0F,0x7A10,0x7A12,0x7A11,0x7A13,0x7A14,0x7A16,0x7A15,0x7A17,
0x7A18,0x7A1A,0x7A19,0x7A1B,0x7A1C,0x7A1E,0x7A1D,0x7A1F,0x7A20,0x7A22,0x7A21,0x7A23,0x7A24,0x7A26,0x7A25,0x7A27,
0x7A28,0x7A2A,0x7A29,0x7A2B,0x7A2C,0x7A2E,0x7A2D,0x7A2F,0x7A30,0x7A32,0x7A31,0x7A33,0x7A34,0x7A36,0x7A35,0x7A37,
0x7A38,0x7A3A,0x7A39,0x7A3B,0x7A3C,0x7A3E,0x7A3D,0x7A3F,0x7A40,0x7A42,0x7A41,0x7A43,0x7A44,0x7A46,0x7A45,0x7A47,
0x7A48,0x7A4A,0x7A49,0x7A4B,0x7A4C,0x7A4E,0x7A4D,0x7A4F,0x7A50,0x7A52,0x7A51,0x7A53,0x7A54,0x7A56,0x7A55,0x7A57,
0x7A58,0x7A5A,0x7A59,0x7A5B,0x7A5C,0x7A5E,0x7A5D,0x7A5F,0x7A60,0x7A62,0x7A61,0x7A63,0x7A64,0x7A66,0x7A66,0x7A65,
0x7A67,0x7A68,0x7A6A,0x7A69,0x7A6B,0x7A6C,0x7A6E,0x7A6D,0x7A6F,0x7A70,0x7A72,0x7A71,0x7A73,0x7A74,0x7A76,0x7A75,
0x7A77,0x7A78,0x7A7A,0x7A79,0x7A7B,0x7A7C,0x7A7E,0x7A7D,0x7A7D,0x7A7F,0x7A80,0x7A82,0x7A81,0x7A83,0x7A84,0x7A86,
0x7A85,0x7A87,0x7A88,0x7A8A,0x7A89,0x7A8B,0x7A8C,0x7A8E,0x7A8D,0x7A8F,0x7A90,0x7A90,0x7A92,0x7A91,0x7A93,0x7A94,
0x7A96,0x7A95,0x7A97,0x7A98,0x7A9A,0x7A99,0x7A9B,0x7A9C,0x7A9E,0x7A9D,0x7A9F,0x7A9F,0x7AA0,0x7AA2,0x7AA1,0x7AA3,
0x7AA4,0x7AA6,0x7AA5,0x7AA7,0x7AA8,0x7AAA,0x7AA9,0x7AAB,0x7AAC,0x7AAC,0x7AAE,0x7AAD,0x7AAF,0x7AB0,0x7AB2,0x7AB1,
0x7AB3,0x7AB4,0x7AB6,0x7AB5,0x7AB7,0x7AB7,0x7AB8,0x7ABA,0x7AB9,0x7ABB,0x7ABC,0x7ABE,0x7ABD,0x7ABF,0x7AC0,0x7AC2,
0x7AC2,0x7AC1,0x7AC3,0x7AC4,0x7AC6,0x7AC5,0x7AC7,0x7AC8,0x7ACA,0x7AC9,0x7ACB,0x7ACB,0x7ACC,0x7ACE,0x7ACD,0x7ACF,
0x7AD0,0x7AD2,0x7AD1,0x7AD3,0x7AD4,0x7AD4,0x7AD6,0x7AD5,0x7AD7,0x7AD8,0x7ADA,0x7AD9,0x7ADB,0x7ADC,0x7ADC,0x7ADE,
0x7ADD,0x7ADF,0x7AE0,0x7AE2,0x7AE1,0x7AE3,0x7AE4,0x7AE4,0x7AE6,0x7AE5,0x7AE7,0x7AE8,0x7AEA,0x7AE9,0x7AEB,0x7AEB,
0x7AEC,0x7AEE,0x7AED,0x7AEF,0x7AF0,0x7AF2,0x7AF1,0x7AF3,0x7AF3,0x7AF4,0x7AF6,0x7AF5,0x7AF7,0x7AF8,0x7AFA,0x7AFA,
0x7AF9,0x7AFB,0x7AFC,0x7AFE,0x7AFD,0x7AFF,0x7B00,0x7B00,0x7B02,0x7B01,0x7B03,0x7B04,0x7B06,0x7B05,0x7B05,0x7B07,
0x7B08,0x7B0A,0x7B09,0x7B0B,0x7B0C,0x7B0C,0x7B0E,0x7B0D,0x7B0F,0x7B10,0x7B12,0x7B11,0x7B11,0x7B13,0x7B14,0x7B16,
0x7B15,0x7B17,0x7B18,0x7B18,0x7B1A,0x7B19,0x7B1B,0x7B1C,0x7B1E,0x7B1D,0x7B1D,0x7B1F,0x7B20,0x7B22,0x7B21,0x7B23,
0x7B23,0x7B24,0x7B26,0x7B25,0x7B27,0x7B28,0x7B28,0x7B2A,0x7B29,0x7B2B,0x7B2C,0x7B2E,0x7B2E,0x7B2D,0x7B2F,0x7B30,
0x7B32,0x7B31,0x7B31,0x7B33,0x7B34,0x7B36,0x7B35,0x7B37,0x7B37,0x7B38,0x7B3A,0x7B39,0x7B3B,0x7B3C,0x7B3C,0x7B3E,
0x7B3D,0x7B3F,0x7B40,0x7B42,0x7B42,0x7B41,0x7B43,0x7B44,0x7B46,0x7B46,0x7B45,0x7B47,0x7B48,0x7B4A,0x7B49,0x7B49,
0x7B4B,0x7B4C,0x7B4E,0x7B4D,0x7B4D,0x7B4F,0x7B50,0x7B52,0x7B51,0x7B51,0x7B53,0x7B54,0x7B56,0x7B55,0x7B57,0x7B57,
0x7B58,0x7B5A,0x7B59,0x7B5B,0x7B5B,0x7B5C,0x7B5E,0x7B5D,0x7B5F,0x7B5F,0x7B60,0x7B62,0x7B61,0x7B63,0x7B63,0x7B64,
0x7B66,0x7B65,0x7B67,0x7B67,0x7B68,0x7B6A,0x7B69,0x7B6B,0x7B6B,0x7B6C,0x7B6E,0x7B6D,0x7B6F,0x7B6F,0x7B70,0x7B72,
0x7B71,0x7B71,0x7B73,0x7B74,0x7B76,0x7B75,0x7B75,0x7B77,0x7B78,0x7B7A,0x7B79,0x7B79,0x7B7B,0x7B7C,0x7B7E,0x7B7E,
0x7B7D,0x7B7F,0x7B80,0x7B82,0x7B82,0x7B81,0x7B83,0x7B84,0x7B84,0x7B86,0x7B85,0x7B87,0x7B88,0x7B88,0x7B8A,0x7B89,
0x7B8B,0x7B8B,0x7B8C,0x7B8E,0x7B8D,0x7B8D,0x7B8F,0x7B90,0x7B92,0x7B91,0x7B91,0x7B93,0x7B94,0x7B96,0x7B96,0x7B95,
0x7B97,0x7B98,0x7B98,0x7B9A,0x7B99,0x7B9B,0x7B9B,0x7B9C,0x7B9E,0x7B9D,0x7B9F,0x7B9F,0x7BA0,0x7BA2,0x7BA1,0x7BA1,
0x7BA3,0x7BA4,0x7BA6,0x7BA6,0x7BA5,0x7BA7,0x7BA8,0x7BA8,0x7BAA,0x7BA9,0x7BAB,0x7BAB,0x7BAC,0x7BAE,0x7BAD,0x7BAD,
0x7BAF,0x7BB0,0x7BB2,0x7BB2,0x7BB1,0x7BB3,0x7BB4,0x7BB4,0x7BB6,0x7BB5,0x7BB7,0x7BB7,0x7BB8,0x7BBA,0x7BB9,0x7BB9,
0x7BBB,0x7BBC,0x7BBC,0x7BBE,0x7BBD,0x7BBF,0x7BBF,0x7BC0,0x7BC2,0x7BC1,0x7BC1,0x7BC3,0x7BC4,0x7BC6,0x7BC6,0x7BC5,
0x7BC7,0x7BC7,0x7BC8,0x7BCA,0x7BC9,0x7BC9,0x7BCB,0x7BCC,0x7BCE,0x7BCE,0x7BCD,0x7BCF,0x7BCF,0x7BD0,0x7BD2,0x7BD1,
0x7BD1,0x7BD3,0x7BD4,0x7BD6,0x7BD6,0x7BD5,0x7BD7,0x7BD7,0x7BD8,0x7BDA,0x7BD9,0x7BD9,0x7BDB,0x7BDC,0x7BDC,0x7BDE,
0x7BDD,0x7BDF,0x7BDF,0x7BE0,0x7BE2,0x7BE2,0x7BE1,0x7BE3,0x7BE4,0x7BE4,0x7BE6,0x7BE5,0x7BE5,0x7BE7,0x7BE8,0x7BEA,
0x7BEA,0x7BE9,0x7BEB,0x7BEB,0x7BEC,0x7BEE,0x7BED,0x7BED,0x7BEF,0x7BF0,0x7BF0,0x7BF2,0x7BF1,0x7BF1,0x7BF3,0x7BF4,
0x7BF6,0x7BF6,0x7BF5,0x7BF7,0x7BF7,0x7BF8,0x7BFA,0x7BFA,0x7BF9,0x7BFB,0x7BFC,0x7BFC,0x7BFE,0x7BFD,0x7BFD,0x7BFF,
0x7C00,0x7C00,0x7C01,0x7C03,0x7C02,0x7C03,0x7C05,0x7C04,0x7C05,0x7C07,0x7C06,0x7C08,0x7C09,0x7C08,0x7C0A,0x7C0B,
0x7C0A,0x7C0C,0x7C0D,0x7C0D,0x7C0E,0x7C0F,0x7C0F,0x7C10,0x7C11,0x7C11,0x7C12,0x7C13,0x7C13,0x7C14,0x7C14,0x7C15,
0x7C16,0x7C16,0x7C17,0x7C18,0x7C18,0x7C19,0x7C1A,0x7C1A,0x7C1B,0x7C1C,0x7C1C,0x7C1D,0x7C1E,0x7C1E,0x7C1F,0x7C20,
0x7C20,0x7C21,0x7C22,0x7C22,0x7C23,0x7C25,0x7C24,0x7C25,0x7C27,0x7C26,0x7C27,0x7C29,0x7C28,0x7C29,0x7C2B,0x7C2A,
0x7C2B,0x7C2C,0x7C2C,0x7C2D,0x7C2E,0x7C2E,0x7C2F,0x7C30,0x7C30,0x7C31,0x7C32,0x7C32,0x7C33,0x7C34,0x7C34,0x7C35,
0x7C36,0x7C36,0x7C37,0x7C38,0x7C38,0x7C39,0x7C3A,0x7C3B,0x7C3B,0x7C3C,0x7C3D,0x7C3D,0x7C3E,0x7C3F,0x7C3F,0x7C40,
0x7C41,0x7C40,0x7C42,0x7C43,0x7C42,0x7C44,0x7C45,0x7C44,0x7C46,0x7C47,0x7C46,0x7C47,0x7C49,0x7C48,0x7C49,0x7C4B,
0x7C4A,0x7C4B,0x7C4C,0x7C4C,0x7C4D,0x7C4E,0x7C4F,0x7C4F,0x7C50,0x7C51,0x7C51,0x7C52,0x7C53,0x7C52,0x7C54,0x7C55,
0x7C54,0x7C56,0x7C57,0x7C56,0x7C57,0x7C59,0x7C58,0x7C59,0x7C5A,0x7C5A,0x7C5B,0x7C5C,0x7C5D,0x7C5D,0x7C5E,0x7C5F,
0x7C5E,0x7C60,0x7C61,0x7C60,0x7C61,0x7C63,0x7C62,0x7C63,0x7C64,0x7C64,0x7C65,0x7C66,0x7C67,0x7C67,0x7C68,0x7C69,
0x7C68,0x7C6A,0x7C6B,0x7C6A,0x7C6B,0x7C6D,0x7C6C,0x7C6D,0x7C6E,0x7C6E,0x7C6F,0x7C70,0x7C71,0x7C71,0x7C72,0x7C73,
0x7C72,0x7C73,0x7C75,0x7C74,0x7C75,0x7C76,0x7C76,0x7C77,0x7C78,0x7C79,0x7C79,0x7C7A,0x7C7B,0x7C7A,0x7C7B,0x7C7D,
0x7C7C,0x7C7D,0x7C7E,0x7C7F,0x7C7F,0x7C80,0x7C81,0x7C80,0x7C82,0x7C83,0x7C82,0x7C83,0x7C84,0x7C84,0x7C85,0x7C86,
0x7C87,0x7C86,0x7C88,0x7C89,0x7C88,0x7C89,0x7C8A,0x7C8A,0x7C8B,0x7C8C,0x7C8D,0x7C8C,0x7C8E,0x7C8F,0x7C8E,0x7C8F,
0x7C90,0x7C90,0x7C91,0x7C92,0x7C93,0x7C92,0x7C93,0x7C95,0x7C94,0x7C95,0x7C96,0x7C97,0x7C97,0x7C98,0x7C99,0x7C98,
0x7C99,0x7C9A,0x7C9A,0x7C9B,0x7C9C,0x7C9D,0x7C9C,0x7C9D,0x7C9F,0x7C9E,0x7C9F,0x7CA0,0x7CA1,0x7CA1,0x7CA2,0x7CA3,
0x7CA2,0x7CA3,0x7CA4,0x7CA4,0x7CA5,0x7CA6,0x7CA7,0x7CA6,0x7CA7,0x7CA8,0x7CA8,0x7CA9,0x7CAA,0x7CAB,0x7CAA,0x7CAB,
0x7CAD,0x7CAC,0x7CAD,0x7CAE,0x7CAF,0x7CAE,0x7CAF,0x7CB1,0x7CB0,0x7CB1,0x7CB2,0x7CB3,0x7CB2,0x7CB3,0x7CB5,0x7CB4,
0x7CB5,0x7CB6,0x7CB7,0x7CB6,0x7CB7,0x7CB9,0x7CB8,0x7CB9,0x7CBA,0x7CBB,0x7CBA,0x7CBB,0x7CBD,0x7CBC,0x7CBD,0x7CBE,
0x7CBF,0x7CBE,0x7CBF,0x7CC0,0x7CC0,0x7CC1,0x7CC2,0x7CC3,0x7CC2,0x7CC3,0x7CC4,0x7CC5,0x7CC5,0x7CC6,0x7CC7,0x7CC6,
0x7CC7,0x7CC8,0x7CC9,0x7CC8,0x7CC9,0x7CCB,0x7CCA,0x7CCB,0x7CCC,0x7CCD,0x7CCC,0x7CCD,0x7CCE,0x7CCF,0x7CCF,0x7CD0,
0x7CD1,0x7CD0,0x7CD1,0x7CD2,0x7CD3,0x7CD2,0x7CD3,0x7CD4,0x7CD4,0x7CD5,0x7CD6,0x7CD7,0x7CD6,0x7CD7,0x7CD8,0x7CD9,
0x7CD8,0x7CD9,0x7CDA,0x7CDA,0x7CDB,0x7CDC,0x7CDD,0x7CDC,0x7CDD,0x7CDE,0x7CDF,0x7CDE,0x7CDF,0x7CE0,0x7CE1,0x7CE1,
0x7CE2,0x7CE3,0x7CE2,0x7CE3,0x7CE4,0x7CE5,0x7CE4,0x7CE5,0x7CE6,0x7CE7,0x7CE6,0x7CE7,0x7CE9,0x7CE8,0x7CE9,0x7CEA,
0x7CEB,0x7CEA,0x7CEB,0x7CEC,0x7CED,0x7CEC,0x7CED,0x7CEE,0x7CEF,0x7CEE,0x7CEF,0x7CF1,0x7CF0,0x7CF1,0x7CF2,0x7CF3,
0x7CF2,0x7CF3,0x7CF4,0x7CF5,0x7CF4,0x7CF5,0x7CF6,0x7CF7,0x7CF6,0x7CF7,0x7CF8,0x7CF9,0x7CF8,0x7CFA,0x7CFB,0x7CFA,
0x7CFB,0x7CFC,0x7CFD,0x7CFC,0x7CFD,0x7CFE,0x7CFF,0x7CFE,0x7CFF,0x7D00,0x7D01,0x7D00,0x7D01,0x7D02,0x7D03,0x7D02,
0x7D03,0x7D04,0x7D05,0x7D04,0x7D05,0x7D06,0x7D07,0x7D07,0x7D08,0x7D09,0x7D08,0x7D09,0x7D0A,0x7D0B,0x7D0A,0x7D0B,
0x7D0C,0x7D0D,0x7D0C,0x7D0D,0x7D0E,0x7D0F,0x7D0E,0x7D0F,0x7D10,0x7D11,0x7D10,0x7D11,0x7D12,0x7D13,0x7D12,0x7D13,
0x7D14,0x7D15,0x7D14,0x7D15,0x7D16,0x7D17,0x7D16,0x7D17,0x7D18,0x7D19,0x7D18,0x7D19,0x7D1A,0x7D1B,0x7D1A,0x7D1B,
0x7D1C,0x7D1D,0x7D1C,0x7D1D,0x7D1E,0x7D1F,0x7D1E,0x7D1F,0x7D20,0x7D21,0x7D20,0x7D21,0x7D22,0x7D23,0x7D22,0x7D23,
0x7D24,0x7D25,0x7D24,0x7D25,0x7D26,0x7D27,0x7D26,0x7D27,0x7D28,0x7D29,0x7D28,0x7D29,0x7D2A,0x7D2B,0x7D2A,0x7D2B,
0x7D2C,0x7D2D,0x7D2C,0x7D2D,0x7D2E,0x7D2F,0x7D2E,0x7D2F,0x7D30,0x7D31,0x7D30,0x7D31,0x7D32,0x7D33,0x7D33,0x7D32,
0x7D33,0x7D34,0x7D35,0x7D34,0x7D35,0x7D36,0x7D37,0x7D36,0x7D37,0x7D38,0x7D39,0x7D38,0x7D39,0x7D3A,0x7D3B,0x7D3A,
0x7D3B,0x7D3C,0x7D3D,0x7D3C,0x7D3D,0x7D3E,0x7D3F,0x7D3E,0x7D3E,0x7D3F,0x7D40,0x7D41,0x7D40,0x7D41,0x7D42,0x7D43,
0x7D42,0x7D43,0x7D44,0x7D45,0x7D44,0x7D45,0x7D46,0x7D47,0x7D46,0x7D47,0x7D48,0x7D48,0x7D49,0x7D48,0x7D49,0x7D4A,
0x7D4B,0x7D4A,0x7D4B,0x7D4C,0x7D4D,0x7D4C,0x7D4D,0x7D4E,0x7D4F,0x7D4E,0x7D4F,0x7D4F,0x7D50,0x7D51,0x7D50,0x7D51,
0x7D52,0x7D53,0x7D52,0x7D53,0x7D54,0x7D55,0x7D54,0x7D55,0x7D56,0x7D56,0x7D57,0x7D56,0x7D57,0x7D58,0x7D59,0x7D58,
0x7D59,0x7D5A,0x7D5B,0x7D5A,0x7D5B,0x7D5B,0x7D5C,0x7D5D,0x7D5C,0x7D5D,0x7D5E,0x7D5F,0x7D5E,0x7D5F,0x7D60,0x7D61,
0x7D61,0x7D60,0x7D61,0x7D62,0x7D63,0x7D62,0x7D63,0x7D64,0x7D65,0x7D64,0x7D65,0x7D65,0x7D66,0x7D67,0x7D66,0x7D67,
0x7D68,0x7D69,0x7D68,0x7D69,0x7D6A,0x7D6A,0x7D6B,0x7D6A,0x7D6B,0x7D6C,0x7D6D,0x7D6C,0x7D6D,0x7D6E,0x7D6E,0x7D6F,
0x7D6E,0x7D6F,0x7D70,0x7D71,0x7D70,0x7D71,0x7D72,0x7D72,0x7D73,0x7D72,0x7D73,0x7D74,0x7D75,0x7D74,0x7D75,0x7D75,
0x7D76,0x7D77,0x7D76,0x7D77,0x7D78,0x7D79,0x7D78,0x7D79,0x7D79,0x7D7A,0x7D7B,0x7D7A,0x7D7B,0x7D7C,0x7D7D,0x7D7D,
0x7D7C,0x7D7D,0x7D7E,0x7D7F,0x7D7E,0x7D7F,0x7D80,0x7D80,0x7D81,0x7D80,0x7D81,0x7D82,0x7D83,0x7D82,0x7D82,0x7D83,
0x7D84,0x7D85,0x7D84,0x7D85,0x7D86,0x7D86,0x7D87,0x7D86,0x7D87,0x7D88,0x7D89,0x7D88,0x7D88,0x7D89,0x7D8A,0x7D8B,
0x7D8A,0x7D8B,0x7D8C,0x7D8C,0x7D8D,0x7D8C,0x7D8D,0x7D8E,0x7D8F,0x7D8E,0x7D8E,0x7D8F,0x7D90,0x7D91,0x7D90,0x7D91,
0x7D91,0x7D92,0x7D93,0x7D92,0x7D93,0x7D94,0x7D94,0x7D95,0x7D94,0x7D95,0x7D96,0x7D97,0x7D97,0x7D96,0x7D97,0x7D98,
0x7D99,0x7D98,0x7D98,0x7D99,0x7D9A,0x7D9B,0x7D9A,0x7D9B,0x7D9B,0x7D9C,0x7D9D,0x7D9C,0x7D9D,0x7D9E,0x7D9E,0x7D9F,
0x7D9E,0x7D9F,0x7DA0,0x7DA1,0x7DA1,0x7DA0,0x7DA1,0x7DA2,0x7DA3,0x7DA3,0x7DA2,0x7DA3,0x7DA4,0x7DA5,0x7DA4,0x7DA4,
0x7DA5,0x7DA6,0x7DA7,0x7DA6,0x7DA6,0x7DA7,0x7DA8,0x7DA9,0x7DA8,0x7DA8,0x7DA9,0x7DAA,0x7DAB,0x7DAA,0x7DAB,0x7DAB,
0x7DAC,0x7DAD,0x7DAC,0x7DAD,0x7DAD,0x7DAE,0x7DAF,0x7DAE,0x7DAF,0x7DAF,0x7DB0,0x7DB1,0x7DB0,0x7DB1,0x7DB1,0x7DB2,
0x7DB3,0x7DB2,0x7DB3,0x7DB3,0x7DB4,0x7DB5,0x7DB4,0x7DB5,0x7DB5,0x7DB6,0x7DB7,0x7DB6,0x7DB7,0x7DB7,0x7DB8,0x7DB9,
0x7DB8,0x7DB8,0x7DB9,0x7DBA,0x7DBB,0x7DBA,0x7DBA,0x7DBB,0x7DBC,0x7DBD,0x7DBC,0x7DBC,0x7DBD,0x7DBE,0x7DBF,0x7DBF,
0x7DBE,0x7DBF,0x7DC0,0x7DC1,0x7DC1,0x7DC0,0x7DC1,0x7DC2,0x7DC2,0x7DC3,0x7DC2,0x7DC3,0x7DC4,0x7DC4,0x7DC5,0x7DC4,
0x7DC5,0x7DC5,0x7DC6,0x7DC7,0x7DC6,0x7DC6,0x7DC7,0x7DC8,0x7DC9,0x7DC8,0x7DC8,0x7DC9,0x7DCA,0x7DCB,0x7DCB,0x7DCA,
0x7DCB,0x7DCC,0x7DCC,0x7DCD,0x7DCC,0x7DCD,0x7DCD,0x7DCE,0x7DCF,0x7DCE,0x7DCF,0x7DCF,0x7DD0,0x7DD1,0x7DD0,0x7DD0,
0x7DD1,0x7DD2,0x7DD3,0x7DD3,0x7DD2,0x7DD3,0x7DD4,0x7DD4,0x7DD5,0x7DD4,0x7DD5,0x7DD5,0x7DD6,0x7DD7,0x7DD6,0x7DD6,
0x7DD7,0x7DD8,0x7DD9,0x7DD9,0x7DD8,0x7DD9,0x7DDA,0x7DDA,0x7DDB,0x7DDA,0x7DDB,0x7DDB,0x7DDC,0x7DDD,0x7DDC,0x7DDC,
0x7DDD,0x7DDE,0x7DDE,0x7DDF,0x7DDE,0x7DDF,0x7DDF,0x7DE0,0x7DE1,0x7DE0,0x7DE0,0x7DE1,0x7DE2,0x7DE3,0x7DE3,0x7DE2,
0x7DE3,0x7DE3,0x7DE4,0x7DE5,0x7DE4,0x7DE4,0x7DE5,0x7DE6,0x7DE7,0x7DE7,0x7DE6,0x7DE7,0x7DE7,0x7DE8,0x7DE9,0x7DE8,
0x7DE8,0x7DE9,0x7DEA,0x7DEB,0x7DEB,0x7DEA,0x7DEB,0x7DEB,0x7DEC,0x7DED,0x7DEC,0x7DEC,0x7DED,0x7DEE,0x7DEE,0x7DEF,
0x7DEE,0x7DEF,0x7DEF,0x7DF0,0x7DF1,0x7DF1,0x7DF0,0x7DF1,0x7DF2,0x7DF2,0x7DF3,0x7DF2,0x7DF2,0x7DF3,0x7DF4,0x7DF5,
0x7DF5,0x7DF4,0x7DF5,0x7DF5,0x7DF6,0x7DF7,0x7DF6,0x7DF6,0x7DF7,0x7DF8,0x7DF8,0x7DF9,0x7DF8,0x7DF8,0x7DF9,0x7DFA,
0x7DFB,0x7DFB,0x7DFA,0x7DFB,0x7DFB,0x7DFC,0x7DFD,0x7DFD,0x7DFC,0x7DFD,0x7DFE,0x7DFE,0x7DFF,0x7DFE,0x7DFE,0x7DFF,
0x7E00,0x7E00,0x7E00,0x7E01,0x7E01,0x7E01,0x7E02,0x7E02,0x7E02,0x7E03,0x7E03,0x7E04,0x7E04,0x7E04,0x7E05,0x7E05,
0x7E05,0x7E06,0x7E06,0x7E06,0x7E07,0x7E07,0x7E07,0x7E08,0x7E08,0x7E08,0x7E09,0x7E09,0x7E09,0x7E0A,0x7E0A,0x7E0A,
0x7E0B,0x7E0B,0x7E0B,0x7E0C,0x7E0C,0x7E0C,0x7E0D,0x7E0D,0x7E0D,0x7E0E,0x7E0E,0x7E0E,0x7E0F,0x7E0F,0x7E0F,0x7E10,
0x7E10,0x7E10,0x7E11,0x7E11,0x7E11,0x7E12,0x7E12,0x7E12,0x7E13,0x7E13,0x7E13,0x7E14,0x7E14,0x7E14,0x7E15,0x7E15,
0x7E15,0x7E16,0x7E16,0x7E16,0x7E17,0x7E17,0x7E17,0x7E18,0x7E18,0x7E18,0x7E19,0x7E19,0x7E19,0x7E1A,0x7E1A,0x7E1A,
0x7E1B,0x7E1B,0x7E1B,0x7E1C,0x7E1C,0x7E1C,0x7E1D,0x7E1D,0x7E1D,0x7E1E,0x7E1E,0x7E1E,0x7E1F,0x7E1F,0x7E1F,0x7E20,
0x7E20,0x7E20,0x7E21,0x7E21,0x7E21,0x7E22,0x7E22,0x7E22,0x7E23,0x7E23,0x7E23,0x7E23,0x7E24,0x7E24,0x7E24,0x7E25,
0x7E25,0x7E25,0x7E26,0x7E26,0x7E26,0x7E27,0x7E27,0x7E27,0x7E28,0x7E28,0x7E28,0x7E29,0x7E29,0x7E29,0x7E2A,0x7E2A,
0x7E2A,0x7E2B,0x7E2B,0x7E2B,0x7E2B,0x7E2C,0x7E2C,0x7E2C,0x7E2D,0x7E2D,0x7E2D,0x7E2E,0x7E2E,0x7E2E,0x7E2F,0x7E2F,
0x7E2F,0x7E30,0x7E30,0x7E30,0x7E30,0x7E31,0x7E31,0x7E31,0x7E32,0x7E32,0x7E32,0x7E33,0x7E33,0x7E33,0x7E34,0x7E34,
0x7E34,0x7E35,0x7E35,0x7E35,0x7E35,0x7E36,0x7E36,0x7E36,0x7E37,0x7E37,0x7E37,0x7E38,0x7E38,0x7E38,0x7E39,0x7E39,
0x7E39,0x7E39,0x7E3A,0x7E3A,0x7E3A,0x7E3B,0x7E3B,0x7E3B,0x7E3C,0x7E3C,0x7E3C,0x7E3D,0x7E3D,0x7E3D,0x7E3D,0x7E3E,
0x7E3E,0x7E3E,0x7E3F,0x7E3F,0x7E3F,0x7E40,0x7E40,0x7E40,0x7E41,0x7E41,0x7E41,0x7E41,0x7E42,0x7E42,0x7E42,0x7E43,
0x7E43,0x7E43,0x7E44,0x7E44,0x7E44,0x7E44,0x7E45,0x7E45,0x7E45,0x7E46,0x7E46,0x7E46,0x7E47,0x7E47,0x7E47,0x7E47,
0x7E48,0x7E48,0x7E48,0x7E49,0x7E49,0x7E49,0x7E49,0x7E4A,0x7E4A,0x7E4A,0x7E4B,0x7E4B,0x7E4B,0x7E4C,0x7E4C,0x7E4C,
0x7E4C,0x7E4D,0x7E4D,0x7E4D,0x7E4E,0x7E4E,0x7E4E,0x7E4E,0x7E4F,0x7E4F,0x7E4F,0x7E50,0x7E50,0x7E50,0x7E51,0x7E51,
0x7E51,0x7E51,0x7E52,0x7E52,0x7E52,0x7E53,0x7E53,0x7E53,0x7E53,0x7E54,0x7E54,0x7E54,0x7E55,0x7E55,0x7E55,0x7E55,
0x7E56,0x7E56,0x7E56,0x7E57,0x7E57,0x7E57,0x7E57,0x7E58,0x7E58,0x7E58,0x7E59,0x7E59,0x7E59,0x7E59,0x7E5A,0x7E5A,
0x7E5A,0x7E5B,0x7E5B,0x7E5B,0x7E5B,0x7E5C,0x7E5C,0x7E5C,0x7E5D,0x7E5D,0x7E5D,0x7E5D,0x7E5E,0x7E5E,0x7E5E,0x7E5F,
0x7E5F,0x7E5F,0x7E5F,0x7E60,0x7E60,0x7E60,0x7E61,0x7E61,0x7E61,0x7E61,0x7E62,0x7E62,0x7E62,0x7E63,0x7E63,0x7E63,
0x7E63,0x7E64,0x7E64,0x7E64,0x7E64,0x7E65,0x7E65,0x7E65,0x7E66,0x7E66,0x7E66,0x7E66,0x7E67,0x7E67,0x7E67,0x7E68,
0x7E68,0x7E68,0x7E68,0x7E69,0x7E69,0x7E69,0x7E69,0x7E6A,0x7E6A,0x7E6A,0x7E6B,0x7E6B,0x7E6B,0x7E6B,0x7E6C,0x7E6C,
0x7E6C,0x7E6C,0x7E6D,0x7E6D,0x7E6D,0x7E6E,0x7E6E,0x7E6E,0x7E6E,0x7E6F,0x7E6F,0x7E6F,0x7E6F,0x7E70,0x7E70,0x7E70,
0x7E71,0x7E71,0x7E71,0x7E71,0x7E72,0x7E72,0x7E72,0x7E72,0x7E73,0x7E73,0x7E73,0x7E73,0x7E74,0x7E74,0x7E74,0x7E75,
0x7E75,0x7E75,0x7E75,0x7E76,0x7E76,0x7E76,0x7E76,0x7E77,0x7E77,0x7E77,0x7E77,0x7E78,0x7E78,0x7E78,0x7E79,0x7E79,
0x7E79,0x7E79,0x7E7A,0x7E7A,0x7E7A,0x7E7A,0x7E7B,0x7E7B,0x7E7B,0x7E7B,0x7E7C,0x7E7C,0x7E7C,0x7E7D,0x7E7D,0x7E7D,
0x7E7D,0x7E7E,0x7E7E,0x7E7E,0x7E7E,0x7E7F,0x7E7F,0x7E7F,0x7E7F,0x7E80,0x7E80,0x7E80,0x7E80,0x7E81,0x7E81,0x7E81,
0x7E81,0x7E82,0x7E82,0x7E82,0x7E82,0x7E83,0x7E83,0x7E83,0x7E84,0x7E84,0x7E84,0x7E84,0x7E85,0x7E85,0x7E85,0x7E85,
0x7E86,0x7E86,0x7E86,0x7E86,0x7E87,0x7E87,0x7E87,0x7E87,0x7E88,0x7E88,0x7E88,0x7E88,0x7E89,0x7E89,0x7E89,0x7E89,
0x7E8A,0x7E8A,0x7E8A,0x7E8A,0x7E8B,0x7E8B,0x7E8B,0x7E8B,0x7E8C,0x7E8C,0x7E8C,0x7E8C,0x7E8D,0x7E8D,0x7E8D,0x7E8D,
0x7E8E,0x7E8E,0x7E8E,0x7E8E,0x7E8F,0x7E8F,0x7E8F,0x7E8F,0x7E90,0x7E90,0x7E90,0x7E90,0x7E91,0x7E91,0x7E91,0x7E91,
0x7E92,0x7E92,0x7E92,0x7E92,0x7E93,0x7E93,0x7E93,0x7E93,0x7E94,0x7E94,0x7E94,0x7E94,0x7E95,0x7E95,0x7E95,0x7E95,
0x7E96,0x7E96,0x7E96,0x7E96,0x7E97,0x7E97,0x7E97,0x7E97,0x7E98,0x7E98,0x7E98,0x7E98,0x7E99,0x7E99,0x7E99,0x7E99,
0x7E99,0x7E9A,0x7E9A,0x7E9A,0x7E9A,0x7E9B,0x7E9B,0x7E9B,0x7E9B,0x7E9C,0x7E9C,0x7E9C,0x7E9C,0x7E9D,0x7E9D,0x7E9D,
0x7E9D,0x7E9E,0x7E9E,0x7E9E,0x7E9E,0x7E9F,0x7E9F,0x7E9F,0x7E9F,0x7E9F,0x7EA0,0x7EA0,0x7EA0,0x7EA0,0x7EA1,0x7EA1,
0x7EA1,0x7EA1,0x7EA2,0x7EA2,0x7EA2,0x7EA2,0x7EA3,0x7EA3,0x7EA3,0x7EA3,0x7EA4,0x7EA4,0x7EA4,0x7EA4,0x7EA4,0x7EA5,
0x7EA5,0x7EA5,0x7EA5,0x7EA6,0x7EA6,0x7EA6,0x7EA6,0x7EA7,0x7EA7,0x7EA7,0x7EA7,0x7EA7,0x7EA8,0x7EA8,0x7EA8,0x7EA8,
0x7EA9,0x7EA9,0x7EA9,0x7EA9,0x7EAA,0x7EAA,0x7EAA,0x7EAA,0x7EAB,0x7EAB,0x7EAB,0x7EAB,0x7EAB,0x7EAC,0x7EAC,0x7EAC,
0x7EAC,0x7EAD,0x7EAD,0x7EAD,0x7EAD,0x7EAD,0x7EAE,0x7EAE,0x7EAE,0x7EAE,0x7EAF,0x7EAF,0x7EAF,0x7EAF,0x7EB0,0x7EB0,
0x7EB0,0x7EB0,0x7EB0,0x7EB1,0x7EB1,0x7EB1,0x7EB1,0x7EB2,0x7EB2,0x7EB2,0x7EB2,0x7EB2,0x7EB3,0x7EB3,0x7EB3,0x7EB3,
0x7EB4,0x7EB4,0x7EB4,0x7EB4,0x7EB5,0x7EB5,0x7EB5,0x7EB5,0x7EB5,0x7EB6,0x7EB6,0x7EB6,0x7EB6,0x7EB7,0x7EB7,0x7EB7,
0x7EB7,0x7EB7,0x7EB8,0x7EB8,0x7EB8,0x7EB8,0x7EB9,0x7EB9,0x7EB9,0x7EB9,0x7EB9,0x7EBA,0x7EBA,0x7EBA,0x7EBA,0x7EBA,
0x7EBB,0x7EBB,0x7EBB,0x7EBB,0x7EBC,0x7EBC,0x7EBC,0x7EBC,0x7EBC,0x7EBD,0x7EBD,0x7EBD,0x7EBD,0x7EBE,0x7EBE,0x7EBE,
0x7EBE,0x7EBE,0x7EBF,0x7EBF,0x7EBF,0x7EBF,0x7EC0,0x7EC0,0x7EC0,0x7EC0,0x7EC0,0x7EC1,0x7EC1,0x7EC1,0x7EC1,0x7EC1,
0x7EC2,0x7EC2,0x7EC2,0x7EC2,0x7EC3,0x7EC3,0x7EC3,0x7EC3,0x7EC3,0x7EC4,0x7EC4,0x7EC4,0x7EC4,0x7EC4,0x7EC5,0x7EC5,
0x7EC5,0x7EC5,0x7EC6,0x7EC6,0x7EC6,0x7EC6,0x7EC6,0x7EC7,0x7EC7,0x7EC7,0x7EC7,0x7EC7,0x7EC8,0x7EC8,0x7EC8,0x7EC8,
0x7EC8,0x7EC9,0x7EC9,0x7EC9,0x7EC9,0x7ECA,0x7ECA,0x7ECA,0x7ECA,0x7ECA,0x7ECB,0x7ECB,0x7ECB,0x7ECB,0x7ECB,0x7ECC,
0x7ECC,0x7ECC,0x7ECC,0x7ECC,0x7ECD,0x7ECD,0x7ECD,0x7ECD,0x7ECD,0x7ECE,0x7ECE,0x7ECE,0x7ECE,0x7ECF,0x7ECF,0x7ECF,
0x7ECF,0x7ECF,0x7ED0,0x7ED0,0x7ED0,0x7ED0,0x7ED0,0x7ED1,0x7ED1,0x7ED1,0x7ED1,0x7ED1,0x7ED2,0x7ED2,0x7ED2,0x7ED2,
0x7ED2,0x7ED3,0x7ED3,0x7ED3,0x7ED3,0x7ED3,0x7ED4,0x7ED4,0x7ED4,0x7ED4,0x7ED4,0x7ED5,0x7ED5,0x7ED5,0x7ED5,0x7ED5,
0x7ED6,0x7ED6,0x7ED6,0x7ED6,0x7ED6,0x7ED7,0x7ED7,0x7ED7,0x7ED7,0x7ED7,0x7ED8,0x7ED8,0x7ED8,0x7ED8,0x7ED8,0x7ED9,
0x7ED9,0x7ED9,0x7ED9,0x7ED9,0x7EDA,0x7EDA,0x7EDA,0x7EDA,0x7EDA,0x7EDB,0x7EDB,0x7EDB,0x7EDB,0x7EDB,0x7EDC,0x7EDC,
0x7EDC,0x7EDC,0x7EDC,0x7EDD,0x7EDD,0x7EDD,0x7EDD,0x7EDD,0x7EDE,0x7EDE,0x7EDE,0x7EDE,0x7EDE,0x7EDF,0x7EDF,0x7EDF,
0x7EDF,0x7EDF,0x7EE0,0x7EE0,0x7EE0,0x7EE0,0x7EE0,0x7EE1,0x7EE1,0x7EE1,0x7EE1,0x7EE1,0x7EE2,0x7EE2,0x7EE2,0x7EE2,
0x7EE2,0x7EE2,0x7EE3,0x7EE3,0x7EE3,0x7EE3,0x7EE3,0x7EE4,0x7EE4,0x7EE4,0x7EE4,0x7EE4,0x7EE5,0x7EE5,0x7EE5,0x7EE5,
0x7EE5,0x7EE6,0x7EE6,0x7EE6,0x7EE6,0x7EE6,0x7EE6,0x7EE7,0x7EE7,0x7EE7,0x7EE7,0x7EE7,0x7EE8,0x7EE8,0x7EE8,0x7EE8,
0x7EE8,0x7EE9,0x7EE9,0x7EE9,0x7EE9,0x7EE9,0x7EEA,0x7EEA,0x7EEA,0x7EEA,0x7EEA,0x7EEA,0x7EEB,0x7EEB,0x7EEB,0x7EEB,
0x7EEB,0x7EEC,0x7EEC,0x7EEC,0x7EEC,0x7EEC,0x7EED,0x7EED,0x7EED,0x7EED,0x7EED,0x7EED,0x7EEE,0x7EEE,0x7EEE,0x7EEE,
0x7EEE,0x7EEF,0x7EEF,0x7EEF,0x7EEF,0x7EEF,0x7EEF,0x7EF0,0x7EF0,0x7EF0,0x7EF0,0x7EF0,0x7EF1,0x7EF1,0x7EF1,0x7EF1,
0x7EF1,0x7EF1,0x7EF2,0x7EF2,0x7EF2,0x7EF2,0x7EF2,0x7EF3,0x7EF3,0x7EF3,0x7EF3,0x7EF3,0x7EF3,0x7EF4,0x7EF4,0x7EF4,
0x7EF4,0x7EF4,0x7EF5,0x7EF5,0x7EF5,0x7EF5,0x7EF5,0x7EF5,0x7EF6,0x7EF6,0x7EF6,0x7EF6,0x7EF6,0x7EF7,0x7EF7,0x7EF7,
0x7EF7,0x7EF7,0x7EF7,0x7EF8,0x7EF8,0x7EF8,0x7EF8,0x7EF8,0x7EF9,0x7EF9,0x7EF9,0x7EF9,0x7EF9,0x7EF9,0x7EFA,0x7EFA,
0x7EFA,0x7EFA,0x7EFA,0x7EFA,0x7EFB,0x7EFB,0x7EFB,0x7EFB,0x7EFB,0x7EFC,0x7EFC,0x7EFC,0x7EFC,0x7EFC,0x7EFC,0x7EFD,
0x7EFD,0x7EFD,0x7EFD,0x7EFD,0x7EFD,0x7EFE,0x7EFE,0x7EFE,0x7EFE,0x7EFE,0x7EFF,0x7EFF,0x7EFF,0x7EFF,0x7EFF,0x7EFF,
0x7F00,0x7F00,0x7F00,0x7F00,0x7F00,0x7F00,0x7F01,0x7F01,0x7F01,0x7F01,0x7F01,0x7F02,0x7F02,0x7F02,0x7F02,0x7F02,
0x7F02,0x7F03,0x7F03,0x7F03,0x7F03,0x7F03,0x7F03,0x7F04,0x7F04,0x7F04,0x7F04,0x7F04,0x7F04,0x7F05,0x7F05,0x7F05,
0x7F05,0x7F05,0x7F05,0x7F06,0x7F06,0x7F06,0x7F06,0x7F06,0x7F06,0x7F07,0x7F07,0x7F07,0x7F07,0x7F07,0x7F07,0x7F08,
0x7F08,0x7F08,0x7F08,0x7F08,0x7F08,0x7F09,0x7F09,0x7F09,0x7F09,0x7F09,0x7F09,0x7F0A,0x7F0A,0x7F0A,0x7F0A,0x7F0A,
0x7F0A,0x7F0B,0x7F0B,0x7F0B,0x7F0B,0x7F0B,0x7F0B,0x7F0C,0x7F0C,0x7F0C,0x7F0C,0x7F0C,0x7F0C,0x7F0D,0x7F0D,0x7F0D,
0x7F0D,0x7F0D,0x7F0D,0x7F0E,0x7F0E,0x7F0E,0x7F0E,0x7F0E,0x7F0E,0x7F0F,0x7F0F,0x7F0F,0x7F0F,0x7F0F,0x7F0F,0x7F10,
0x7F10,0x7F10,0x7F10,0x7F10,0x7F10,0x7F11,0x7F11,0x7F11,0x7F11,0x7F11,0x7F11,0x7F11,0x7F12,0x7F12,0x7F12,0x7F12,
0x7F12,0x7F12,0x7F13,0x7F13,0x7F13,0x7F13,0x7F13,0x7F13,0x7F14,0x7F14,0x7F14,0x7F14,0x7F14,0x7F14,0x7F15,0x7F15,
0x7F15,0x7F15,0x7F15,0x7F15,0x7F15,0x7F16,0x7F16,0x7F16,0x7F16,0x7F16,0x7F16,0x7F17,0x7F17,0x7F17,0x7F17,0x7F17,
0x7F17,0x7F18,0x7F18,0x7F18,0x7F18,0x7F18,0x7F18,0x7F18,0x7F19,0x7F19,0x7F19,0x7F19,0x7F19,0x7F19,0x7F1A,0x7F1A,
0x7F1A,0x7F1A,0x7F1A,0x7F1A,0x7F1A,0x7F1B,0x7F1B,0x7F1B,0x7F1B,0x7F1B,0x7F1B,0x7F1C,0x7F1C,0x7F1C,0x7F1C,0x7F1C,
0x7F1C,0x7F1C,0x7F1D,0x7F1D,0x7F1D,0x7F1D,0x7F1D,0x7F1D,0x7F1E,0x7F1E,0x7F1E,0x7F1E,0x7F1E,0x7F1E,0x7F1E,0x7F1F,
0x7F1F,0x7F1F,0x7F1F,0x7F1F,0x7F1F,0x7F20,0x7F20,0x7F20,0x7F20,0x7F20,0x7F20,0x7F20,0x7F21,0x7F21,0x7F21,0x7F21,
0x7F21,0x7F21,0x7F22,0x7F22,0x7F22,0x7F22,0x7F22,0x7F22,0x7F22,0x7F23,0x7F23,0x7F23,0x7F23,0x7F23,0x7F23,0x7F23,
0x7F24,0x7F24,0x7F24,0x7F24,0x7F24,0x7F24,0x7F24,0x7F25,0x7F25,0x7F25,0x7F25,0x7F25,0x7F25,0x7F26,0x7F26,0x7F26,
0x7F26,0x7F26,0x7F26,0x7F26,0x7F27,0x7F27,0x7F27,0x7F27,0x7F27,0x7F27,0x7F27,0x7F28,0x7F28,0x7F28,0x7F28,0x7F28,
0x7F28,0x7F28,0x7F29,0x7F29,0x7F29,0x7F29,0x7F29,0x7F29,0x7F29,0x7F2A,0x7F2A,0x7F2A,0x7F2A,0x7F2A,0x7F2A,0x7F2A,
0x7F2B,0x7F2B,0x7F2B,0x7F2B,0x7F2B,0x7F2B,0x7F2B,0x7F2C,0x7F2C,0x7F2C,0x7F2C,0x7F2C,0x7F2C,0x7F2C,0x7F2D,0x7F2D,
0x7F2D,0x7F2D,0x7F2D,0x7F2D,0x7F2D,0x7F2E,0x7F2E,0x7F2E,0x7F2E,0x7F2E,0x7F2E,0x7F2E,0x7F2F,0x7F2F,0x7F2F,0x7F2F,
0x7F2F,0x7F2F,0x7F2F,0x7F30,0x7F30,0x7F30,0x7F30,0x7F30,0x7F30,0x7F30,0x7F31,0x7F31,0x7F31,0x7F31,0x7F31,0x7F31,
0x7F31,0x7F32,0x7F32,0x7F32,0x7F32,0x7F32,0x7F32,0x7F32,0x7F33,0x7F33,0x7F33,0x7F33,0x7F33,0x7F33,0x7F33,0x7F34,
0x7F34,0x7F34,0x7F34,0x7F34,0x7F34,0x7F34,0x7F34,0x7F35,0x7F35,0x7F35,0x7F35,0x7F35,0x7F35,0x7F35,0x7F36,0x7F36,
0x7F36,0x7F36,0x7F36,0x7F36,0x7F36,0x7F37,0x7F37,0x7F37,0x7F37,0x7F37,0x7F37,0x7F37,0x7F37,0x7F38,0x7F38,0x7F38,
0x7F38,0x7F38,0x7F38,0x7F38,0x7F39,0x7F39,0x7F39,0x7F39,0x7F39,0x7F39,0x7F39,0x7F39,0x7F3A,0x7F3A,0x7F3A,0x7F3A,
0x7F3A,0x7F3A,0x7F3A,0x7F3B,0x7F3B,0x7F3B,0x7F3B,0x7F3B,0x7F3B,0x7F3B,0x7F3B,0x7F3C,0x7F3C,0x7F3C,0x7F3C,0x7F3C,
0x7F3C,0x7F3C,0x7F3D,0x7F3D,0x7F3D,0x7F3D,0x7F3D,0x7F3D,0x7F3D,0x7F3D,0x7F3E,0x7F3E,0x7F3E,0x7F3E,0x7F3E,0x7F3E,
0x7F3E,0x7F3F,0x7F3F,0x7F3F,0x7F3F,0x7F3F,0x7F3F,0x7F3F,0x7F3F,0x7F40,0x7F40,0x7F40,0x7F40,0x7F40,0x7F40,0x7F40,
0x7F40,0x7F41,0x7F41,0x7F41,0x7F41,0x7F41,0x7F41,0x7F41,0x7F42,0x7F42,0x7F42,0x7F42,0x7F42,0x7F42,0x7F42,0x7F42,
0x7F43,0x7F43,0x7F43,0x7F43,0x7F43,0x7F43,0x7F43,0x7F43,0x7F44,0x7F44,0x7F44,0x7F44,0x7F44,0x7F44,0x7F44,0x7F44,
0x7F45,0x7F45,0x7F45,0x7F45,0x7F45,0x7F45,0x7F45,0x7F45,0x7F46,0x7F46,0x7F46,0x7F46,0x7F46,0x7F46,0x7F46,0x7F46,
0x7F47,0x7F47,0x7F47,0x7F47,0x7F47,0x7F47,0x7F47,0x7F47,0x7F48,0x7F48,0x7F48,0x7F48,0x7F48,0x7F48,0x7F48,0x7F48,
0x7F49,0x7F49,0x7F49,0x7F49,0x7F49,0x7F49,0x7F49,0x7F49,0x7F4A,0x7F4A,0x7F4A,0x7F4A,0x7F4A,0x7F4A,0x7F4A,0x7F4A,
0x7F4B,0x7F4B,0x7F4B,0x7F4B,0x7F4B,0x7F4B,0x7F4B,0x7F4B,0x7F4C,0x7F4C,0x7F4C,0x7F4C,0x7F4C,0x7F4C,0x7F4C,0x7F4C,
0x7F4C,0x7F4D,0x7F4D,0x7F4D,0x7F4D,0x7F4D,0x7F4D,0x7F4D,0x7F4D,0x7F4E,0x7F4E,0x7F4E,0x7F4E,0x7F4E,0x7F4E,0x7F4E,
0x7F4E,0x7F4F,0x7F4F,0x7F4F,0x7F4F,0x7F4F,0x7F4F,0x7F4F,0x7F4F,0x7F4F,0x7F50,0x7F50,0x7F50,0x7F50,0x7F50,0x7F50,
0x7F50,0x7F50,0x7F51,0x7F51,0x7F51,0x7F51,0x7F51,0x7F51,0x7F51,0x7F51,0x7F52,0x7F52,0x7F52,0x7F52,0x7F52,0x7F52,
0x7F52,0x7F52,0x7F52,0x7F53,0x7F53,0x7F53,0x7F53,0x7F53,0x7F53,0x7F53,0x7F53,0x7F53,0x7F54,0x7F54,0x7F54,0x7F54,
0x7F54,0x7F54,0x7F54,0x7F54,0x7F55,0x7F55,0x7F55,0x7F55,0x7F55,0x7F55,0x7F55,0x7F55,0x7F55,0x7F56,0x7F56,0x7F56,
0x7F56,0x7F56,0x7F56,0x7F56,0x7F56,0x7F56,0x7F57,0x7F57,0x7F57,0x7F57,0x7F57,0x7F57,0x7F57,0x7F57,0x7F58,0x7F58,
0x7F58,0x7F58,0x7F58,0x7F58,0x7F58,0x7F58,0x7F58,0x7F59,0x7F59,0x7F59,0x7F59,0x7F59,0x7F59,0x7F59,0x7F59,0x7F59,
0x7F5A,0x7F5A,0x7F5A,0x7F5A,0x7F5A,0x7F5A,0x7F5A,0x7F5A,0x7F5A,0x7F5B,0x7F5B,0x7F5B,0x7F5B,0x7F5B,0x7F5B,0x7F5B,
0x7F5B,0x7F5B,0x7F5C,0x7F5C,0x7F5C,0x7F5C,0x7F5C,0x7F5C,0x7F5C,0x7F5C,0x7F5C,0x7F5D,0x7F5D,0x7F5D,0x7F5D,0x7F5D,
0x7F5D,0x7F5D,0x7F5D,0x7F5D,0x7F5E,0x7F5E,0x7F5E,0x7F5E,0x7F5E,0x7F5E,0x7F5E,0x7F5E,0x7F5E,0x7F5F,0x7F5F,0x7F5F,
0x7F5F,0x7F5F,0x7F5F,0x7F5F,0x7F5F,0x7F5F,0x7F60,0x7F60,0x7F60,0x7F60,0x7F60,0x7F60,0x7F60,0x7F60,0x7F60,0x7F60,
0x7F61,0x7F61,0x7F61,0x7F61,0x7F61,0x7F61,0x7F61,0x7F61,0x7F61,0x7F62,0x7F62,0x7F62,0x7F62,0x7F62,0x7F62,0x7F62,
0x7F62,0x7F62,0x7F63,0x7F63,0x7F63,0x7F63,0x7F63,0x7F63,0x7F63,0x7F63,0x7F63,0x7F63,0x7F64,0x7F64,0x7F64,0x7F64,
0x7F64,0x7F64,0x7F64,0x7F64,0x7F64,0x7F65,0x7F65,0x7F65,0x7F65,0x7F65,0x7F65,0x7F65,0x7F65,0x7F65,0x7F65,0x7F66,
0x7F66,0x7F66,0x7F66,0x7F66,0x7F66,0x7F66,0x7F66,0x7F66,0x7F66,0x7F67,0x7F67,0x7F67,0x7F67,0x7F67,0x7F67,0x7F67,
0x7F67,0x7F67,0x7F68,0x7F68,0x7F68,0x7F68,0x7F68,0x7F68,0x7F68,0x7F68,0x7F68,0x7F68,0x7F69,0x7F69,0x7F69,0x7F69,
0x7F69,0x7F69,0x7F69,0x7F69,0x7F69,0x7F69,0x7F6A,0x7F6A,0x7F6A,0x7F6A,0x7F6A,0x7F6A,0x7F6A,0x7F6A,0x7F6A,0x7F6A,
0x7F6B,0x7F6B,0x7F6B,0x7F6B,0x7F6B,0x7F6B,0x7F6B,0x7F6B,0x7F6B,0x7F6B,0x7F6C,0x7F6C,0x7F6C,0x7F6C,0x7F6C,0x7F6C,
0x7F6C,0x7F6C,0x7F6C,0x7F6C,0x7F6D,0x7F6D,0x7F6D,0x7F6D,0x7F6D,0x7F6D,0x7F6D,0x7F6D,0x7F6D,0x7F6D,0x7F6E,0x7F6E,
0x7F6E,0x7F6E,0x7F6E,0x7F6E,0x7F6E,0x7F6E,0x7F6E,0x7F6E,0x7F6F,0x7F6F,0x7F6F,0x7F6F,0x7F6F,0x7F6F,0x7F6F,0x7F6F,
0x7F6F,0x7F6F,0x7F70,0x7F70,0x7F70,0x7F70,0x7F70,0x7F70,0x7F70,0x7F70,0x7F70,0x7F70,0x7F71,0x7F71,0x7F71,0x7F71,
0x7F71,0x7F71,0x7F71,0x7F71,0x7F71,0x7F71,0x7F71,0x7F72,0x7F72,0x7F72,0x7F72,0x7F72,0x7F72,0x7F72,0x7F72,0x7F72,
0x7F72,0x7F73,0x7F73,0x7F73,0x7F73,0x7F73,0x7F73,0x7F73,0x7F73,0x7F73,0x7F73,0x7F73,0x7F74,0x7F74,0x7F74,0x7F74,
0x7F74,0x7F74,0x7F74,0x7F74,0x7F74,0x7F74,0x7F75,0x7F75,0x7F75,0x7F75,0x7F75,0x7F75,0x7F75,0x7F75,0x7F75,0x7F75,
0x7F75,0x7F76,0x7F76,0x7F76,0x7F76,0x7F76,0x7F76,0x7F76,0x7F76,0x7F76,0x7F76,0x7F76,0x7F77,0x7F77,0x7F77,0x7F77,
0x7F77,0x7F77,0x7F77,0x7F77,0x7F77,0x7F77,0x7F77,0x7F78,0x7F78,0x7F78,0x7F78,0x7F78,0x7F78,0x7F78,0x7F78,0x7F78,
0x7F78,0x7F78,0x7F79,0x7F79,0x7F79,0x7F79,0x7F79,0x7F79,0x7F79,0x7F79,0x7F79,0x7F79,0x7F79,0x7F7A,0x7F7A,0x7F7A,
0x7F7A,0x7F7A,0x7F7A,0x7F7A,0x7F7A,0x7F7A,0x7F7A,0x7F7A,0x7F7B,0x7F7B,0x7F7B,0x7F7B,0x7F7B,0x7F7B,0x7F7B,0x7F7B,
0x7F7B,0x7F7B,0x7F7B,0x7F7C,0x7F7C,0x7F7C,0x7F7C,0x7F7C,0x7F7C,0x7F7C,0x7F7C,0x7F7C,0x7F7C,0x7F7C,0x7F7D,0x7F7D,
0x7F7D,0x7F7D,0x7F7D,0x7F7D,0x7F7D,0x7F7D,0x7F7D,0x7F7D,0x7F7D,0x7F7E,0x7F7E,0x7F7E,0x7F7E,0x7F7E,0x7F7E,0x7F7E,
0x7F7E,0x7F7E,0x7F7E,0x7F7E,0x7F7E,0x7F7F,0x7F7F,0x7F7F,0x7F7F,0x7F7F,0x7F7F,0x7F7F,0x7F7F,0x7F7F,0x7F7F,0x7F7F,
0x7F80,0x7F80,0x7F80,0x7F80,0x7F80,0x7F80,0x7F80,0x7F80,0x7F80,0x7F80,0x7F80,0x7F81,0x7F81,0x7F81,0x7F81,0x7F81,
0x7F81,0x7F81,0x7F81,0x7F81,0x7F81,0x7F81,0x7F81,0x7F82,0x7F82,0x7F82,0x7F82,0x7F82,0x7F82,0x7F82,0x7F82,0x7F82,
0x7F82,0x7F82,0x7F82,0x7F83,0x7F83,0x7F83,0x7F83,0x7F83,0x7F83,0x7F83,0x7F83,0x7F83,0x7F83,0x7F83,0x7F83,0x7F84,
0x7F84,0x7F84,0x7F84,0x7F84,0x7F84,0x7F84,0x7F84,0x7F84,0x7F84,0x7F84,0x7F84,0x7F85,0x7F85,0x7F85,0x7F85,0x7F85,
0x7F85,0x7F85,0x7F85,0x7F85,0x7F85,0x7F85,0x7F85,0x7F86,0x7F86,0x7F86,0x7F86,0x7F86,0x7F86,0x7F86,0x7F86,0x7F86,
0x7F86,0x7F86,0x7F86,0x7F87,0x7F87,0x7F87,0x7F87,0x7F87,0x7F87,0x7F87,0x7F87,0x7F87,0x7F87,0x7F87,0x7F87,0x7F88,
0x7F88,0x7F88,0x7F88,0x7F88,0x7F88,0x7F88,0x7F88,0x7F88,0x7F88,0x7F88,0x7F88,0x7F88,0x7F89,0x7F89,0x7F89,0x7F89,
0x7F89,0x7F89,0x7F89,0x7F89,0x7F89,0x7F89,0x7F89,0x7F89,0x7F8A,0x7F8A,0x7F8A,0x7F8A,0x7F8A,0x7F8A,0x7F8A,0x7F8A,
0x7F8A,0x7F8A,0x7F8A,0x7F8A,0x7F8A,0x7F8B,0x7F8B,0x7F8B,0x7F8B,0x7F8B,0x7F8B,0x7F8B,0x7F8B,0x7F8B,0x7F8B,0x7F8B,
0x7F8B,0x7F8C,0x7F8C,0x7F8C,0x7F8C,0x7F8C,0x7F8C,0x7F8C,0x7F8C,0x7F8C,0x7F8C,0x7F8C,0x7F8C,0x7F8C,0x7F8D,0x7F8D,
0x7F8D,0x7F8D,0x7F8D,0x7F8D,0x7F8D,0x7F8D,0x7F8D,0x7F8D,0x7F8D,0x7F8D,0x7F8D,0x7F8E,0x7F8E,0x7F8E,0x7F8E,0x7F8E,
0x7F8E,0x7F8E,0x7F8E,0x7F8E,0x7F8E,0x7F8E,0x7F8E,0x7F8E,0x7F8F,0x7F8F,0x7F8F,0x7F8F,0x7F8F,0x7F8F,0x7F8F,0x7F8F,
0x7F8F,0x7F8F,0x7F8F,0x7F8F,0x7F8F,0x7F90,0x7F90,0x7F90,0x7F90,0x7F90,0x7F90,0x7F90,0x7F90,0x7F90,0x7F90,0x7F90,
0x7F90,0x7F90,0x7F91,0x7F91,0x7F91,0x7F91,0x7F91,0x7F91,0x7F91,0x7F91,0x7F91,0x7F91,0x7F91,0x7F91,0x7F91,0x7F91,
0x7F92,0x7F92,0x7F92,0x7F92,0x7F92,0x7F92,0x7F92,0x7F92,0x7F92,0x7F92,0x7F92,0x7F92,0x7F92,0x7F93,0x7F93,0x7F93,
0x7F93,0x7F93,0x7F93,0x7F93,0x7F93,0x7F93,0x7F93,0x7F93,0x7F93,0x7F93,0x7F93,0x7F94,0x7F94,0x7F94,0x7F94,0x7F94,
0x7F94,0x7F94,0x7F94,0x7F94,0x7F94,0x7F94,0x7F94,0x7F94,0x7F94,0x7F95,0x7F95,0x7F95,0x7F95,0x7F95,0x7F95,0x7F95,
0x7F95,0x7F95,0x7F95,0x7F95,0x7F95,0x7F95,0x7F95,0x7F96,0x7F96,0x7F96,0x7F96,0x7F96,0x7F96,0x7F96,0x7F96,0x7F96,
0x7F96,0x7F96,0x7F96,0x7F96,0x7F96,0x7F97,0x7F97,0x7F97,0x7F97,0x7F97,0x7F97,0x7F97,0x7F97,0x7F97,0x7F97,0x7F97,
0x7F97,0x7F97,0x7F97,0x7F98,0x7F98,0x7F98,0x7F98,0x7F98,0x7F98,0x7F98,0x7F98,0x7F98,0x7F98,0x7F98,0x7F98,0x7F98,
0x7F98,0x7F99,0x7F99,0x7F99,0x7F99,0x7F99,0x7F99,0x7F99,0x7F99,0x7F99,0x7F99,0x7F99,0x7F99,0x7F99,0x7F99,0x7F9A,
0x7F9A,0x7F9A,0x7F9A,0x7F9A,0x7F9A,0x7F9A,0x7F9A,0x7F9A,0x7F9A,0x7F9A,0x7F9A,0x7F9A,0x7F9A,0x7F9A,0x7F9B,0x7F9B,
0x7F9B,0x7F9B,0x7F9B,0x7F9B,0x7F9B,0x7F9B,0x7F9B,0x7F9B,0x7F9B,0x7F9B,0x7F9B,0x7F9B,0x7F9B,0x7F9C,0x7F9C,0x7F9C,
0x7F9C,0x7F9C,0x7F9C,0x7F9C,0x7F9C,0x7F9C,0x7F9C,0x7F9C,0x7F9C,0x7F9C,0x7F9C,0x7F9C,0x7F9D,0x7F9D,0x7F9D,0x7F9D,
0x7F9D,0x7F9D,0x7F9D,0x7F9D,0x7F9D,0x7F9D,0x7F9D,0x7F9D,0x7F9D,0x7F9D,0x7F9D,0x7F9E,0x7F9E,0x7F9E,0x7F9E,0x7F9E,
0x7F9E,0x7F9E,0x7F9E,0x7F9E,0x7F9E,0x7F9E,0x7F9E,0x7F9E,0x7F9E,0x7F9E,0x7F9F,0x7F9F,0x7F9F,0x7F9F,0x7F9F,0x7F9F,
0x7F9F,0x7F9F,0x7F9F,0x7F9F,0x7F9F,0x7F9F,0x7F9F,0x7F9F,0x7F9F,0x7FA0,0x7FA0,0x7FA0,0x7FA0,0x7FA0,0x7FA0,0x7FA0,
0x7FA0,0x7FA0,0x7FA0,0x7FA0,0x7FA0,0x7FA0,0x7FA0,0x7FA0,0x7FA1,0x7FA1,0x7FA1,0x7FA1,0x7FA1,0x7FA1,0x7FA1,0x7FA1,
0x7FA1,0x7FA1,0x7FA1,0x7FA1,0x7FA1,0x7FA1,0x7FA1,0x7FA1,0x7FA2,0x7FA2,0x7FA2,0x7FA2,0x7FA2,0x7FA2,0x7FA2,0x7FA2,
0x7FA2,0x7FA2,0x7FA2,0x7FA2,0x7FA2,0x7FA2,0x7FA2,0x7FA2,0x7FA3,0x7FA3,0x7FA3,0x7FA3,0x7FA3,0x7FA3,0x7FA3,0x7FA3,
0x7FA3,0x7FA3,0x7FA3,0x7FA3,0x7FA3,0x7FA3,0x7FA3,0x7FA3,0x7FA4,0x7FA4,0x7FA4,0x7FA4,0x7FA4,0x7FA4,0x7FA4,0x7FA4,
0x7FA4,0x7FA4,0x7FA4,0x7FA4,0x7FA4,0x7FA4,0x7FA4,0x7FA4,0x7FA5,0x7FA5,0x7FA5,0x7FA5,0x7FA5,0x7FA5,0x7FA5,0x7FA5,
0x7FA5,0x7FA5,0x7FA5,0x7FA5,0x7FA5,0x7FA5,0x7FA5,0x7FA5,0x7FA6,0x7FA6,0x7FA6,0x7FA6,0x7FA6,0x7FA6,0x7FA6,0x7FA6,
0x7FA6,0x7FA6,0x7FA6,0x7FA6,0x7FA6,0x7FA6,0x7FA6,0x7FA6,0x7FA6,0x7FA7,0x7FA7,0x7FA7,0x7FA7,0x7FA7,0x7FA7,0x7FA7,
0x7FA7,0x7FA7,0x7FA7,0x7FA7,0x7FA7,0x7FA7,0x7FA7,0x7FA7,0x7FA7,0x7FA7,0x7FA8,0x7FA8,0x7FA8,0x7FA8,0x7FA8,0x7FA8,
0x7FA8,0x7FA8,0x7FA8,0x7FA8,0x7FA8,0x7FA8,0x7FA8,0x7FA8,0x7FA8,0x7FA8,0x7FA9,0x7FA9,0x7FA9,0x7FA9,0x7FA9,0x7FA9,
0x7FA9,0x7FA9,0x7FA9,0x7FA9,0x7FA9,0x7FA9,0x7FA9,0x7FA9,0x7FA9,0x7FA9,0x7FA9,0x7FA9,0x7FAA,0x7FAA,0x7FAA,0x7FAA,
0x7FAA,0x7FAA,0x7FAA,0x7FAA,0x7FAA,0x7FAA,0x7FAA,0x7FAA,0x7FAA,0x7FAA,0x7FAA,0x7FAA,0x7FAA,0x7FAB,0x7FAB,0x7FAB,
0x7FAB,0x7FAB,0x7FAB,0x7FAB,0x7FAB,0x7FAB,0x7FAB,0x7FAB,0x7FAB,0x7FAB,0x7FAB,0x7FAB,0x7FAB,0x7FAB,0x7FAC,0x7FAC,
0x7FAC,0x7FAC,0x7FAC,0x7FAC,0x7FAC,0x7FAC,0x7FAC,0x7FAC,0x7FAC,0x7FAC,0x7FAC,0x7FAC,0x7FAC,0x7FAC,0x7FAC,0x7FAC,
0x7FAD,0x7FAD,0x7FAD,0x7FAD,0x7FAD,0x7FAD,0x7FAD,0x7FAD,0x7FAD,0x7FAD,0x7FAD,0x7FAD,0x7FAD,0x7FAD,0x7FAD,0x7FAD,
0x7FAD,0x7FAD,0x7FAE,0x7FAE,0x7FAE,0x7FAE,0x7FAE,0x7FAE,0x7FAE,0x7FAE,0x7FAE,0x7FAE,0x7FAE,0x7FAE,0x7FAE,0x7FAE,
0x7FAE,0x7FAE,0x7FAE,0x7FAE,0x7FAF,0x7FAF,0x7FAF,0x7FAF,0x7FAF,0x7FAF,0x7FAF,0x7FAF,0x7FAF,0x7FAF,0x7FAF,0x7FAF,
0x7FAF,0x7FAF,0x7FAF,0x7FAF,0x7FAF,0x7FAF,0x7FB0,0x7FB0,0x7FB0,0x7FB0,0x7FB0,0x7FB0,0x7FB0,0x7FB0,0x7FB0,0x7FB0,
0x7FB0,0x7FB0,0x7FB0,0x7FB0,0x7FB0,0x7FB0,0x7FB0,0x7FB0,0x7FB0,0x7FB1,0x7FB1,0x7FB1,0x7FB1,0x7FB1,0x7FB1,0x7FB1,
0x7FB1,0x7FB1,0x7FB1,0x7FB1,0x7FB1,0x7FB1,0x7FB1,0x7FB1,0x7FB1,0x7FB1,0x7FB1,0x7FB1,0x7FB2,0x7FB2,0x7FB2,0x7FB2,
0x7FB2,0x7FB2,0x7FB2,0x7FB2,0x7FB2,0x7FB2,0x7FB2,0x7FB2,0x7FB2,0x7FB2,0x7FB2,0x7FB2,0x7FB2,0x7FB2,0x7FB2,0x7FB3,
0x7FB3,0x7FB3,0x7FB3,0x7FB3,0x7FB3,0x7FB3,0x7FB3,0x7FB3,0x7FB3,0x7FB3,0x7FB3,0x7FB3,0x7FB3,0x7FB3,0x7FB3,0x7FB3,
0x7FB3,0x7FB3,0x7FB4,0x7FB4,0x7FB4,0x7FB4,0x7FB4,0x7FB4,0x7FB4,0x7FB4,0x7FB4,0x7FB4,0x7FB4,0x7FB4,0x7FB4,0x7FB4,
0x7FB4,0x7FB4,0x7FB4,0x7FB4,0x7FB4,0x7FB4,0x7FB5,0x7FB5,0x7FB5,0x7FB5,0x7FB5,0x7FB5,0x7FB5,0x7FB5,0x7FB5,0x7FB5,
0x7FB5,0x7FB5,0x7FB5,0x7FB5,0x7FB5,0x7FB5,0x7FB5,0x7FB5,0x7FB5,0x7FB5,0x7FB6,0x7FB6,0x7FB6,0x7FB6,0x7FB6,0x7FB6,
0x7FB6,0x7FB6,0x7FB6,0x7FB6,0x7FB6,0x7FB6,0x7FB6,0x7FB6,0x7FB6,0x7FB6,0x7FB6,0x7FB6,0x7FB6,0x7FB6,0x7FB7,0x7FB7,
0x7FB7,0x7FB7,0x7FB7,0x7FB7,0x7FB7,0x7FB7,0x7FB7,0x7FB7,0x7FB7,0x7FB7,0x7FB7,0x7FB7,0x7FB7,0x7FB7,0x7FB7,0x7FB7,
0x7FB7,0x7FB7,0x7FB8,0x7FB8,0x7FB8,0x7FB8,0x7FB8,0x7FB8,0x7FB8,0x7FB8,0x7FB8,0x7FB8,0x7FB8,0x7FB8,0x7FB8,0x7FB8,
0x7FB8,0x7FB8,0x7FB8,0x7FB8,0x7FB8,0x7FB8,0x7FB8,0x7FB9,0x7FB9,0x7FB9,0x7FB9,0x7FB9,0x7FB9,0x7FB9,0x7FB9,0x7FB9,
0x7FB9,0x7FB9,0x7FB9,0x7FB9,0x7FB9,0x7FB9,0x7FB9,0x7FB9,0x7FB9,0x7FB9,0x7FB9,0x7FB9,0x7FBA,0x7FBA,0x7FBA,0x7FBA,
0x7FBA,0x7FBA,0x7FBA,0x7FBA,0x7FBA,0x7FBA,0x7FBA,0x7FBA,0x7FBA,0x7FBA,0x7FBA,0x7FBA,0x7FBA,0x7FBA,0x7FBA,0x7FBA,
0x7FBA,0x7FBB,0x7FBB,0x7FBB,0x7FBB,0x7FBB,0x7FBB,0x7FBB,0x7FBB,0x7FBB,0x7FBB,0x7FBB,0x7FBB,0x7FBB,0x7FBB,0x7FBB,
0x7FBB,0x7FBB,0x7FBB,0x7FBB,0x7FBB,0x7FBB,0x7FBB,0x7FBC,0x7FBC,0x7FBC,0x7FBC,0x7FBC,0x7FBC,0x7FBC,0x7FBC,0x7FBC,
0x7FBC,0x7FBC,0x7FBC,0x7FBC,0x7FBC,0x7FBC,0x7FBC,0x7FBC,0x7FBC,0x7FBC,0x7FBC,0x7FBC,0x7FBC,0x7FBD,0x7FBD,0x7FBD,
0x7FBD,0x7FBD,0x7FBD,0x7FBD,0x7FBD,0x7FBD,0x7FBD,0x7FBD,0x7FBD,0x7FBD,0x7FBD,0x7FBD,0x7FBD,0x7FBD,0x7FBD,0x7FBD,
0x7FBD,0x7FBD,0x7FBD,0x7FBE,0x7FBE,0x7FBE,0x7FBE,0x7FBE,0x7FBE,0x7FBE,0x7FBE,0x7FBE,0x7FBE,0x7FBE,0x7FBE,0x7FBE,
0x7FBE,0x7FBE,0x7FBE,0x7FBE,0x7FBE,0x7FBE,0x7FBE,0x7FBE,0x7FBE,0x7FBF,0x7FBF,0x7FBF,0x7FBF,0x7FBF,0x7FBF,0x7FBF,
0x7FBF,0x7FBF,0x7FBF,0x7FBF,0x7FBF,0x7FBF,0x7FBF,0x7FBF,0x7FBF,0x7FBF,0x7FBF,0x7FBF,0x7FBF,0x7FBF,0x7FBF,0x7FBF,
0x7FC0,0x7FC0,0x7FC0,0x7FC0,0x7FC0,0x7FC0,0x7FC0,0x7FC0,0x7FC0,0x7FC0,0x7FC0,0x7FC0,0x7FC0,0x7FC0,0x7FC0,0x7FC0,
0x7FC0,0x7FC0,0x7FC0,0x7FC0,0x7FC0,0x7FC0,0x7FC0,0x7FC1,0x7FC1,0x7FC1,0x7FC1,0x7FC1,0x7FC1,0x7FC1,0x7FC1,0x7FC1,
0x7FC1,0x7FC1,0x7FC1,0x7FC1,0x7FC1,0x7FC1,0x7FC1,0x7FC1,0x7FC1,0x7FC1,0x7FC1,0x7FC1,0x7FC1,0x7FC1,0x7FC1,0x7FC2,
0x7FC2,0x7FC2,0x7FC2,0x7FC2,0x7FC2,0x7FC2,0x7FC2,0x7FC2,0x7FC2,0x7FC2,0x7FC2,0x7FC2,0x7FC2,0x7FC2,0x7FC2,0x7FC2,
0x7FC2,0x7FC2,0x7FC2,0x7FC2,0x7FC2,0x7FC2,0x7FC2,0x7FC3,0x7FC3,0x7FC3,0x7FC3,0x7FC3,0x7FC3,0x7FC3,0x7FC3,0x7FC3,
0x7FC3,0x7FC3,0x7FC3,0x7FC3,0x7FC3,0x7FC3,0x7FC3,0x7FC3,0x7FC3,0x7FC3,0x7FC3,0x7FC3,0x7FC3,0x7FC3,0x7FC3,0x7FC4,
0x7FC4,0x7FC4,0x7FC4,0x7FC4,0x7FC4,0x7FC4,0x7FC4,0x7FC4,0x7FC4,0x7FC4,0x7FC4,0x7FC4,0x7FC4,0x7FC4,0x7FC4,0x7FC4,
0x7FC4,0x7FC4,0x7FC4,0x7FC4,0x7FC4,0x7FC4,0x7FC4,0x7FC4,0x7FC5,0x7FC5,0x7FC5,0x7FC5,0x7FC5,0x7FC5,0x7FC5,0x7FC5,
0x7FC5,0x7FC5,0x7FC5,0x7FC5,0x7FC5,0x7FC5,0x7FC5,0x7FC5,0x7FC5,0x7FC5,0x7FC5,0x7FC5,0x7FC5,0x7FC5,0x7FC5,0x7FC5,
0x7FC5,0x7FC6,0x7FC6,0x7FC6,0x7FC6,0x7FC6,0x7FC6,0x7FC6,0x7FC6,0x7FC6,0x7FC6,0x7FC6,0x7FC6,0x7FC6,0x7FC6,0x7FC6,
0x7FC6,0x7FC6,0x7FC6,0x7FC6,0x7FC6,0x7FC6,0x7FC6,0x7FC6,0x7FC6,0x7FC6,0x7FC6,0x7FC7,0x7FC7,0x7FC7,0x7FC7,0x7FC7,
0x7FC7,0x7FC7,0x7FC7,0x7FC7,0x7FC7,0x7FC7,0x7FC7,0x7FC7,0x7FC7,0x7FC7,0x7FC7,0x7FC7,0x7FC7,0x7FC7,0x7FC7,0x7FC7,
0x7FC7,0x7FC7,0x7FC7,0x7FC7,0x7FC7,0x7FC8,0x7FC8,0x7FC8,0x7FC8,0x7FC8,0x7FC8,0x7FC8,0x7FC8,0x7FC8,0x7FC8,0x7FC8,
0x7FC8,0x7FC8,0x7FC8,0x7FC8,0x7FC8,0x7FC8,0x7FC8,0x7FC8,0x7FC8,0x7FC8,0x7FC8,0x7FC8,0x7FC8,0x7FC8,0x7FC8,0x7FC8,
0x7FC9,0x7FC9,0x7FC9,0x7FC9,0x7FC9,0x7FC9,0x7FC9,0x7FC9,0x7FC9,0x7FC9,0x7FC9,0x7FC9,0x7FC9,0x7FC9,0x7FC9,0x7FC9,
0x7FC9,0x7FC9,0x7FC9,0x7FC9,0x7FC9,0x7FC9,0x7FC9,0x7FC9,0x7FC9,0x7FC9,0x7FC9,0x7FCA,0x7FCA,0x7FCA,0x7FCA,0x7FCA,
0x7FCA,0x7FCA,0x7FCA,0x7FCA,0x7FCA,0x7FCA,0x7FCA,0x7FCA,0x7FCA,0x7FCA,0x7FCA,0x7FCA,0x7FCA,0x7FCA,0x7FCA,0x7FCA,
0x7FCA,0x7FCA,0x7FCA,0x7FCA,0x7FCA,0x7FCA,0x7FCA,0x7FCB,0x7FCB,0x7FCB,0x7FCB,0x7FCB,0x7FCB,0x7FCB,0x7FCB,0x7FCB,
0x7FCB,0x7FCB,0x7FCB,0x7FCB,0x7FCB,0x7FCB,0x7FCB,0x7FCB,0x7FCB,0x7FCB,0x7FCB,0x7FCB,0x7FCB,0x7FCB,0x7FCB,0x7FCB,
0x7FCB,0x7FCB,0x7FCB,0x7FCC,0x7FCC,0x7FCC,0x7FCC,0x7FCC,0x7FCC,0x7FCC,0x7FCC,0x7FCC,0x7FCC,0x7FCC,0x7FCC,0x7FCC,
0x7FCC,0x7FCC,0x7FCC,0x7FCC,0x7FCC,0x7FCC,0x7FCC,0x7FCC,0x7FCC,0x7FCC,0x7FCC,0x7FCC,0x7FCC,0x7FCC,0x7FCC,0x7FCD,
0x7FCD,0x7FCD,0x7FCD,0x7FCD,0x7FCD,0x7FCD,0x7FCD,0x7FCD,0x7FCD,0x7FCD,0x7FCD,0x7FCD,0x7FCD,0x7FCD,0x7FCD,0x7FCD,
0x7FCD,0x7FCD,0x7FCD,0x7FCD,0x7FCD,0x7FCD,0x7FCD,0x7FCD,0x7FCD,0x7FCD,0x7FCD,0x7FCD,0x7FCD,0x7FCE,0x7FCE,0x7FCE,
0x7FCE,0x7FCE,0x7FCE,0x7FCE,0x7FCE,0x7FCE,0x7FCE,0x7FCE,0x7FCE,0x7FCE,0x7FCE,0x7FCE,0x7FCE,0x7FCE,0x7FCE,0x7FCE,
0x7FCE,0x7FCE,0x7FCE,0x7FCE,0x7FCE,0x7FCE,0x7FCE,0x7FCE,0x7FCE,0x7FCE,0x7FCE,0x7FCF,0x7FCF,0x7FCF,0x7FCF,0x7FCF,
0x7FCF,0x7FCF,0x7FCF,0x7FCF,0x7FCF,0x7FCF,0x7FCF,0x7FCF,0x7FCF,0x7FCF,0x7FCF,0x7FCF,0x7FCF,0x7FCF,0x7FCF,0x7FCF,
0x7FCF,0x7FCF,0x7FCF,0x7FCF,0x7FCF,0x7FCF,0x7FCF,0x7FCF,0x7FCF,0x7FD0,0x7FD0,0x7FD0,0x7FD0,0x7FD0,0x7FD0,0x7FD0,
0x7FD0,0x7FD0,0x7FD0,0x7FD0,0x7FD0,0x7FD0,0x7FD0,0x7FD0,0x7FD0,0x7FD0,0x7FD0,0x7FD0,0x7FD0,0x7FD0,0x7FD0,0x7FD0,
0x7FD0,0x7FD0,0x7FD0,0x7FD0,0x7FD0,0x7FD0,0x7FD0,0x7FD0,0x7FD1,0x7FD1,0x7FD1,0x7FD1,0x7FD1,0x7FD1,0x7FD1,0x7FD1,
0x7FD1,0x7FD1,0x7FD1,0x7FD1,0x7FD1,0x7FD1,0x7FD1,0x7FD1,0x7FD1,0x7FD1,0x7FD1,0x7FD1,0x7FD1,0x7FD1,0x7FD1,0x7FD1,
0x7FD1,0x7FD1,0x7FD1,0x7FD1,0x7FD1,0x7FD1,0x7FD1,0x7FD1,0x7FD2,0x7FD2,0x7FD2,0x7FD2,0x7FD2,0x7FD2,0x7FD2,0x7FD2,
0x7FD2,0x7FD2,0x7FD2,0x7FD2,0x7FD2,0x7FD2,0x7FD2,0x7FD2,0x7FD2,0x7FD2,0x7FD2,0x7FD2,0x7FD2,0x7FD2,0x7FD2,0x7FD2,
0x7FD2,0x7FD2,0x7FD2,0x7FD2,0x7FD2,0x7FD2,0x7FD2,0x7FD2,0x7FD3,0x7FD3,0x7FD3,0x7FD3,0x7FD3,0x7FD3,0x7FD3,0x7FD3,
0x7FD3,0x7FD3,0x7FD3,0x7FD3,0x7FD3,0x7FD3,0x7FD3,0x7FD3,0x7FD3,0x7FD3,0x7FD3,0x7FD3,0x7FD3,0x7FD3,0x7FD3,0x7FD3,
0x7FD3,0x7FD3,0x7FD3,0x7FD3,0x7FD3,0x7FD3,0x7FD3,0x7FD3,0x7FD3,0x7FD3,0x7FD4,0x7FD4,0x7FD4,0x7FD4,0x7FD4,0x7FD4,
0x7FD4,0x7FD4,0x7FD4,0x7FD4,0x7FD4,0x7FD4,0x7FD4,0x7FD4,0x7FD4,0x7FD4,0x7FD4,0x7FD4,0x7FD4,0x7FD4,0x7FD4,0x7FD4,
0x7FD4,0x7FD4,0x7FD4,0x7FD4,0x7FD4,0x7FD4,0x7FD4,0x7FD4,0x7FD4,0x7FD4,0x7FD4,0x7FD4,0x7FD5,0x7FD5,0x7FD5,0x7FD5,
0x7FD5,0x7FD5,0x7FD5,0x7FD5,0x7FD5,0x7FD5,0x7FD5,0x7FD5,0x7FD5,0x7FD5,0x7FD5,0x7FD5,0x7FD5,0x7FD5,0x7FD5,0x7FD5,
0x7FD5,0x7FD5,0x7FD5,0x7FD5,0x7FD5,0x7FD5,0x7FD5,0x7FD5,0x7FD5,0x7FD5,0x7FD5,0x7FD5,0x7FD5,0x7FD5,0x7FD6,0x7FD6,
0x7FD6,0x7FD6,0x7FD6,0x7FD6,0x7FD6,0x7FD6,0x7FD6,0x7FD6,0x7FD6,0x7FD6,0x7FD6,0x7FD6,0x7FD6,0x7FD6,0x7FD6,0x7FD6,
0x7FD6,0x7FD6,0x7FD6,0x7FD6,0x7FD6,0x7FD6,0x7FD6,0x7FD6,0x7FD6,0x7FD6,0x7FD6,0x7FD6,0x7FD6,0x7FD6,0x7FD6,0x7FD6,
0x7FD6,0x7FD6,0x7FD7,0x7FD7,0x7FD7,0x7FD7,0x7FD7,0x7FD7,0x7FD7,0x7FD7,0x7FD7,0x7FD7,0x7FD7,0x7FD7,0x7FD7,0x7FD7,
0x7FD7,0x7FD7,0x7FD7,0x7FD7,0x7FD7,0x7FD7,0x7FD7,0x7FD7,0x7FD7,0x7FD7,0x7FD7,0x7FD7,0x7FD7,0x7FD7,0x7FD7,0x7FD7,
0x7FD7,0x7FD7,0x7FD7,0x7FD7,0x7FD7,0x7FD7,0x7FD8,0x7FD8,0x7FD8,0x7FD8,0x7FD8,0x7FD8,0x7FD8,0x7FD8,0x7FD8,0x7FD8,
0x7FD8,0x7FD8,0x7FD8,0x7FD8,0x7FD8,0x7FD8,0x7FD8,0x7FD8,0x7FD8,0x7FD8,0x7FD8,0x7FD8,0x7FD8,0x7FD8,0x7FD8,0x7FD8,
0x7FD8,0x7FD8,0x7FD8,0x7FD8,0x7FD8,0x7FD8,0x7FD8,0x7FD8,0x7FD8,0x7FD8,0x7FD8,0x7FD8,0x7FD9,0x7FD9,0x7FD9,0x7FD9,
0x7FD9,0x7FD9,0x7FD9,0x7FD9,0x7FD9,0x7FD9,0x7FD9,0x7FD9,0x7FD9,0x7FD9,0x7FD9,0x7FD9,0x7FD9,0x7FD9,0x7FD9,0x7FD9,
0x7FD9,0x7FD9,0x7FD9,0x7FD9,0x7FD9,0x7FD9,0x7FD9,0x7FD9,0x7FD9,0x7FD9,0x7FD9,0x7FD9,0x7FD9,0x7FD9,0x7FD9,0x7FD9,
0x7FD9,0x7FD9,0x7FDA,0x7FDA,0x7FDA,0x7FDA,0x7FDA,0x7FDA,0x7FDA,0x7FDA,0x7FDA,0x7FDA,0x7FDA,0x7FDA,0x7FDA,0x7FDA,
0x7FDA,0x7FDA,0x7FDA,0x7FDA,0x7FDA,0x7FDA,0x7FDA,0x7FDA,0x7FDA,0x7FDA,0x7FDA,0x7FDA,0x7FDA,0x7FDA,0x7FDA,0x7FDA,
0x7FDA,0x7FDA,0x7FDA,0x7FDA,0x7FDA,0x7FDA,0x7FDA,0x7FDA,0x7FDA,0x7FDA,0x7FDB,0x7FDB,0x7FDB,0x7FDB,0x7FDB,0x7FDB,
0x7FDB,0x7FDB,0x7FDB,0x7FDB,0x7FDB,0x7FDB,0x7FDB,0x7FDB,0x7FDB,0x7FDB,0x7FDB,0x7FDB,0x7FDB,0x7FDB,0x7FDB,0x7FDB,
0x7FDB,0x7FDB,0x7FDB,0x7FDB,0x7FDB,0x7FDB,0x7FDB,0x7FDB,0x7FDB,0x7FDB,0x7FDB,0x7FDB,0x7FDB,0x7FDB,0x7FDB,0x7FDB,
0x7FDB,0x7FDB,0x7FDC,0x7FDC,0x7FDC,0x7FDC,0x7FDC,0x7FDC,0x7FDC,0x7FDC,0x7FDC,0x7FDC,0x7FDC,0x7FDC,0x7FDC,0x7FDC,
0x7FDC,0x7FDC,0x7FDC,0x7FDC,0x7FDC,0x7FDC,0x7FDC,0x7FDC,0x7FDC,0x7FDC,0x7FDC,0x7FDC,0x7FDC,0x7FDC,0x7FDC,0x7FDC,
0x7FDC,0x7FDC,0x7FDC,0x7FDC,0x7FDC,0x7FDC,0x7FDC,0x7FDC,0x7FDC,0x7FDC,0x7FDC,0x7FDC,0x7FDD,0x7FDD,0x7FDD,0x7FDD,
0x7FDD,0x7FDD,0x7FDD,0x7FDD,0x7FDD,0x7FDD,0x7FDD,0x7FDD,0x7FDD,0x7FDD,0x7FDD,0x7FDD,0x7FDD,0x7FDD,0x7FDD,0x7FDD,
0x7FDD,0x7FDD,0x7FDD,0x7FDD,0x7FDD,0x7FDD,0x7FDD,0x7FDD,0x7FDD,0x7FDD,0x7FDD,0x7FDD,0x7FDD,0x7FDD,0x7FDD,0x7FDD,
0x7FDD,0x7FDD,0x7FDD,0x7FDD,0x7FDD,0x7FDD,0x7FDD,0x7FDE,0x7FDE,0x7FDE,0x7FDE,0x7FDE,0x7FDE,0x7FDE,0x7FDE,0x7FDE,
0x7FDE,0x7FDE,0x7FDE,0x7FDE,0x7FDE,0x7FDE,0x7FDE,0x7FDE,0x7FDE,0x7FDE,0x7FDE,0x7FDE,0x7FDE,0x7FDE,0x7FDE,0x7FDE,
0x7FDE,0x7FDE,0x7FDE,0x7FDE,0x7FDE,0x7FDE,0x7FDE,0x7FDE,0x7FDE,0x7FDE,0x7FDE,0x7FDE,0x7FDE,0x7FDE,0x7FDE,0x7FDE,
0x7FDE,0x7FDE,0x7FDE,0x7FDF,0x7FDF,0x7FDF,0x7FDF,0x7FDF,0x7FDF,0x7FDF,0x7FDF,0x7FDF,0x7FDF,0x7FDF,0x7FDF,0x7FDF,
0x7FDF,0x7FDF,0x7FDF,0x7FDF,0x7FDF,0x7FDF,0x7FDF,0x7FDF,0x7FDF,0x7FDF,0x7FDF,0x7FDF,0x7FDF,0x7FDF,0x7FDF,0x7FDF,
0x7FDF,0x7FDF,0x7FDF,0x7FDF,0x7FDF,0x7FDF,0x7FDF,0x7FDF,0x7FDF,0x7FDF,0x7FDF,0x7FDF,0x7FDF,0x7FDF,0x7FDF,0x7FDF,
0x7FE0,0x7FE0,0x7FE0,0x7FE0,0x7FE0,0x7FE0,0x7FE0,0x7FE0,0x7FE0,0x7FE0,0x7FE0,0x7FE0,0x7FE0,0x7FE0,0x7FE0,0x7FE0,
0x7FE0,0x7FE0,0x7FE0,0x7FE0,0x7FE0,0x7FE0,0x7FE0,0x7FE0,0x7FE0,0x7FE0,0x7FE0,0x7FE0,0x7FE0,0x7FE0,0x7FE0,0x7FE0,
0x7FE0,0x7FE0,0x7FE0,0x7FE0,0x7FE0,0x7FE0,0x7FE0,0x7FE0,0x7FE0,0x7FE0,0x7FE0,0x7FE0,0x7FE0,0x7FE0,0x7FE0,0x7FE1,
0x7FE1,0x7FE1,0x7FE1,0x7FE1,0x7FE1,0x7FE1,0x7FE1,0x7FE1,0x7FE1,0x7FE1,0x7FE1,0x7FE1,0x7FE1,0x7FE1,0x7FE1,0x7FE1,
0x7FE1,0x7FE1,0x7FE1,0x7FE1,0x7FE1,0x7FE1,0x7FE1,0x7FE1,0x7FE1,0x7FE1,0x7FE1,0x7FE1,0x7FE1,0x7FE1,0x7FE1,0x7FE1,
0x7FE1,0x7FE1,0x7FE1,0x7FE1,0x7FE1,0x7FE1,0x7FE1,0x7FE1,0x7FE1,0x7FE1,0x7FE1,0x7FE1,0x7FE1,0x7FE1,0x7FE1,0x7FE2,
0x7FE2,0x7FE2,0x7FE2,0x7FE2,0x7FE2,0x7FE2,0x7FE2,0x7FE2,0x7FE2,0x7FE2,0x7FE2,0x7FE2,0x7FE2,0x7FE2,0x7FE2,0x7FE2,
0x7FE2,0x7FE2,0x7FE2,0x7FE2,0x7FE2,0x7FE2,0x7FE2,0x7FE2,0x7FE2,0x7FE2,0x7FE2,0x7FE2,0x7FE2,0x7FE2,0x7FE2,0x7FE2,
0x7FE2,0x7FE2,0x7FE2,0x7FE2,0x7FE2,0x7FE2,0x7FE2,0x7FE2,0x7FE2,0x7FE2,0x7FE2,0x7FE2,0x7FE2,0x7FE2,0x7FE2,0x7FE2,
0x7FE2,0x7FE3,0x7FE3,0x7FE3,0x7FE3,0x7FE3,0x7FE3,0x7FE3,0x7FE3,0x7FE3,0x7FE3,0x7FE3,0x7FE3,0x7FE3,0x7FE3,0x7FE3,
0x7FE3,0x7FE3,0x7FE3,0x7FE3,0x7FE3,0x7FE3,0x7FE3,0x7FE3,0x7FE3,0x7FE3,0x7FE3,0x7FE3,0x7FE3,0x7FE3,0x7FE3,0x7FE3,
0x7FE3,0x7FE3,0x7FE3,0x7FE3,0x7FE3,0x7FE3,0x7FE3,0x7FE3,0x7FE3,0x7FE3,0x7FE3,0x7FE3,0x7FE3,0x7FE3,0x7FE3,0x7FE3,
0x7FE3,0x7FE3,0x7FE3,0x7FE3,0x7FE3,0x7FE4,0x7FE4,0x7FE4,0x7FE4,0x7FE4,0x7FE4,0x7FE4,0x7FE4,0x7FE4,0x7FE4,0x7FE4,
0x7FE4,0x7FE4,0x7FE4,0x7FE4,0x7FE4,0x7FE4,0x7FE4,0x7FE4,0x7FE4,0x7FE4,0x7FE4,0x7FE4,0x7FE4,0x7FE4,0x7FE4,0x7FE4,
0x7FE4,0x7FE4,0x7FE4,0x7FE4,0x7FE4,0x7FE4,0x7FE4,0x7FE4,0x7FE4,0x7FE4,0x7FE4,0x7FE4,0x7FE4,0x7FE4,0x7FE4,0x7FE4,
0x7FE4,0x7FE4,0x7FE4,0x7FE4,0x7FE4,0x7FE4,0x7FE4,0x7FE4,0x7FE4,0x7FE4,0x7FE4,0x7FE5,0x7FE5,0x7FE5,0x7FE5,0x7FE5,
0x7FE5,0x7FE5,0x7FE5,0x7FE5,0x7FE5,0x7FE5,0x7FE5,0x7FE5,0x7FE5,0x7FE5,0x7FE5,0x7FE5,0x7FE5,0x7FE5,0x7FE5,0x7FE5,
0x7FE5,0x7FE5,0x7FE5,0x7FE5,0x7FE5,0x7FE5,0x7FE5,0x7FE5,0x7FE5,0x7FE5,0x7FE5,0x7FE5,0x7FE5,0x7FE5,0x7FE5,0x7FE5,
0x7FE5,0x7FE5,0x7FE5,0x7FE5,0x7FE5,0x7FE5,0x7FE5,0x7FE5,0x7FE5,0x7FE5,0x7FE5,0x7FE5,0x7FE5,0x7FE5,0x7FE5,0x7FE5,
0x7FE5,0x7FE5,0x7FE5,0x7FE6,0x7FE6,0x7FE6,0x7FE6,0x7FE6,0x7FE6,0x7FE6,0x7FE6,0x7FE6,0x7FE6,0x7FE6,0x7FE6,0x7FE6,
0x7FE6,0x7FE6,0x7FE6,0x7FE6,0x7FE6,0x7FE6,0x7FE6,0x7FE6,0x7FE6,0x7FE6,0x7FE6,0x7FE6,0x7FE6,0x7FE6,0x7FE6,0x7FE6,
0x7FE6,0x7FE6,0x7FE6,0x7FE6,0x7FE6,0x7FE6,0x7FE6,0x7FE6,0x7FE6,0x7FE6,0x7FE6,0x7FE6,0x7FE6,0x7FE6,0x7FE6,0x7FE6,
0x7FE6,0x7FE6,0x7FE6,0x7FE6,0x7FE6,0x7FE6,0x7FE6,0x7FE6,0x7FE6,0x7FE6,0x7FE6,0x7FE6,0x7FE6,0x7FE7,0x7FE7,0x7FE7,
0x7FE7,0x7FE7,0x7FE7,0x7FE7,0x7FE7,0x7FE7,0x7FE7,0x7FE7,0x7FE7,0x7FE7,0x7FE7,0x7FE7,0x7FE7,0x7FE7,0x7FE7,0x7FE7,
0x7FE7,0x7FE7,0x7FE7,0x7FE7,0x7FE7,0x7FE7,0x7FE7,0x7FE7,0x7FE7,0x7FE7,0x7FE7,0x7FE7,0x7FE7,0x7FE7,0x7FE7,0x7FE7,
0x7FE7,0x7FE7,0x7FE7,0x7FE7,0x7FE7,0x7FE7,0x7FE7,0x7FE7,0x7FE7,0x7FE7,0x7FE7,0x7FE7,0x7FE7,0x7FE7,0x7FE7,0x7FE7,
0x7FE7,0x7FE7,0x7FE7,0x7FE7,0x7FE7,0x7FE7,0x7FE7,0x7FE7,0x7FE7,0x7FE8,0x7FE8,0x7FE8,0x7FE8,0x7FE8,0x7FE8,0x7FE8,
0x7FE8,0x7FE8,0x7FE8,0x7FE8,0x7FE8,0x7FE8,0x7FE8,0x7FE8,0x7FE8,0x7FE8,0x7FE8,0x7FE8,0x7FE8,0x7FE8,0x7FE8,0x7FE8,
0x7FE8,0x7FE8,0x7FE8,0x7FE8,0x7FE8,0x7FE8,0x7FE8,0x7FE8,0x7FE8,0x7FE8,0x7FE8,0x7FE8,0x7FE8,0x7FE8,0x7FE8,0x7FE8,
0x7FE8,0x7FE8,0x7FE8,0x7FE8,0x7FE8,0x7FE8,0x7FE8,0x7FE8,0x7FE8,0x7FE8,0x7FE8,0x7FE8,0x7FE8,0x7FE8,0x7FE8,0x7FE8,
0x7FE8,0x7FE8,0x7FE8,0x7FE8,0x7FE8,0x7FE8,0x7FE8,0x7FE8,0x7FE9,0x7FE9,0x7FE9,0x7FE9,0x7FE9,0x7FE9,0x7FE9,0x7FE9,
0x7FE9,0x7FE9,0x7FE9,0x7FE9,0x7FE9,0x7FE9,0x7FE9,0x7FE9,0x7FE9,0x7FE9,0x7FE9,0x7FE9,0x7FE9,0x7FE9,0x7FE9,0x7FE9,
0x7FE9,0x7FE9,0x7FE9,0x7FE9,0x7FE9,0x7FE9,0x7FE9,0x7FE9,0x7FE9,0x7FE9,0x7FE9,0x7FE9,0x7FE9,0x7FE9,0x7FE9,0x7FE9,
0x7FE9,0x7FE9,0x7FE9,0x7FE9,0x7FE9,0x7FE9,0x7FE9,0x7FE9,0x7FE9,0x7FE9,0x7FE9,0x7FE9,0x7FE9,0x7FE9,0x7FE9,0x7FE9,
0x7FE9,0x7FE9,0x7FE9,0x7FE9,0x7FE9,0x7FE9,0x7FE9,0x7FE9,0x7FE9,0x7FE9,0x7FEA,0x7FEA,0x7FEA,0x7FEA,0x7FEA,0x7FEA,
0x7FEA,0x7FEA,0x7FEA,0x7FEA,0x7FEA,0x7FEA,0x7FEA,0x7FEA,0x7FEA,0x7FEA,0x7FEA,0x7FEA,0x7FEA,0x7FEA,0x7FEA,0x7FEA,
0x7FEA,0x7FEA,0x7FEA,0x7FEA,0x7FEA,0x7FEA,0x7FEA,0x7FEA,0x7FEA,0x7FEA,0x7FEA,0x7FEA,0x7FEA,0x7FEA,0x7FEA,0x7FEA,
0x7FEA,0x7FEA,0x7FEA,0x7FEA,0x7FEA,0x7FEA,0x7FEA,0x7FEA,0x7FEA,0x7FEA,0x7FEA,0x7FEA,0x7FEA,0x7FEA,0x7FEA,0x7FEA,
0x7FEA,0x7FEA,0x7FEA,0x7FEA,0x7FEA,0x7FEA,0x7FEA,0x7FEA,0x7FEA,0x7FEA,0x7FEA,0x7FEA,0x7FEA,0x7FEA,0x7FEB,0x7FEB,
0x7FEB,0x7FEB,0x7FEB,0x7FEB,0x7FEB,0x7FEB,0x7FEB,0x7FEB,0x7FEB,0x7FEB,0x7FEB,0x7FEB,0x7FEB,0x7FEB,0x7FEB,0x7FEB,
0x7FEB,0x7FEB,0x7FEB,0x7FEB,0x7FEB,0x7FEB,0x7FEB,0x7FEB,0x7FEB,0x7FEB,0x7FEB,0x7FEB,0x7FEB,0x7FEB,0x7FEB,0x7FEB,
0x7FEB,0x7FEB,0x7FEB,0x7FEB,0x7FEB,0x7FEB,0x7FEB,0x7FEB,0x7FEB,0x7FEB,0x7FEB,0x7FEB,0x7FEB,0x7FEB,0x7FEB,0x7FEB,
0x7FEB,0x7FEB,0x7FEB,0x7FEB,0x7FEB,0x7FEB,0x7FEB,0x7FEB,0x7FEB,0x7FEB,0x7FEB,0x7FEB,0x7FEB,0x7FEB,0x7FEB,0x7FEB,
0x7FEB,0x7FEB,0x7FEB,0x7FEB,0x7FEB,0x7FEB,0x7FEC,0x7FEC,0x7FEC,0x7FEC,0x7FEC,0x7FEC,0x7FEC,0x7FEC,0x7FEC,0x7FEC,
0x7FEC,0x7FEC,0x7FEC,0x7FEC,0x7FEC,0x7FEC,0x7FEC,0x7FEC,0x7FEC,0x7FEC,0x7FEC,0x7FEC,0x7FEC,0x7FEC,0x7FEC,0x7FEC,
0x7FEC,0x7FEC,0x7FEC,0x7FEC,0x7FEC,0x7FEC,0x7FEC,0x7FEC,0x7FEC,0x7FEC,0x7FEC,0x7FEC,0x7FEC,0x7FEC,0x7FEC,0x7FEC,
0x7FEC,0x7FEC,0x7FEC,0x7FEC,0x7FEC,0x7FEC,0x7FEC,0x7FEC,0x7FEC,0x7FEC,0x7FEC,0x7FEC,0x7FEC,0x7FEC,0x7FEC,0x7FEC,
0x7FEC,0x7FEC,0x7FEC,0x7FEC,0x7FEC,0x7FEC,0x7FEC,0x7FEC,0x7FEC,0x7FEC,0x7FEC,0x7FEC,0x7FEC,0x7FEC,0x7FEC,0x7FEC,
0x7FEC,0x7FEC,0x7FED,0x7FED,0x7FED,0x7FED,0x7FED,0x7FED,0x7FED,0x7FED,0x7FED,0x7FED,0x7FED,0x7FED,0x7FED,0x7FED,
0x7FED,0x7FED,0x7FED,0x7FED,0x7FED,0x7FED,0x7FED,0x7FED,0x7FED,0x7FED,0x7FED,0x7FED,0x7FED,0x7FED,0x7FED,0x7FED,
0x7FED,0x7FED,0x7FED,0x7FED,0x7FED,0x7FED,0x7FED,0x7FED,0x7FED,0x7FED,0x7FED,0x7FED,0x7FED,0x7FED,0x7FED,0x7FED,
0x7FED,0x7FED,0x7FED,0x7FED,0x7FED,0x7FED,0x7FED,0x7FED,0x7FED,0x7FED,0x7FED,0x7FED,0x7FED,0x7FED,0x7FED,0x7FED,
0x7FED,0x7FED,0x7FED,0x7FED,0x7FED,0x7FED,0x7FED,0x7FED,0x7FED,0x7FED,0x7FED,0x7FED,0x7FED,0x7FED,0x7FED,0x7FED,
0x7FED,0x7FED,0x7FEE,0x7FEE,0x7FEE,0x7FEE,0x7FEE,0x7FEE,0x7FEE,0x7FEE,0x7FEE,0x7FEE,0x7FEE,0x7FEE,0x7FEE,0x7FEE,
0x7FEE,0x7FEE,0x7FEE,0x7FEE,0x7FEE,0x7FEE,0x7FEE,0x7FEE,0x7FEE,0x7FEE,0x7FEE,0x7FEE,0x7FEE,0x7FEE,0x7FEE,0x7FEE,
0x7FEE,0x7FEE,0x7FEE,0x7FEE,0x7FEE,0x7FEE,0x7FEE,0x7FEE,0x7FEE,0x7FEE,0x7FEE,0x7FEE,0x7FEE,0x7FEE,0x7FEE,0x7FEE,
0x7FEE,0x7FEE,0x7FEE,0x7FEE,0x7FEE,0x7FEE,0x7FEE,0x7FEE,0x7FEE,0x7FEE,0x7FEE,0x7FEE,0x7FEE,0x7FEE,0x7FEE,0x7FEE,
0x7FEE,0x7FEE,0x7FEE,0x7FEE,0x7FEE,0x7FEE,0x7FEE,0x7FEE,0x7FEE,0x7FEE,0x7FEE,0x7FEE,0x7FEE,0x7FEE,0x7FEE,0x7FEE,
0x7FEE,0x7FEE,0x7FEE,0x7FEE,0x7FEE,0x7FEE,0x7FEE,0x7FEF,0x7FEF,0x7FEF,0x7FEF,0x7FEF,0x7FEF,0x7FEF,0x7FEF,0x7FEF,
0x7FEF,0x7FEF,0x7FEF,0x7FEF,0x7FEF,0x7FEF,0x7FEF,0x7FEF,0x7FEF,0x7FEF,0x7FEF,0x7FEF,0x7FEF,0x7FEF,0x7FEF,0x7FEF,
0x7FEF,0x7FEF,0x7FEF,0x7FEF,0x7FEF,0x7FEF,0x7FEF,0x7FEF,0x7FEF,0x7FEF,0x7FEF,0x7FEF,0x7FEF,0x7FEF,0x7FEF,0x7FEF,
0x7FEF,0x7FEF,0x7FEF,0x7FEF,0x7FEF,0x7FEF,0x7FEF,0x7FEF,0x7FEF,0x7FEF,0x7FEF,0x7FEF,0x7FEF,0x7FEF,0x7FEF,0x7FEF,
0x7FEF,0x7FEF,0x7FEF,0x7FEF,0x7FEF,0x7FEF,0x7FEF,0x7FEF,0x7FEF,0x7FEF,0x7FEF,0x7FEF,0x7FEF,0x7FEF,0x7FEF,0x7FEF,
0x7FEF,0x7FEF,0x7FEF,0x7FEF,0x7FEF,0x7FEF,0x7FEF,0x7FEF,0x7FEF,0x7FEF,0x7FEF,0x7FEF,0x7FEF,0x7FEF,0x7FEF,0x7FEF,
0x7FF0,0x7FF0,0x7FF0,0x7FF0,0x7FF0,0x7FF0,0x7FF0,0x7FF0,0x7FF0,0x7FF0,0x7FF0,0x7FF0,0x7FF0,0x7FF0,0x7FF0,0x7FF0,
0x7FF0,0x7FF0,0x7FF0,0x7FF0,0x7FF0,0x7FF0,0x7FF0,0x7FF0,0x7FF0,0x7FF0,0x7FF0,0x7FF0,0x7FF0,0x7FF0,0x7FF0,0x7FF0,
0x7FF0,0x7FF0,0x7FF0,0x7FF0,0x7FF0,0x7FF0,0x7FF0,0x7FF0,0x7FF0,0x7FF0,0x7FF0,0x7FF0,0x7FF0,0x7FF0,0x7FF0,0x7FF0,
0x7FF0,0x7FF0,0x7FF0,0x7FF0,0x7FF0,0x7FF0,0x7FF0,0x7FF0,0x7FF0,0x7FF0,0x7FF0,0x7FF0,0x7FF0,0x7FF0,0x7FF0,0x7FF0,
0x7FF0,0x7FF0,0x7FF0,0x7FF0,0x7FF0,0x7FF0,0x7FF0,0x7FF0,0x7FF0,0x7FF0,0x7FF0,0x7FF0,0x7FF0,0x7FF0,0x7FF0,0x7FF0,
0x7FF0,0x7FF0,0x7FF0,0x7FF0,0x7FF0,0x7FF0,0x7FF0,0x7FF0,0x7FF0,0x7FF0,0x7FF0,0x7FF0,0x7FF0,0x7FF0,0x7FF0,0x7FF1,
0x7FF1,0x7FF1,0x7FF1,0x7FF1,0x7FF1,0x7FF1,0x7FF1,0x7FF1,0x7FF1,0x7FF1,0x7FF1,0x7FF1,0x7FF1,0x7FF1,0x7FF1,0x7FF1,
0x7FF1,0x7FF1,0x7FF1,0x7FF1,0x7FF1,0x7FF1,0x7FF1,0x7FF1,0x7FF1,0x7FF1,0x7FF1,0x7FF1,0x7FF1,0x7FF1,0x7FF1,0x7FF1,
0x7FF1,0x7FF1,0x7FF1,0x7FF1,0x7FF1,0x7FF1,0x7FF1,0x7FF1,0x7FF1,0x7FF1,0x7FF1,0x7FF1,0x7FF1,0x7FF1,0x7FF1,0x7FF1,
0x7FF1,0x7FF1,0x7FF1,0x7FF1,0x7FF1,0x7FF1,0x7FF1,0x7FF1,0x7FF1,0x7FF1,0x7FF1,0x7FF1,0x7FF1,0x7FF1,0x7FF1,0x7FF1,
0x7FF1,0x7FF1,0x7FF1,0x7FF1,0x7FF1,0x7FF1,0x7FF1,0x7FF1,0x7FF1,0x7FF1,0x7FF1,0x7FF1,0x7FF1,0x7FF1,0x7FF1,0x7FF1,
0x7FF1,0x7FF1,0x7FF1,0x7FF1,0x7FF1,0x7FF1,0x7FF1,0x7FF1,0x7FF1,0x7FF1,0x7FF1,0x7FF1,0x7FF1,0x7FF1,0x7FF1,0x7FF1,
0x7FF1,0x7FF1,0x7FF1,0x7FF1,0x7FF1,0x7FF2,0x7FF2,0x7FF2,0x7FF2,0x7FF2,0x7FF2,0x7FF2,0x7FF2,0x7FF2,0x7FF2,0x7FF2,
0x7FF2,0x7FF2,0x7FF2,0x7FF2,0x7FF2,0x7FF2,0x7FF2,0x7FF2,0x7FF2,0x7FF2,0x7FF2,0x7FF2,0x7FF2,0x7FF2,0x7FF2,0x7FF2,
0x7FF2,0x7FF2,0x7FF2,0x7FF2,0x7FF2,0x7FF2,0x7FF2,0x7FF2,0x7FF2,0x7FF2,0x7FF2,0x7FF2,0x7FF2,0x7FF2,0x7FF2,0x7FF2,
0x7FF2,0x7FF2,0x7FF2,0x7FF2,0x7FF2,0x7FF2,0x7FF2,0x7FF2,0x7FF2,0x7FF2,0x7FF2,0x7FF2,0x7FF2,0x7FF2,0x7FF2,0x7FF2,
0x7FF2,0x7FF2,0x7FF2,0x7FF2,0x7FF2,0x7FF2,0x7FF2,0x7FF2,0x7FF2,0x7FF2,0x7FF2,0x7FF2,0x7FF2,0x7FF2,0x7FF2,0x7FF2,
0x7FF2,0x7FF2,0x7FF2,0x7FF2,0x7FF2,0x7FF2,0x7FF2,0x7FF2,0x7FF2,0x7FF2,0x7FF2,0x7FF2,0x7FF2,0x7FF2,0x7FF2,0x7FF2,
0x7FF2,0x7FF2,0x7FF2,0x7FF2,0x7FF2,0x7FF2,0x7FF2,0x7FF2,0x7FF2,0x7FF2,0x7FF2,0x7FF2,0x7FF2,0x7FF2,0x7FF2,0x7FF2,
0x7FF2,0x7FF2,0x7FF2,0x7FF3,0x7FF3,0x7FF3,0x7FF3,0x7FF3,0x7FF3,0x7FF3,0x7FF3,0x7FF3,0x7FF3,0x7FF3,0x7FF3,0x7FF3,
0x7FF3,0x7FF3,0x7FF3,0x7FF3,0x7FF3,0x7FF3,0x7FF3,0x7FF3,0x7FF3,0x7FF3,0x7FF3,0x7FF3,0x7FF3,0x7FF3,0x7FF3,0x7FF3,
0x7FF3,0x7FF3,0x7FF3,0x7FF3,0x7FF3,0x7FF3,0x7FF3,0x7FF3,0x7FF3,0x7FF3,0x7FF3,0x7FF3,0x7FF3,0x7FF3,0x7FF3,0x7FF3,
0x7FF3,0x7FF3,0x7FF3,0x7FF3,0x7FF3,0x7FF3,0x7FF3,0x7FF3,0x7FF3,0x7FF3,0x7FF3,0x7FF3,0x7FF3,0x7FF3,0x7FF3,0x7FF3,
0x7FF3,0x7FF3,0x7FF3,0x7FF3,0x7FF3,0x7FF3,0x7FF3,0x7FF3,0x7FF3,0x7FF3,0x7FF3,0x7FF3,0x7FF3,0x7FF3,0x7FF3,0x7FF3,
0x7FF3,0x7FF3,0x7FF3,0x7FF3,0x7FF3,0x7FF3,0x7FF3,0x7FF3,0x7FF3,0x7FF3,0x7FF3,0x7FF3,0x7FF3,0x7FF3,0x7FF3,0x7FF3,
0x7FF3,0x7FF3,0x7FF3,0x7FF3,0x7FF3,0x7FF3,0x7FF3,0x7FF3,0x7FF3,0x7FF3,0x7FF3,0x7FF3,0x7FF3,0x7FF3,0x7FF3,0x7FF3,
0x7FF3,0x7FF3,0x7FF3,0x7FF3,0x7FF3,0x7FF3,0x7FF3,0x7FF3,0x7FF3,0x7FF4,0x7FF4,0x7FF4,0x7FF4,0x7FF4,0x7FF4,0x7FF4,
0x7FF4,0x7FF4,0x7FF4,0x7FF4,0x7FF4,0x7FF4,0x7FF4,0x7FF4,0x7FF4,0x7FF4,0x7FF4,0x7FF4,0x7FF4,0x7FF4,0x7FF4,0x7FF4,
0x7FF4,0x7FF4,0x7FF4,0x7FF4,0x7FF4,0x7FF4,0x7FF4,0x7FF4,0x7FF4,0x7FF4,0x7FF4,0x7FF4,0x7FF4,0x7FF4,0x7FF4,0x7FF4,
0x7FF4,0x7FF4,0x7FF4,0x7FF4,0x7FF4,0x7FF4,0x7FF4,0x7FF4,0x7FF4,0x7FF4,0x7FF4,0x7FF4,0x7FF4,0x7FF4,0x7FF4,0x7FF4,
0x7FF4,0x7FF4,0x7FF4,0x7FF4,0x7FF4,0x7FF4,0x7FF4,0x7FF4,0x7FF4,0x7FF4,0x7FF4,0x7FF4,0x7FF4,0x7FF4,0x7FF4,0x7FF4,
0x7FF4,0x7FF4,0x7FF4,0x7FF4,0x7FF4,0x7FF4,0x7FF4,0x7FF4,0x7FF4,0x7FF4,0x7FF4,0x7FF4,0x7FF4,0x7FF4,0x7FF4,0x7FF4,
0x7FF4,0x7FF4,0x7FF4,0x7FF4,0x7FF4,0x7FF4,0x7FF4,0x7FF4,0x7FF4,0x7FF4,0x7FF4,0x7FF4,0x7FF4,0x7FF4,0x7FF4,0x7FF4,
0x7FF4,0x7FF4,0x7FF4,0x7FF4,0x7FF4,0x7FF4,0x7FF4,0x7FF4,0x7FF4,0x7FF4,0x7FF4,0x7FF4,0x7FF4,0x7FF4,0x7FF4,0x7FF4,
0x7FF4,0x7FF4,0x7FF4,0x7FF4,0x7FF4,0x7FF4,0x7FF4,0x7FF4,0x7FF4,0x7FF4,0x7FF5,0x7FF5,0x7FF5,0x7FF5,0x7FF5,0x7FF5,
0x7FF5,0x7FF5,0x7FF5,0x7FF5,0x7FF5,0x7FF5,0x7FF5,0x7FF5,0x7FF5,0x7FF5,0x7FF5,0x7FF5,0x7FF5,0x7FF5,0x7FF5,0x7FF5,
0x7FF5,0x7FF5,0x7FF5,0x7FF5,0x7FF5,0x7FF5,0x7FF5,0x7FF5,0x7FF5,0x7FF5,0x7FF5,0x7FF5,0x7FF5,0x7FF5,0x7FF5,0x7FF5,
0x7FF5,0x7FF5,0x7FF5,0x7FF5,0x7FF5,0x7FF5,0x7FF5,0x7FF5,0x7FF5,0x7FF5,0x7FF5,0x7FF5,0x7FF5,0x7FF5,0x7FF5,0x7FF5,
0x7FF5,0x7FF5,0x7FF5,0x7FF5,0x7FF5,0x7FF5,0x7FF5,0x7FF5,0x7FF5,0x7FF5,0x7FF5,0x7FF5,0x7FF5,0x7FF5,0x7FF5,0x7FF5,
0x7FF5,0x7FF5,0x7FF5,0x7FF5,0x7FF5,0x7FF5,0x7FF5,0x7FF5,0x7FF5,0x7FF5,0x7FF5,0x7FF5,0x7FF5,0x7FF5,0x7FF5,0x7FF5,
0x7FF5,0x7FF5,0x7FF5,0x7FF5,0x7FF5,0x7FF5,0x7FF5,0x7FF5,0x7FF5,0x7FF5,0x7FF5,0x7FF5,0x7FF5,0x7FF5,0x7FF5,0x7FF5,
0x7FF5,0x7FF5,0x7FF5,0x7FF5,0x7FF5,0x7FF5,0x7FF5,0x7FF5,0x7FF5,0x7FF5,0x7FF5,0x7FF5,0x7FF5,0x7FF5,0x7FF5,0x7FF5,
0x7FF5,0x7FF5,0x7FF5,0x7FF5,0x7FF5,0x7FF5,0x7FF5,0x7FF5,0x7FF5,0x7FF5,0x7FF5,0x7FF5,0x7FF5,0x7FF5,0x7FF5,0x7FF5,
0x7FF5,0x7FF5,0x7FF5,0x7FF5,0x7FF5,0x7FF5,0x7FF6,0x7FF6,0x7FF6,0x7FF6,0x7FF6,0x7FF6,0x7FF6,0x7FF6,0x7FF6,0x7FF6,
0x7FF6,0x7FF6,0x7FF6,0x7FF6,0x7FF6,0x7FF6,0x7FF6,0x7FF6,0x7FF6,0x7FF6,0x7FF6,0x7FF6,0x7FF6,0x7FF6,0x7FF6,0x7FF6,
0x7FF6,0x7FF6,0x7FF6,0x7FF6,0x7FF6,0x7FF6,0x7FF6,0x7FF6,0x7FF6,0x7FF6,0x7FF6,0x7FF6,0x7FF6,0x7FF6,0x7FF6,0x7FF6,
0x7FF6,0x7FF6,0x7FF6,0x7FF6,0x7FF6,0x7FF6,0x7FF6,0x7FF6,0x7FF6,0x7FF6,0x7FF6,0x7FF6,0x7FF6,0x7FF6,0x7FF6,0x7FF6,
0x7FF6,0x7FF6,0x7FF6,0x7FF6,0x7FF6,0x7FF6,0x7FF6,0x7FF6,0x7FF6,0x7FF6,0x7FF6,0x7FF6,0x7FF6,0x7FF6,0x7FF6,0x7FF6,
0x7FF6,0x7FF6,0x7FF6,0x7FF6,0x7FF6,0x7FF6,0x7FF6,0x7FF6,0x7FF6,0x7FF6,0x7FF6,0x7FF6,0x7FF6,0x7FF6,0x7FF6,0x7FF6,
0x7FF6,0x7FF6,0x7FF6,0x7FF6,0x7FF6,0x7FF6,0x7FF6,0x7FF6,0x7FF6,0x7FF6,0x7FF6,0x7FF6,0x7FF6,0x7FF6,0x7FF6,0x7FF6,
0x7FF6,0x7FF6,0x7FF6,0x7FF6,0x7FF6,0x7FF6,0x7FF6,0x7FF6,0x7FF6,0x7FF6,0x7FF6,0x7FF6,0x7FF6,0x7FF6,0x7FF6,0x7FF6,
0x7FF6,0x7FF6,0x7FF6,0x7FF6,0x7FF6,0x7FF6,0x7FF6,0x7FF6,0x7FF6,0x7FF6,0x7FF6,0x7FF6,0x7FF6,0x7FF6,0x7FF6,0x7FF6,
0x7FF6,0x7FF6,0x7FF6,0x7FF6,0x7FF6,0x7FF6,0x7FF6,0x7FF6,0x7FF6,0x7FF6,0x7FF6,0x7FF6,0x7FF6,0x7FF6,0x7FF6,0x7FF6,
0x7FF6,0x7FF6,0x7FF7,0x7FF7,0x7FF7,0x7FF7,0x7FF7,0x7FF7,0x7FF7,0x7FF7,0x7FF7,0x7FF7,0x7FF7,0x7FF7,0x7FF7,0x7FF7,
0x7FF7,0x7FF7,0x7FF7,0x7FF7,0x7FF7,0x7FF7,0x7FF7,0x7FF7,0x7FF7,0x7FF7,0x7FF7,0x7FF7,0x7FF7,0x7FF7,0x7FF7,0x7FF7,
0x7FF7,0x7FF7,0x7FF7,0x7FF7,0x7FF7,0x7FF7,0x7FF7,0x7FF7,0x7FF7,0x7FF7,0x7FF7,0x7FF7,0x7FF7,0x7FF7,0x7FF7,0x7FF7,
0x7FF7,0x7FF7,0x7FF7,0x7FF7,0x7FF7,0x7FF7,0x7FF7,0x7FF7,0x7FF7,0x7FF7,0x7FF7,0x7FF7,0x7FF7,0x7FF7,0x7FF7,0x7FF7,
0x7FF7,0x7FF7,0x7FF7,0x7FF7,0x7FF7,0x7FF7,0x7FF7,0x7FF7,0x7FF7,0x7FF7,0x7FF7,0x7FF7,0x7FF7,0x7FF7,0x7FF7,0x7FF7,
0x7FF7,0x7FF7,0x7FF7,0x7FF7,0x7FF7,0x7FF7,0x7FF7,0x7FF7,0x7FF7,0x7FF7,0x7FF7,0x7FF7,0x7FF7,0x7FF7,0x7FF7,0x7FF7,
0x7FF7,0x7FF7,0x7FF7,0x7FF7,0x7FF7,0x7FF7,0x7FF7,0x7FF7,0x7FF7,0x7FF7,0x7FF7,0x7FF7,0x7FF7,0x7FF7,0x7FF7,0x7FF7,
0x7FF7,0x7FF7,0x7FF7,0x7FF7,0x7FF7,0x7FF7,0x7FF7,0x7FF7,0x7FF7,0x7FF7,0x7FF7,0x7FF7,0x7FF7,0x7FF7,0x7FF7,0x7FF7,
0x7FF7,0x7FF7,0x7FF7,0x7FF7,0x7FF7,0x7FF7,0x7FF7,0x7FF7,0x7FF7,0x7FF7,0x7FF7,0x7FF7,0x7FF7,0x7FF7,0x7FF7,0x7FF7,
0x7FF7,0x7FF7,0x7FF7,0x7FF7,0x7FF7,0x7FF7,0x7FF7,0x7FF7,0x7FF7,0x7FF7,0x7FF7,0x7FF7,0x7FF7,0x7FF7,0x7FF7,0x7FF7,
0x7FF7,0x7FF7,0x7FF7,0x7FF7,0x7FF7,0x7FF7,0x7FF7,0x7FF7,0x7FF7,0x7FF7,0x7FF7,0x7FF7,0x7FF7,0x7FF7,0x7FF7,0x7FF7,
0x7FF8,0x7FF8,0x7FF8,0x7FF8,0x7FF8,0x7FF8,0x7FF8,0x7FF8,0x7FF8,0x7FF8,0x7FF8,0x7FF8,0x7FF8,0x7FF8,0x7FF8,0x7FF8,
0x7FF8,0x7FF8,0x7FF8,0x7FF8,0x7FF8,0x7FF8,0x7FF8,0x7FF8,0x7FF8,0x7FF8,0x7FF8,0x7FF8,0x7FF8,0x7FF8,0x7FF8,0x7FF8,
0x7FF8,0x7FF8,0x7FF8,0x7FF8,0x7FF8,0x7FF8,0x7FF8,0x7FF8,0x7FF8,0x7FF8,0x7FF8,0x7FF8,0x7FF8,0x7FF8,0x7FF8,0x7FF8,
0x7FF8,0x7FF8,0x7FF8,0x7FF8,0x7FF8,0x7FF8,0x7FF8,0x7FF8,0x7FF8,0x7FF8,0x7FF8,0x7FF8,0x7FF8,0x7FF8,0x7FF8,0x7FF8,
0x7FF8,0x7FF8,0x7FF8,0x7FF8,0x7FF8,0x7FF8,0x7FF8,0x7FF8,0x7FF8,0x7FF8,0x7FF8,0x7FF8,0x7FF8,0x7FF8,0x7FF8,0x7FF8,
0x7FF8,0x7FF8,0x7FF8,0x7FF8,0x7FF8,0x7FF8,0x7FF8,0x7FF8,0x7FF8,0x7FF8,0x7FF8,0x7FF8,0x7FF8,0x7FF8,0x7FF8,0x7FF8,
0x7FF8,0x7FF8,0x7FF8,0x7FF8,0x7FF8,0x7FF8,0x7FF8,0x7FF8,0x7FF8,0x7FF8,0x7FF8,0x7FF8,0x7FF8,0x7FF8,0x7FF8,0x7FF8,
0x7FF8,0x7FF8,0x7FF8,0x7FF8,0x7FF8,0x7FF8,0x7FF8,0x7FF8,0x7FF8,0x7FF8,0x7FF8,0x7FF8,0x7FF8,0x7FF8,0x7FF8,0x7FF8,
0x7FF8,0x7FF8,0x7FF8,0x7FF8,0x7FF8,0x7FF8,0x7FF8,0x7FF8,0x7FF8,0x7FF8,0x7FF8,0x7FF8,0x7FF8,0x7FF8,0x7FF8,0x7FF8,
0x7FF8,0x7FF8,0x7FF8,0x7FF8,0x7FF8,0x7FF8,0x7FF8,0x7FF8,0x7FF8,0x7FF8,0x7FF8,0x7FF8,0x7FF8,0x7FF8,0x7FF8,0x7FF8,
0x7FF8,0x7FF8,0x7FF8,0x7FF8,0x7FF8,0x7FF8,0x7FF8,0x7FF8,0x7FF8,0x7FF8,0x7FF8,0x7FF8,0x7FF8,0x7FF8,0x7FF8,0x7FF8,
0x7FF8,0x7FF8,0x7FF8,0x7FF8,0x7FF8,0x7FF8,0x7FF8,0x7FF8,0x7FF8,0x7FF8,0x7FF8,0x7FF8,0x7FF8,0x7FF8,0x7FF8,0x7FF8,
0x7FF8,0x7FF8,0x7FF8,0x7FF8,0x7FF8,0x7FF9,0x7FF9,0x7FF9,0x7FF9,0x7FF9,0x7FF9,0x7FF9,0x7FF9,0x7FF9,0x7FF9,0x7FF9,
0x7FF9,0x7FF9,0x7FF9,0x7FF9,0x7FF9,0x7FF9,0x7FF9,0x7FF9,0x7FF9,0x7FF9,0x7FF9,0x7FF9,0x7FF9,0x7FF9,0x7FF9,0x7FF9,
0x7FF9,0x7FF9,0x7FF9,0x7FF9,0x7FF9,0x7FF9,0x7FF9,0x7FF9,0x7FF9,0x7FF9,0x7FF9,0x7FF9,0x7FF9,0x7FF9,0x7FF9,0x7FF9,
0x7FF9,0x7FF9,0x7FF9,0x7FF9,0x7FF9,0x7FF9,0x7FF9,0x7FF9,0x7FF9,0x7FF9,0x7FF9,0x7FF9,0x7FF9,0x7FF9,0x7FF9,0x7FF9,
0x7FF9,0x7FF9,0x7FF9,0x7FF9,0x7FF9,0x7FF9,0x7FF9,0x7FF9,0x7FF9,0x7FF9,0x7FF9,0x7FF9,0x7FF9,0x7FF9,0x7FF9,0x7FF9,
0x7FF9,0x7FF9,0x7FF9,0x7FF9,0x7FF9,0x7FF9,0x7FF9,0x7FF9,0x7FF9,0x7FF9,0x7FF9,0x7FF9,0x7FF9,0x7FF9,0x7FF9,0x7FF9,
0x7FF9,0x7FF9,0x7FF9,0x7FF9,0x7FF9,0x7FF9,0x7FF9,0x7FF9,0x7FF9,0x7FF9,0x7FF9,0x7FF9,0x7FF9,0x7FF9,0x7FF9,0x7FF9,
0x7FF9,0x7FF9,0x7FF9,0x7FF9,0x7FF9,0x7FF9,0x7FF9,0x7FF9,0x7FF9,0x7FF9,0x7FF9,0x7FF9,0x7FF9,0x7FF9,0x7FF9,0x7FF9,
0x7FF9,0x7FF9,0x7FF9,0x7FF9,0x7FF9,0x7FF9,0x7FF9,0x7FF9,0x7FF9,0x7FF9,0x7FF9,0x7FF9,0x7FF9,0x7FF9,0x7FF9,0x7FF9,
0x7FF9,0x7FF9,0x7FF9,0x7FF9,0x7FF9,0x7FF9,0x7FF9,0x7FF9,0x7FF9,0x7FF9,0x7FF9,0x7FF9,0x7FF9,0x7FF9,0x7FF9,0x7FF9,
0x7FF9,0x7FF9,0x7FF9,0x7FF9,0x7FF9,0x7FF9,0x7FF9,0x7FF9,0x7FF9,0x7FF9,0x7FF9,0x7FF9,0x7FF9,0x7FF9,0x7FF9,0x7FF9,
0x7FF9,0x7FF9,0x7FF9,0x7FF9,0x7FF9,0x7FF9,0x7FF9,0x7FF9,0x7FF9,0x7FF9,0x7FF9,0x7FF9,0x7FF9,0x7FF9,0x7FF9,0x7FF9,
0x7FF9,0x7FF9,0x7FF9,0x7FF9,0x7FF9,0x7FF9,0x7FF9,0x7FF9,0x7FF9,0x7FF9,0x7FF9,0x7FF9,0x7FF9,0x7FF9,0x7FF9,0x7FF9,
0x7FF9,0x7FF9,0x7FF9,0x7FF9,0x7FF9,0x7FF9,0x7FF9,0x7FF9,0x7FF9,0x7FF9,0x7FF9,0x7FF9,0x7FF9,0x7FF9,0x7FF9,0x7FF9,
0x7FF9,0x7FF9,0x7FF9,0x7FF9,0x7FF9,0x7FF9,0x7FF9,0x7FF9,0x7FF9,0x7FFA,0x7FFA,0x7FFA,0x7FFA,0x7FFA,0x7FFA,0x7FFA,
0x7FFA,0x7FFA,0x7FFA,0x7FFA,0x7FFA,0x7FFA,0x7FFA,0x7FFA,0x7FFA,0x7FFA,0x7FFA,0x7FFA,0x7FFA,0x7FFA,0x7FFA,0x7FFA,
0x7FFA,0x7FFA,0x7FFA,0x7FFA,0x7FFA,0x7FFA,0x7FFA,0x7FFA,0x7FFA,0x7FFA,0x7FFA,0x7FFA,0x7FFA,0x7FFA,0x7FFA,0x7FFA,
0x7FFA,0x7FFA,0x7FFA,0x7FFA,0x7FFA,0x7FFA,0x7FFA,0x7FFA,0x7FFA,0x7FFA,0x7FFA,0x7FFA,0x7FFA,0x7FFA,0x7FFA,0x7FFA,
0x7FFA,0x7FFA,0x7FFA,0x7FFA,0x7FFA,0x7FFA,0x7FFA,0x7FFA,0x7FFA,0x7FFA,0x7FFA,0x7FFA,0x7FFA,0x7FFA,0x7FFA,0x7FFA,
0x7FFA,0x7FFA,0x7FFA,0x7FFA,0x7FFA,0x7FFA,0x7FFA,0x7FFA,0x7FFA,0x7FFA,0x7FFA,0x7FFA,0x7FFA,0x7FFA,0x7FFA,0x7FFA,
0x7FFA,0x7FFA,0x7FFA,0x7FFA,0x7FFA,0x7FFA,0x7FFA,0x7FFA,0x7FFA,0x7FFA,0x7FFA,0x7FFA,0x7FFA,0x7FFA,0x7FFA,0x7FFA,
0x7FFA,0x7FFA,0x7FFA,0x7FFA,0x7FFA,0x7FFA,0x7FFA,0x7FFA,0x7FFA,0x7FFA,0x7FFA,0x7FFA,0x7FFA,0x7FFA,0x7FFA,0x7FFA,
0x7FFA,0x7FFA,0x7FFA,0x7FFA,0x7FFA,0x7FFA,0x7FFA,0x7FFA,0x7FFA,0x7FFA,0x7FFA,0x7FFA,0x7FFA,0x7FFA,0x7FFA,0x7FFA,
0x7FFA,0x7FFA,0x7FFA,0x7FFA,0x7FFA,0x7FFA,0x7FFA,0x7FFA,0x7FFA,0x7FFA,0x7FFA,0x7FFA,0x7FFA,0x7FFA,0x7FFA,0x7FFA,
0x7FFA,0x7FFA,0x7FFA,0x7FFA,0x7FFA,0x7FFA,0x7FFA,0x7FFA,0x7FFA,0x7FFA,0x7FFA,0x7FFA,0x7FFA,0x7FFA,0x7FFA,0x7FFA,
0x7FFA,0x7FFA,0x7FFA,0x7FFA,0x7FFA,0x7FFA,0x7FFA,0x7FFA,0x7FFA,0x7FFA,0x7FFA,0x7FFA,0x7FFA,0x7FFA,0x7FFA,0x7FFA,
0x7FFA,0x7FFA,0x7FFA,0x7FFA,0x7FFA,0x7FFA,0x7FFA,0x7FFA,0x7FFA,0x7FFA,0x7FFA,0x7FFA,0x7FFA,0x7FFA,0x7FFA,0x7FFA,
0x7FFA,0x7FFA,0x7FFA,0x7FFA,0x7FFA,0x7FFA,0x7FFA,0x7FFA,0x7FFA,0x7FFA,0x7FFA,0x7FFA,0x7FFA,0x7FFA,0x7FFA,0x7FFA,
0x7FFA,0x7FFA,0x7FFA,0x7FFA,0x7FFA,0x7FFA,0x7FFA,0x7FFA,0x7FFA,0x7FFA,0x7FFA,0x7FFA,0x7FFA,0x7FFA,0x7FFA,0x7FFA,
0x7FFA,0x7FFA,0x7FFA,0x7FFA,0x7FFA,0x7FFA,0x7FFA,0x7FFA,0x7FFA,0x7FFA,0x7FFA,0x7FFA,0x7FFA,0x7FFA,0x7FFA,0x7FFA,
0x7FFA,0x7FFA,0x7FFA,0x7FFA,0x7FFA,0x7FFA,0x7FFA,0x7FFA,0x7FFA,0x7FFA,0x7FFA,0x7FFA,0x7FFA,0x7FFA,0x7FFA,0x7FFA,
0x7FFA,0x7FFA,0x7FFA,0x7FFA,0x7FFA,0x7FFA,0x7FFB,0x7FFB,0x7FFB,0x7FFB,0x7FFB,0x7FFB,0x7FFB,0x7FFB,0x7FFB,0x7FFB,
0x7FFB,0x7FFB,0x7FFB,0x7FFB,0x7FFB,0x7FFB,0x7FFB,0x7FFB,0x7FFB,0x7FFB,0x7FFB,0x7FFB,0x7FFB,0x7FFB,0x7FFB,0x7FFB,
0x7FFB,0x7FFB,0x7FFB,0x7FFB,0x7FFB,0x7FFB,0x7FFB,0x7FFB,0x7FFB,0x7FFB,0x7FFB,0x7FFB,0x7FFB,0x7FFB,0x7FFB,0x7FFB,
0x7FFB,0x7FFB,0x7FFB,0x7FFB,0x7FFB,0x7FFB,0x7FFB,0x7FFB,0x7FFB,0x7FFB,0x7FFB,0x7FFB,0x7FFB,0x7FFB,0x7FFB,0x7FFB,
0x7FFB,0x7FFB,0x7FFB,0x7FFB,0x7FFB,0x7FFB,0x7FFB,0x7FFB,0x7FFB,0x7FFB,0x7FFB,0x7FFB,0x7FFB,0x7FFB,0x7FFB,0x7FFB,
0x7FFB,0x7FFB,0x7FFB,0x7FFB,0x7FFB,0x7FFB,0x7FFB,0x7FFB,0x7FFB,0x7FFB,0x7FFB,0x7FFB,0x7FFB,0x7FFB,0x7FFB,0x7FFB,
0x7FFB,0x7FFB,0x7FFB,0x7FFB,0x7FFB,0x7FFB,0x7FFB,0x7FFB,0x7FFB,0x7FFB,0x7FFB,0x7FFB,0x7FFB,0x7FFB,0x7FFB,0x7FFB,
0x7FFB,0x7FFB,0x7FFB,0x7FFB,0x7FFB,0x7FFB,0x7FFB,0x7FFB,0x7FFB,0x7FFB,0x7FFB,0x7FFB,0x7FFB,0x7FFB,0x7FFB,0x7FFB,
0x7FFB,0x7FFB,0x7FFB,0x7FFB,0x7FFB,0x7FFB,0x7FFB,0x7FFB,0x7FFB,0x7FFB,0x7FFB,0x7FFB,0x7FFB,0x7FFB,0x7FFB,0x7FFB,
0x7FFB,0x7FFB,0x7FFB,0x7FFB,0x7FFB,0x7FFB,0x7FFB,0x7FFB,0x7FFB,0x7FFB,0x7FFB,0x7FFB,0x7FFB,0x7FFB,0x7FFB,0x7FFB,
0x7FFB,0x7FFB,0x7FFB,0x7FFB,0x7FFB,0x7FFB,0x7FFB,0x7FFB,0x7FFB,0x7FFB,0x7FFB,0x7FFB,0x7FFB,0x7FFB,0x7FFB,0x7FFB,
0x7FFB,0x7FFB,0x7FFB,0x7FFB,0x7FFB,0x7FFB,0x7FFB,0x7FFB,0x7FFB,0x7FFB,0x7FFB,0x7FFB,0x7FFB,0x7FFB,0x7FFB,0x7FFB,
0x7FFB,0x7FFB,0x7FFB,0x7FFB,0x7FFB,0x7FFB,0x7FFB,0x7FFB,0x7FFB,0x7FFB,0x7FFB,0x7FFB,0x7FFB,0x7FFB,0x7FFB,0x7FFB,
0x7FFB,0x7FFB,0x7FFB,0x7FFB,0x7FFB,0x7FFB,0x7FFB,0x7FFB,0x7FFB,0x7FFB,0x7FFB,0x7FFB,0x7FFB,0x7FFB,0x7FFB,0x7FFB,
0x7FFB,0x7FFB,0x7FFB,0x7FFB,0x7FFB,0x7FFB,0x7FFB,0x7FFB,0x7FFB,0x7FFB,0x7FFB,0x7FFB,0x7FFB,0x7FFB,0x7FFB,0x7FFB,
0x7FFB,0x7FFB,0x7FFB,0x7FFB,0x7FFB,0x7FFB,0x7FFB,0x7FFB,0x7FFB,0x7FFB,0x7FFB,0x7FFB,0x7FFB,0x7FFB,0x7FFB,0x7FFB,
0x7FFB,0x7FFB,0x7FFB,0x7FFB,0x7FFB,0x7FFB,0x7FFB,0x7FFB,0x7FFB,0x7FFB,0x7FFB,0x7FFB,0x7FFB,0x7FFB,0x7FFB,0x7FFB,
0x7FFB,0x7FFB,0x7FFB,0x7FFB,0x7FFB,0x7FFB,0x7FFB,0x7FFB,0x7FFB,0x7FFB,0x7FFB,0x7FFB,0x7FFB,0x7FFB,0x7FFB,0x7FFB,
0x7FFB,0x7FFB,0x7FFB,0x7FFB,0x7FFB,0x7FFB,0x7FFB,0x7FFB,0x7FFB,0x7FFB,0x7FFB,0x7FFB,0x7FFB,0x7FFB,0x7FFB,0x7FFB,
0x7FFB,0x7FFB,0x7FFB,0x7FFB,0x7FFB,0x7FFB,0x7FFB,0x7FFB,0x7FFB,0x7FFB,0x7FFB,0x7FFB,0x7FFB,0x7FFB,0x7FFB,0x7FFB,
0x7FFB,0x7FFB,0x7FFB,0x7FFB,0x7FFB,0x7FFB,0x7FFB,0x7FFB,0x7FFB,0x7FFB,0x7FFB,0x7FFB,0x7FFB,0x7FFB,0x7FFB,0x7FFB,
0x7FFC,0x7FFC,0x7FFC,0x7FFC,0x7FFC,0x7FFC,0x7FFC,0x7FFC,0x7FFC,0x7FFC,0x7FFC,0x7FFC,0x7FFC,0x7FFC,0x7FFC,0x7FFC,
0x7FFC,0x7FFC,0x7FFC,0x7FFC,0x7FFC,0x7FFC,0x7FFC,0x7FFC,0x7FFC,0x7FFC,0x7FFC,0x7FFC,0x7FFC,0x7FFC,0x7FFC,0x7FFC,
0x7FFC,0x7FFC,0x7FFC,0x7FFC,0x7FFC,0x7FFC,0x7FFC,0x7FFC,0x7FFC,0x7FFC,0x7FFC,0x7FFC,0x7FFC,0x7FFC,0x7FFC,0x7FFC,
0x7FFC,0x7FFC,0x7FFC,0x7FFC,0x7FFC,0x7FFC,0x7FFC,0x7FFC,0x7FFC,0x7FFC,0x7FFC,0x7FFC,0x7FFC,0x7FFC,0x7FFC,0x7FFC,
0x7FFC,0x7FFC,0x7FFC,0x7FFC,0x7FFC,0x7FFC,0x7FFC,0x7FFC,0x7FFC,0x7FFC,0x7FFC,0x7FFC,0x7FFC,0x7FFC,0x7FFC,0x7FFC,
0x7FFC,0x7FFC,0x7FFC,0x7FFC,0x7FFC,0x7FFC,0x7FFC,0x7FFC,0x7FFC,0x7FFC,0x7FFC,0x7FFC,0x7FFC,0x7FFC,0x7FFC,0x7FFC,
0x7FFC,0x7FFC,0x7FFC,0x7FFC,0x7FFC,0x7FFC,0x7FFC,0x7FFC,0x7FFC,0x7FFC,0x7FFC,0x7FFC,0x7FFC,0x7FFC,0x7FFC,0x7FFC,
0x7FFC,0x7FFC,0x7FFC,0x7FFC,0x7FFC,0x7FFC,0x7FFC,0x7FFC,0x7FFC,0x7FFC,0x7FFC,0x7FFC,0x7FFC,0x7FFC,0x7FFC,0x7FFC,
0x7FFC,0x7FFC,0x7FFC,0x7FFC,0x7FFC,0x7FFC,0x7FFC,0x7FFC,0x7FFC,0x7FFC,0x7FFC,0x7FFC,0x7FFC,0x7FFC,0x7FFC,0x7FFC,
0x7FFC,0x7FFC,0x7FFC,0x7FFC,0x7FFC,0x7FFC,0x7FFC,0x7FFC,0x7FFC,0x7FFC,0x7FFC,0x7FFC,0x7FFC,0x7FFC,0x7FFC,0x7FFC,
0x7FFC,0x7FFC,0x7FFC,0x7FFC,0x7FFC,0x7FFC,0x7FFC,0x7FFC,0x7FFC,0x7FFC,0x7FFC,0x7FFC,0x7FFC,0x7FFC,0x7FFC,0x7FFC,
0x7FFC,0x7FFC,0x7FFC,0x7FFC,0x7FFC,0x7FFC,0x7FFC,0x7FFC,0x7FFC,0x7FFC,0x7FFC,0x7FFC,0x7FFC,0x7FFC,0x7FFC,0x7FFC,
0x7FFC,0x7FFC,0x7FFC,0x7FFC,0x7FFC,0x7FFC,0x7FFC,0x7FFC,0x7FFC,0x7FFC,0x7FFC,0x7FFC,0x7FFC,0x7FFC,0x7FFC,0x7FFC,
0x7FFC,0x7FFC,0x7FFC,0x7FFC,0x7FFC,0x7FFC,0x7FFC,0x7FFC,0x7FFC,0x7FFC,0x7FFC,0x7FFC,0x7FFC,0x7FFC,0x7FFC,0x7FFC,
0x7FFC,0x7FFC,0x7FFC,0x7FFC,0x7FFC,0x7FFC,0x7FFC,0x7FFC,0x7FFC,0x7FFC,0x7FFC,0x7FFC,0x7FFC,0x7FFC,0x7FFC,0x7FFC,
0x7FFC,0x7FFC,0x7FFC,0x7FFC,0x7FFC,0x7FFC,0x7FFC,0x7FFC,0x7FFC,0x7FFC,0x7FFC,0x7FFC,0x7FFC,0x7FFC,0x7FFC,0x7FFC,
0x7FFC,0x7FFC,0x7FFC,0x7FFC,0x7FFC,0x7FFC,0x7FFC,0x7FFC,0x7FFC,0x7FFC,0x7FFC,0x7FFC,0x7FFC,0x7FFC,0x7FFC,0x7FFC,
0x7FFC,0x7FFC,0x7FFC,0x7FFC,0x7FFC,0x7FFC,0x7FFC,0x7FFC,0x7FFC,0x7FFC,0x7FFC,0x7FFC,0x7FFC,0x7FFC,0x7FFC,0x7FFC,
0x7FFC,0x7FFC,0x7FFC,0x7FFC,0x7FFC,0x7FFC,0x7FFC,0x7FFC,0x7FFC,0x7FFC,0x7FFC,0x7FFC,0x7FFC,0x7FFC,0x7FFC,0x7FFC,
0x7FFC,0x7FFC,0x7FFC,0x7FFC,0x7FFC,0x7FFC,0x7FFC,0x7FFC,0x7FFC,0x7FFC,0x7FFC,0x7FFC,0x7FFC,0x7FFC,0x7FFC,0x7FFC,
0x7FFC,0x7FFC,0x7FFC,0x7FFC,0x7FFC,0x7FFC,0x7FFC,0x7FFC,0x7FFC,0x7FFC,0x7FFC,0x7FFC,0x7FFC,0x7FFC,0x7FFC,0x7FFC,
0x7FFC,0x7FFC,0x7FFC,0x7FFC,0x7FFC,0x7FFC,0x7FFC,0x7FFC,0x7FFC,0x7FFC,0x7FFC,0x7FFC,0x7FFC,0x7FFC,0x7FFC,0x7FFC,
0x7FFC,0x7FFC,0x7FFC,0x7FFC,0x7FFC,0x7FFC,0x7FFC,0x7FFC,0x7FFC,0x7FFC,0x7FFC,0x7FFC,0x7FFC,0x7FFC,0x7FFC,0x7FFC,
0x7FFC,0x7FFC,0x7FFC,0x7FFC,0x7FFC,0x7FFC,0x7FFC,0x7FFC,0x7FFC,0x7FFC,0x7FFC,0x7FFC,0x7FFC,0x7FFC,0x7FFC,0x7FFC,
0x7FFC,0x7FFC,0x7FFC,0x7FFC,0x7FFC,0x7FFC,0x7FFC,0x7FFC,0x7FFC,0x7FFC,0x7FFC,0x7FFC,0x7FFC,0x7FFC,0x7FFC,0x7FFC,
0x7FFC,0x7FFC,0x7FFC,0x7FFC,0x7FFC,0x7FFC,0x7FFC,0x7FFC,0x7FFC,0x7FFC,0x7FFC,0x7FFC,0x7FFC,0x7FFC,0x7FFC,0x7FFC,
0x7FFC,0x7FFC,0x7FFC,0x7FFC,0x7FFC,0x7FFC,0x7FFC,0x7FFC,0x7FFC,0x7FFD,0x7FFD,0x7FFD,0x7FFD,0x7FFD,0x7FFD,0x7FFD,
0x7FFD,0x7FFD,0x7FFD,0x7FFD,0x7FFD,0x7FFD,0x7FFD,0x7FFD,0x7FFD,0x7FFD,0x7FFD,0x7FFD,0x7FFD,0x7FFD,0x7FFD,0x7FFD,
0x7FFD,0x7FFD,0x7FFD,0x7FFD,0x7FFD,0x7FFD,0x7FFD,0x7FFD,0x7FFD,0x7FFD,0x7FFD,0x7FFD,0x7FFD,0x7FFD,0x7FFD,0x7FFD,
0x7FFD,0x7FFD,0x7FFD,0x7FFD,0x7FFD,0x7FFD,0x7FFD,0x7FFD,0x7FFD,0x7FFD,0x7FFD,0x7FFD,0x7FFD,0x7FFD,0x7FFD,0x7FFD,
0x7FFD,0x7FFD,0x7FFD,0x7FFD,0x7FFD,0x7FFD,0x7FFD,0x7FFD,0x7FFD,0x7FFD,0x7FFD,0x7FFD,0x7FFD,0x7FFD,0x7FFD,0x7FFD,
0x7FFD,0x7FFD,0x7FFD,0x7FFD,0x7FFD,0x7FFD,0x7FFD,0x7FFD,0x7FFD,0x7FFD,0x7FFD,0x7FFD,0x7FFD,0x7FFD,0x7FFD,0x7FFD,
0x7FFD,0x7FFD,0x7FFD,0x7FFD,0x7FFD,0x7FFD,0x7FFD,0x7FFD,0x7FFD,0x7FFD,0x7FFD,0x7FFD,0x7FFD,0x7FFD,0x7FFD,0x7FFD,
0x7FFD,0x7FFD,0x7FFD,0x7FFD,0x7FFD,0x7FFD,0x7FFD,0x7FFD,0x7FFD,0x7FFD,0x7FFD,0x7FFD,0x7FFD,0x7FFD,0x7FFD,0x7FFD,
0x7FFD,0x7FFD,0x7FFD,0x7FFD,0x7FFD,0x7FFD,0x7FFD,0x7FFD,0x7FFD,0x7FFD,0x7FFD,0x7FFD,0x7FFD,0x7FFD,0x7FFD,0x7FFD,
0x7FFD,0x7FFD,0x7FFD,0x7FFD,0x7FFD,0x7FFD,0x7FFD,0x7FFD,0x7FFD,0x7FFD,0x7FFD,0x7FFD,0x7FFD,0x7FFD,0x7FFD,0x7FFD,
0x7FFD,0x7FFD,0x7FFD,0x7FFD,0x7FFD,0x7FFD,0x7FFD,0x7FFD,0x7FFD,0x7FFD,0x7FFD,0x7FFD,0x7FFD,0x7FFD,0x7FFD,0x7FFD,
0x7FFD,0x7FFD,0x7FFD,0x7FFD,0x7FFD,0x7FFD,0x7FFD,0x7FFD,0x7FFD,0x7FFD,0x7FFD,0x7FFD,0x7FFD,0x7FFD,0x7FFD,0x7FFD,
0x7FFD,0x7FFD,0x7FFD,0x7FFD,0x7FFD,0x7FFD,0x7FFD,0x7FFD,0x7FFD,0x7FFD,0x7FFD,0x7FFD,0x7FFD,0x7FFD,0x7FFD,0x7FFD,
0x7FFD,0x7FFD,0x7FFD,0x7FFD,0x7FFD,0x7FFD,0x7FFD,0x7FFD,0x7FFD,0x7FFD,0x7FFD,0x7FFD,0x7FFD,0x7FFD,0x7FFD,0x7FFD,
0x7FFD,0x7FFD,0x7FFD,0x7FFD,0x7FFD,0x7FFD,0x7FFD,0x7FFD,0x7FFD,0x7FFD,0x7FFD,0x7FFD,0x7FFD,0x7FFD,0x7FFD,0x7FFD,
0x7FFD,0x7FFD,0x7FFD,0x7FFD,0x7FFD,0x7FFD,0x7FFD,0x7FFD,0x7FFD,0x7FFD,0x7FFD,0x7FFD,0x7FFD,0x7FFD,0x7FFD,0x7FFD,
0x7FFD,0x7FFD,0x7FFD,0x7FFD,0x7FFD,0x7FFD,0x7FFD,0x7FFD,0x7FFD,0x7FFD,0x7FFD,0x7FFD,0x7FFD,0x7FFD,0x7FFD,0x7FFD,
0x7FFD,0x7FFD,0x7FFD,0x7FFD,0x7FFD,0x7FFD,0x7FFD,0x7FFD,0x7FFD,0x7FFD,0x7FFD,0x7FFD,0x7FFD,0x7FFD,0x7FFD,0x7FFD,
0x7FFD,0x7FFD,0x7FFD,0x7FFD,0x7FFD,0x7FFD,0x7FFD,0x7FFD,0x7FFD,0x7FFD,0x7FFD,0x7FFD,0x7FFD,0x7FFD,0x7FFD,0x7FFD,
0x7FFD,0x7FFD,0x7FFD,0x7FFD,0x7FFD,0x7FFD,0x7FFD,0x7FFD,0x7FFD,0x7FFD,0x7FFD,0x7FFD,0x7FFD,0x7FFD,0x7FFD,0x7FFD,
0x7FFD,0x7FFD,0x7FFD,0x7FFD,0x7FFD,0x7FFD,0x7FFD,0x7FFD,0x7FFD,0x7FFD,0x7FFD,0x7FFD,0x7FFD,0x7FFD,0x7FFD,0x7FFD,
0x7FFD,0x7FFD,0x7FFD,0x7FFD,0x7FFD,0x7FFD,0x7FFD,0x7FFD,0x7FFD,0x7FFD,0x7FFD,0x7FFD,0x7FFD,0x7FFD,0x7FFD,0x7FFD,
0x7FFD,0x7FFD,0x7FFD,0x7FFD,0x7FFD,0x7FFD,0x7FFD,0x7FFD,0x7FFD,0x7FFD,0x7FFD,0x7FFD,0x7FFD,0x7FFD,0x7FFD,0x7FFD,
0x7FFD,0x7FFD,0x7FFD,0x7FFD,0x7FFD,0x7FFD,0x7FFD,0x7FFD,0x7FFD,0x7FFD,0x7FFD,0x7FFD,0x7FFD,0x7FFD,0x7FFD,0x7FFD,
0x7FFD,0x7FFD,0x7FFD,0x7FFD,0x7FFD,0x7FFD,0x7FFD,0x7FFD,0x7FFD,0x7FFD,0x7FFD,0x7FFD,0x7FFD,0x7FFD,0x7FFD,0x7FFD,
0x7FFD,0x7FFD,0x7FFD,0x7FFD,0x7FFD,0x7FFD,0x7FFD,0x7FFD,0x7FFD,0x7FFD,0x7FFD,0x7FFD,0x7FFD,0x7FFD,0x7FFD,0x7FFD,
0x7FFD,0x7FFD,0x7FFD,0x7FFD,0x7FFD,0x7FFD,0x7FFD,0x7FFD,0x7FFD,0x7FFD,0x7FFD,0x7FFD,0x7FFD,0x7FFD,0x7FFD,0x7FFD,
0x7FFD,0x7FFD,0x7FFD,0x7FFD,0x7FFD,0x7FFD,0x7FFD,0x7FFD,0x7FFD,0x7FFD,0x7FFD,0x7FFD,0x7FFD,0x7FFD,0x7FFD,0x7FFD,
0x7FFD,0x7FFD,0x7FFD,0x7FFD,0x7FFD,0x7FFD,0x7FFD,0x7FFD,0x7FFD,0x7FFD,0x7FFD,0x7FFD,0x7FFD,0x7FFD,0x7FFD,0x7FFD,
0x7FFD,0x7FFD,0x7FFD,0x7FFD,0x7FFD,0x7FFD,0x7FFD,0x7FFD,0x7FFD,0x7FFD,0x7FFD,0x7FFD,0x7FFD,0x7FFD,0x7FFD,0x7FFD,
0x7FFD,0x7FFD,0x7FFD,0x7FFD,0x7FFD,0x7FFD,0x7FFD,0x7FFD,0x7FFD,0x7FFD,0x7FFD,0x7FFD,0x7FFD,0x7FFD,0x7FFD,0x7FFD,
0x7FFD,0x7FFD,0x7FFD,0x7FFD,0x7FFD,0x7FFD,0x7FFD,0x7FFD,0x7FFD,0x7FFD,0x7FFD,0x7FFD,0x7FFD,0x7FFD,0x7FFD,0x7FFD,
0x7FFD,0x7FFD,0x7FFD,0x7FFD,0x7FFD,0x7FFD,0x7FFD,0x7FFD,0x7FFD,0x7FFD,0x7FFD,0x7FFD,0x7FFD,0x7FFD,0x7FFD,0x7FFD,
0x7FFD,0x7FFD,0x7FFD,0x7FFD,0x7FFD,0x7FFD,0x7FFD,0x7FFD,0x7FFD,0x7FFD,0x7FFD,0x7FFD,0x7FFD,0x7FFD,0x7FFD,0x7FFD,
0x7FFD,0x7FFD,0x7FFD,0x7FFD,0x7FFD,0x7FFD,0x7FFD,0x7FFD,0x7FFD,0x7FFD,0x7FFD,0x7FFD,0x7FFD,0x7FFD,0x7FFD,0x7FFD,
0x7FFD,0x7FFD,0x7FFD,0x7FFD,0x7FFD,0x7FFD,0x7FFD,0x7FFD,0x7FFD,0x7FFD,0x7FFD,0x7FFD,0x7FFD,0x7FFD,0x7FFD,0x7FFD,
0x7FFD,0x7FFD,0x7FFD,0x7FFD,0x7FFD,0x7FFD,0x7FFD,0x7FFD,0x7FFD,0x7FFD,0x7FFD,0x7FFD,0x7FFD,0x7FFD,0x7FFD,0x7FFD,
0x7FFD,0x7FFD,0x7FFD,0x7FFD,0x7FFD,0x7FFD,0x7FFD,0x7FFD,0x7FFD,0x7FFD,0x7FFD,0x7FFD,0x7FFD,0x7FFD,0x7FFD,0x7FFD,
0x7FFE,0x7FFE,0x7FFE,0x7FFE,0x7FFE,0x7FFE,0x7FFE,0x7FFE,0x7FFE,0x7FFE,0x7FFE,0x7FFE,0x7FFE,0x7FFE,0x7FFE,0x7FFE,
0x7FFE,0x7FFE,0x7FFE,0x7FFE,0x7FFE,0x7FFE,0x7FFE,0x7FFE,0x7FFE,0x7FFE,0x7FFE,0x7FFE,0x7FFE,0x7FFE,0x7FFE,0x7FFE,
0x7FFE,0x7FFE,0x7FFE,0x7FFE,0x7FFE,0x7FFE,0x7FFE,0x7FFE,0x7FFE,0x7FFE,0x7FFE,0x7FFE,0x7FFE,0x7FFE,0x7FFE,0x7FFE,
0x7FFE,0x7FFE,0x7FFE,0x7FFE,0x7FFE,0x7FFE,0x7FFE,0x7FFE,0x7FFE,0x7FFE,0x7FFE,0x7FFE,0x7FFE,0x7FFE,0x7FFE,0x7FFE,
0x7FFE,0x7FFE,0x7FFE,0x7FFE,0x7FFE,0x7FFE,0x7FFE,0x7FFE,0x7FFE,0x7FFE,0x7FFE,0x7FFE,0x7FFE,0x7FFE,0x7FFE,0x7FFE,
0x7FFE,0x7FFE,0x7FFE,0x7FFE,0x7FFE,0x7FFE,0x7FFE,0x7FFE,0x7FFE,0x7FFE,0x7FFE,0x7FFE,0x7FFE,0x7FFE,0x7FFE,0x7FFE,
0x7FFE,0x7FFE,0x7FFE,0x7FFE,0x7FFE,0x7FFE,0x7FFE,0x7FFE,0x7FFE,0x7FFE,0x7FFE,0x7FFE,0x7FFE,0x7FFE,0x7FFE,0x7FFE,
0x7FFE,0x7FFE,0x7FFE,0x7FFE,0x7FFE,0x7FFE,0x7FFE,0x7FFE,0x7FFE,0x7FFE,0x7FFE,0x7FFE,0x7FFE,0x7FFE,0x7FFE,0x7FFE,
0x7FFE,0x7FFE,0x7FFE,0x7FFE,0x7FFE,0x7FFE,0x7FFE,0x7FFE,0x7FFE,0x7FFE,0x7FFE,0x7FFE,0x7FFE,0x7FFE,0x7FFE,0x7FFE,
0x7FFE,0x7FFE,0x7FFE,0x7FFE,0x7FFE,0x7FFE,0x7FFE,0x7FFE,0x7FFE,0x7FFE,0x7FFE,0x7FFE,0x7FFE,0x7FFE,0x7FFE,0x7FFE,
0x7FFE,0x7FFE,0x7FFE,0x7FFE,0x7FFE,0x7FFE,0x7FFE,0x7FFE,0x7FFE,0x7FFE,0x7FFE,0x7FFE,0x7FFE,0x7FFE,0x7FFE,0x7FFE,
0x7FFE,0x7FFE,0x7FFE,0x7FFE,0x7FFE,0x7FFE,0x7FFE,0x7FFE,0x7FFE,0x7FFE,0x7FFE,0x7FFE,0x7FFE,0x7FFE,0x7FFE,0x7FFE,
0x7FFE,0x7FFE,0x7FFE,0x7FFE,0x7FFE,0x7FFE,0x7FFE,0x7FFE,0x7FFE,0x7FFE,0x7FFE,0x7FFE,0x7FFE,0x7FFE,0x7FFE,0x7FFE,
0x7FFE,0x7FFE,0x7FFE,0x7FFE,0x7FFE,0x7FFE,0x7FFE,0x7FFE,0x7FFE,0x7FFE,0x7FFE,0x7FFE,0x7FFE,0x7FFE,0x7FFE,0x7FFE,
0x7FFE,0x7FFE,0x7FFE,0x7FFE,0x7FFE,0x7FFE,0x7FFE,0x7FFE,0x7FFE,0x7FFE,0x7FFE,0x7FFE,0x7FFE,0x7FFE,0x7FFE,0x7FFE,
0x7FFE,0x7FFE,0x7FFE,0x7FFE,0x7FFE,0x7FFE,0x7FFE,0x7FFE,0x7FFE,0x7FFE,0x7FFE,0x7FFE,0x7FFE,0x7FFE,0x7FFE,0x7FFE,
0x7FFE,0x7FFE,0x7FFE,0x7FFE,0x7FFE,0x7FFE,0x7FFE,0x7FFE,0x7FFE,0x7FFE,0x7FFE,0x7FFE,0x7FFE,0x7FFE,0x7FFE,0x7FFE,
0x7FFE,0x7FFE,0x7FFE,0x7FFE,0x7FFE,0x7FFE,0x7FFE,0x7FFE,0x7FFE,0x7FFE,0x7FFE,0x7FFE,0x7FFE,0x7FFE,0x7FFE,0x7FFE,
0x7FFE,0x7FFE,0x7FFE,0x7FFE,0x7FFE,0x7FFE,0x7FFE,0x7FFE,0x7FFE,0x7FFE,0x7FFE,0x7FFE,0x7FFE,0x7FFE,0x7FFE,0x7FFE,
0x7FFE,0x7FFE,0x7FFE,0x7FFE,0x7FFE,0x7FFE,0x7FFE,0x7FFE,0x7FFE,0x7FFE,0x7FFE,0x7FFE,0x7FFE,0x7FFE,0x7FFE,0x7FFE,
0x7FFE,0x7FFE,0x7FFE,0x7FFE,0x7FFE,0x7FFE,0x7FFE,0x7FFE,0x7FFE,0x7FFE,0x7FFE,0x7FFE,0x7FFE,0x7FFE,0x7FFE,0x7FFE,
0x7FFE,0x7FFE,0x7FFE,0x7FFE,0x7FFE,0x7FFE,0x7FFE,0x7FFE,0x7FFE,0x7FFE,0x7FFE,0x7FFE,0x7FFE,0x7FFE,0x7FFE,0x7FFE,
0x7FFE,0x7FFE,0x7FFE,0x7FFE,0x7FFE,0x7FFE,0x7FFE,0x7FFE,0x7FFE,0x7FFE,0x7FFE,0x7FFE,0x7FFE,0x7FFE,0x7FFE,0x7FFE,
0x7FFE,0x7FFE,0x7FFE,0x7FFE,0x7FFE,0x7FFE,0x7FFE,0x7FFE,0x7FFE,0x7FFE,0x7FFE,0x7FFE,0x7FFE,0x7FFE,0x7FFE,0x7FFE,
0x7FFE,0x7FFE,0x7FFE,0x7FFE,0x7FFE,0x7FFE,0x7FFE,0x7FFE,0x7FFE,0x7FFE,0x7FFE,0x7FFE,0x7FFE,0x7FFE,0x7FFE,0x7FFE,
0x7FFE,0x7FFE,0x7FFE,0x7FFE,0x7FFE,0x7FFE,0x7FFE,0x7FFE,0x7FFE,0x7FFE,0x7FFE,0x7FFE,0x7FFE,0x7FFE,0x7FFE,0x7FFE,
0x7FFE,0x7FFE,0x7FFE,0x7FFE,0x7FFE,0x7FFE,0x7FFE,0x7FFE,0x7FFE,0x7FFE,0x7FFE,0x7FFE,0x7FFE,0x7FFE,0x7FFE,0x7FFE,
0x7FFE,0x7FFE,0x7FFE,0x7FFE,0x7FFE,0x7FFE,0x7FFE,0x7FFE,0x7FFE,0x7FFE,0x7FFE,0x7FFE,0x7FFE,0x7FFE,0x7FFE,0x7FFE,
0x7FFE,0x7FFE,0x7FFE,0x7FFE,0x7FFE,0x7FFE,0x7FFE,0x7FFE,0x7FFE,0x7FFE,0x7FFE,0x7FFE,0x7FFE,0x7FFE,0x7FFE,0x7FFE,
0x7FFE,0x7FFE,0x7FFE,0x7FFE,0x7FFE,0x7FFE,0x7FFE,0x7FFE,0x7FFE,0x7FFE,0x7FFE,0x7FFE,0x7FFE,0x7FFE,0x7FFE,0x7FFE,
0x7FFE,0x7FFE,0x7FFE,0x7FFE,0x7FFE,0x7FFE,0x7FFE,0x7FFE,0x7FFE,0x7FFE,0x7FFE,0x7FFE,0x7FFE,0x7FFE,0x7FFE,0x7FFE,
0x7FFE,0x7FFE,0x7FFE,0x7FFE,0x7FFE,0x7FFE,0x7FFE,0x7FFE,0x7FFE,0x7FFE,0x7FFE,0x7FFE,0x7FFE,0x7FFE,0x7FFE,0x7FFE,
0x7FFE,0x7FFE,0x7FFE,0x7FFE,0x7FFE,0x7FFE,0x7FFE,0x7FFE,0x7FFE,0x7FFE,0x7FFE,0x7FFE,0x7FFE,0x7FFE,0x7FFE,0x7FFE,
0x7FFE,0x7FFE,0x7FFE,0x7FFE,0x7FFE,0x7FFE,0x7FFE,0x7FFE,0x7FFE,0x7FFE,0x7FFE,0x7FFE,0x7FFE,0x7FFE,0x7FFE,0x7FFE,
0x7FFE,0x7FFE,0x7FFE,0x7FFE,0x7FFE,0x7FFE,0x7FFE,0x7FFE,0x7FFE,0x7FFE,0x7FFE,0x7FFE,0x7FFE,0x7FFE,0x7FFE,0x7FFE,
0x7FFE,0x7FFE,0x7FFE,0x7FFE,0x7FFE,0x7FFE,0x7FFE,0x7FFE,0x7FFE,0x7FFE,0x7FFE,0x7FFE,0x7FFE,0x7FFE,0x7FFE,0x7FFE,
0x7FFE,0x7FFE,0x7FFE,0x7FFE,0x7FFE,0x7FFE,0x7FFE,0x7FFE,0x7FFE,0x7FFE,0x7FFE,0x7FFE,0x7FFE,0x7FFE,0x7FFE,0x7FFE,
0x7FFE,0x7FFE,0x7FFE,0x7FFE,0x7FFE,0x7FFE,0x7FFE,0x7FFE,0x7FFE,0x7FFE,0x7FFE,0x7FFE,0x7FFE,0x7FFE,0x7FFE,0x7FFE,
0x7FFE,0x7FFE,0x7FFE,0x7FFE,0x7FFE,0x7FFE,0x7FFE,0x7FFE,0x7FFE,0x7FFE,0x7FFE,0x7FFE,0x7FFE,0x7FFE,0x7FFE,0x7FFE,
0x7FFE,0x7FFE,0x7FFE,0x7FFE,0x7FFE,0x7FFE,0x7FFE,0x7FFE,0x7FFE,0x7FFE,0x7FFE,0x7FFE,0x7FFE,0x7FFE,0x7FFE,0x7FFE,
0x7FFE,0x7FFE,0x7FFE,0x7FFE,0x7FFE,0x7FFE,0x7FFE,0x7FFE,0x7FFE,0x7FFE,0x7FFE,0x7FFE,0x7FFE,0x7FFE,0x7FFE,0x7FFE,
0x7FFE,0x7FFE,0x7FFE,0x7FFE,0x7FFE,0x7FFE,0x7FFE,0x7FFE,0x7FFE,0x7FFE,0x7FFE,0x7FFE,0x7FFE,0x7FFE,0x7FFE,0x7FFE,
0x7FFE,0x7FFE,0x7FFE,0x7FFE,0x7FFE,0x7FFE,0x7FFE,0x7FFE,0x7FFE,0x7FFE,0x7FFE,0x7FFE,0x7FFE,0x7FFE,0x7FFE,0x7FFE,
0x7FFE,0x7FFE,0x7FFE,0x7FFE,0x7FFE,0x7FFE,0x7FFE,0x7FFE,0x7FFE,0x7FFE,0x7FFE,0x7FFE,0x7FFE,0x7FFE,0x7FFE,0x7FFE,
0x7FFE,0x7FFE,0x7FFE,0x7FFE,0x7FFE,0x7FFE,0x7FFE,0x7FFE,0x7FFE,0x7FFE,0x7FFE,0x7FFE,0x7FFE,0x7FFE,0x7FFE,0x7FFE,
0x7FFE,0x7FFE,0x7FFE,0x7FFE,0x7FFE,0x7FFE,0x7FFE,0x7FFE,0x7FFE,0x7FFE,0x7FFE,0x7FFE,0x7FFE,0x7FFE,0x7FFE,0x7FFE,
0x7FFE,0x7FFE,0x7FFE,0x7FFE,0x7FFE,0x7FFE,0x7FFE,0x7FFE,0x7FFE,0x7FFE,0x7FFE,0x7FFE,0x7FFE,0x7FFE,0x7FFE,0x7FFE,
0x7FFE,0x7FFE,0x7FFE,0x7FFE,0x7FFE,0x7FFE,0x7FFE,0x7FFE,0x7FFE,0x7FFE,0x7FFE,0x7FFE,0x7FFE,0x7FFE,0x7FFE,0x7FFE,
0x7FFE,0x7FFE,0x7FFE,0x7FFE,0x7FFE,0x7FFE,0x7FFE,0x7FFE,0x7FFE,0x7FFE,0x7FFE,0x7FFE,0x7FFE,0x7FFE,0x7FFE,0x7FFE,
0x7FFE,0x7FFE,0x7FFE,0x7FFE,0x7FFE,0x7FFE,0x7FFE,0x7FFE,0x7FFE,0x7FFE,0x7FFE,0x7FFE,0x7FFE,0x7FFE,0x7FFE,0x7FFE,
0x7FFE,0x7FFE,0x7FFE,0x7FFE,0x7FFE,0x7FFE,0x7FFE,0x7FFE,0x7FFE,0x7FFE,0x7FFE,0x7FFE,0x7FFE,0x7FFE,0x7FFE,0x7FFE,
0x7FFE,0x7FFE,0x7FFE,0x7FFE,0x7FFE,0x7FFE,0x7FFE,0x7FFE,0x7FFE,0x7FFE,0x7FFE,0x7FFE,0x7FFE,0x7FFE,0x7FFE,0x7FFE,
0x7FFE,0x7FFE,0x7FFE,0x7FFE,0x7FFE,0x7FFE,0x7FFE,0x7FFE,0x7FFE,0x7FFE,0x7FFE,0x7FFE,0x7FFE,0x7FFE,0x7FFE,0x7FFE,
0x7FFE,0x7FFE,0x7FFE,0x7FFE,0x7FFE,0x7FFE,0x7FFE,0x7FFE,0x7FFE,0x7FFE,0x7FFE,0x7FFE,0x7FFE,0x7FFE,0x7FFE,0x7FFE,
0x7FFE,0x7FFE,0x7FFE,0x7FFE,0x7FFE,0x7FFE,0x7FFE,0x7FFE,0x7FFE,0x7FFE,0x7FFE,0x7FFE,0x7FFE,0x7FFE,0x7FFE,0x7FFE,
0x7FFE,0x7FFE,0x7FFE,0x7FFE,0x7FFE,0x7FFE,0x7FFE,0x7FFE,0x7FFE,0x7FFE,0x7FFE,0x7FFE,0x7FFE,0x7FFE,0x7FFE,0x7FFE,
0x7FFE,0x7FFE,0x7FFE,0x7FFE,0x7FFE,0x7FFE,0x7FFE,0x7FFE,0x7FFE,0x7FFE,0x7FFE,0x7FFE,0x7FFE,0x7FFE,0x7FFE,0x7FFE,
0x7FFE,0x7FFE,0x7FFE,0x7FFE,0x7FFE,0x7FFE,0x7FFE,0x7FFE,0x7FFE,0x7FFE,0x7FFE,0x7FFE,0x7FFE,0x7FFE,0x7FFE,0x7FFE,
0x7FFE,0x7FFE,0x7FFE,0x7FFE,0x7FFE,0x7FFE,0x7FFE,0x7FFE,0x7FFE,0x7FFE,0x7FFE,0x7FFE,0x7FFE,0x7FFE,0x7FFE,0x7FFE,
0x7FFE,0x7FFE,0x7FFE,0x7FFE,0x7FFE,0x7FFE,0x7FFE,0x7FFE,0x7FFE,0x7FFE,0x7FFE,0x7FFE,0x7FFE,0x7FFE,0x7FFE,0x7FFE,
0x7FFE,0x7FFE,0x7FFE,0x7FFE,0x7FFE,0x7FFE,0x7FFE,0x7FFE,0x7FFE,0x7FFE,0x7FFE,0x7FFE,0x7FFE,0x7FFE,0x7FFE,0x7FFE,
0x7FFE,0x7FFE,0x7FFE,0x7FFE,0x7FFE,0x7FFE,0x7FFE,0x7FFE,0x7FFE,0x7FFE,0x7FFE,0x7FFE,0x7FFE,0x7FFE,0x7FFE,0x7FFE,
0x7FFE,0x7FFE,0x7FFE,0x7FFE,0x7FFE,0x7FFE,0x7FFE,0x7FFE,0x7FFE,0x7FFE,0x7FFE,0x7FFE,0x7FFE,0x7FFE,0x7FFE,0x7FFE,
0x7FFE,0x7FFE,0x7FFE,0x7FFE,0x7FFE,0x7FFE,0x7FFE,0x7FFE,0x7FFE,0x7FFE,0x7FFE,0x7FFE,0x7FFE,0x7FFE,0x7FFE,0x7FFE,
0x7FFF,0x7FFF,0x7FFF,0x7FFF,0x7FFF,0x7FFF,0x7FFF,0x7FFF,0x7FFF,0x7FFF,0x7FFF,0x7FFF,0x7FFF,0x7FFF,0x7FFF,0x7FFF,
0x7FFF,0x7FFF,0x7FFF,0x7FFF,0x7FFF,0x7FFF,0x7FFF,0x7FFF,0x7FFF,0x7FFF,0x7FFF,0x7FFF,0x7FFF,0x7FFF,0x7FFF,0x7FFF,
0x7FFF,0x7FFF,0x7FFF,0x7FFF,0x7FFF,0x7FFF,0x7FFF,0x7FFF,0x7FFF,0x7FFF,0x7FFF,0x7FFF,0x7FFF,0x7FFF,0x7FFF,0x7FFF,
0x7FFF,0x7FFF,0x7FFF,0x7FFF,0x7FFF,0x7FFF,0x7FFF,0x7FFF,0x7FFF,0x7FFF,0x7FFF,0x7FFF,0x7FFF,0x7FFF,0x7FFF,0x7FFF,
0x7FFF,0x7FFF,0x7FFF,0x7FFF,0x7FFF,0x7FFF,0x7FFF,0x7FFF,0x7FFF,0x7FFF,0x7FFF,0x7FFF,0x7FFF,0x7FFF,0x7FFF,0x7FFF,
0x7FFF,0x7FFF,0x7FFF,0x7FFF,0x7FFF,0x7FFF,0x7FFF,0x7FFF,0x7FFF,0x7FFF,0x7FFF,0x7FFF,0x7FFF,0x7FFF,0x7FFF,0x7FFF,
0x7FFF,0x7FFF,0x7FFF,0x7FFF,0x7FFF,0x7FFF,0x7FFF,0x7FFF,0x7FFF,0x7FFF,0x7FFF,0x7FFF,0x7FFF,0x7FFF,0x7FFF,0x7FFF,
0x7FFF,0x7FFF,0x7FFF,0x7FFF,0x7FFF,0x7FFF,0x7FFF,0x7FFF,0x7FFF,0x7FFF,0x7FFF,0x7FFF,0x7FFF,0x7FFF,0x7FFF,0x7FFF,
0x7FFF,0x7FFF,0x7FFF,0x7FFF,0x7FFF,0x7FFF,0x7FFF,0x7FFF,0x7FFF,0x7FFF,0x7FFF,0x7FFF,0x7FFF,0x7FFF,0x7FFF,0x7FFF,
0x7FFF,0x7FFF,0x7FFF,0x7FFF,0x7FFF,0x7FFF,0x7FFF,0x7FFF,0x7FFF,0x7FFF,0x7FFF,0x7FFF,0x7FFF,0x7FFF,0x7FFF,0x7FFF,
0x7FFF,0x7FFF,0x7FFF,0x7FFF,0x7FFF,0x7FFF,0x7FFF,0x7FFF,0x7FFF,0x7FFF,0x7FFF,0x7FFF,0x7FFF,0x7FFF,0x7FFF,0x7FFF,
0x7FFF,0x7FFF,0x7FFF,0x7FFF,0x7FFF,0x7FFF,0x7FFF,0x7FFF,0x7FFF,0x7FFF,0x7FFF,0x7FFF,0x7FFF,0x7FFF,0x7FFF,0x7FFF,
0x7FFF,0x7FFF,0x7FFF,0x7FFF,0x7FFF,0x7FFF,0x7FFF,0x7FFF,0x7FFF,0x7FFF,0x7FFF,0x7FFF,0x7FFF,0x7FFF,0x7FFF,0x7FFF,
0x7FFF,0x7FFF,0x7FFF,0x7FFF,0x7FFF,0x7FFF,0x7FFF,0x7FFF,0x7FFF,0x7FFF,0x7FFF,0x7FFF,0x7FFF,0x7FFF,0x7FFF,0x7FFF,
0x7FFF,0x7FFF,0x7FFF,0x7FFF,0x7FFF,0x7FFF,0x7FFF,0x7FFF,0x7FFF,0x7FFF,0x7FFF,0x7FFF,0x7FFF,0x7FFF,0x7FFF,0x7FFF,
0x7FFF,0x7FFF,0x7FFF,0x7FFF,0x7FFF,0x7FFF,0x7FFF,0x7FFF,0x7FFF,0x7FFF,0x7FFF,0x7FFF,0x7FFF,0x7FFF,0x7FFF,0x7FFF,
0x7FFF,0x7FFF,0x7FFF,0x7FFF,0x7FFF,0x7FFF,0x7FFF,0x7FFF,0x7FFF,0x7FFF,0x7FFF,0x7FFF,0x7FFF,0x7FFF,0x7FFF,0x7FFF,
0x7FFF,0x7FFF,0x7FFF,0x7FFF,0x7FFF,0x7FFF,0x7FFF,0x7FFF,0x7FFF,0x7FFF,0x7FFF,0x7FFF,0x7FFF,0x7FFF,0x7FFF,0x7FFF,
0x7FFF,0x7FFF,0x7FFF,0x7FFF,0x7FFF,0x7FFF,0x7FFF,0x7FFF,0x7FFF,0x7FFF,0x7FFF,0x7FFF,0x7FFF,0x7FFF,0x7FFF,0x7FFF,
0x7FFF,0x7FFF,0x7FFF,0x7FFF,0x7FFF,0x7FFF,0x7FFF,0x7FFF,0x7FFF,0x7FFF,0x7FFF,0x7FFF,0x7FFF,0x7FFF,0x7FFF,0x7FFF,
0x7FFF,0x7FFF,0x7FFF,0x7FFF,0x7FFF,0x7FFF,0x7FFF,0x7FFF,0x7FFF,0x7FFF,0x7FFF,0x7FFF,0x7FFF,0x7FFF,0x7FFF,0x7FFF,
0x7FFF,0x7FFF,0x7FFF,0x7FFF,0x7FFF,0x7FFF,0x7FFF,0x7FFF,0x7FFF,0x7FFF,0x7FFF,0x7FFF,0x7FFF,0x7FFF,0x7FFF,0x7FFF,
0x7FFF,0x7FFF,0x7FFF,0x7FFF,0x7FFF,0x7FFF,0x7FFF,0x7FFF,0x7FFF,0x7FFF,0x7FFF,0x7FFF,0x7FFF,0x7FFF,0x7FFF,0x7FFF,
0x7FFF,0x7FFF,0x7FFF,0x7FFF,0x7FFF,0x7FFF,0x7FFF,0x7FFF,0x7FFF,0x7FFF,0x7FFF,0x7FFF,0x7FFF,0x7FFF,0x7FFF,0x7FFF,
0x7FFF,0x7FFF,0x7FFF,0x7FFF,0x7FFF,0x7FFF,0x7FFF,0x7FFF,0x7FFF,0x7FFF,0x7FFF,0x7FFF,0x7FFF,0x7FFF,0x7FFF,0x7FFF,
0x7FFF,0x7FFF,0x7FFF,0x7FFF,0x7FFF,0x7FFF,0x7FFF,0x7FFF,0x7FFF,0x7FFF,0x7FFF,0x7FFF,0x7FFF,0x7FFF,0x7FFF,0x7FFF,
0x7FFF,0x7FFF,0x7FFF,0x7FFF,0x7FFF,0x7FFF,0x7FFF,0x7FFF,0x7FFF,0x7FFF,0x7FFF,0x7FFF,0x7FFF,0x7FFF,0x7FFF,0x7FFF,
0x7FFF,0x7FFF,0x7FFF,0x7FFF,0x7FFF,0x7FFF,0x7FFF,0x7FFF,0x7FFF,0x7FFF,0x7FFF,0x7FFF,0x7FFF,0x7FFF,0x7FFF,0x7FFF,
0x7FFF,0x7FFF,0x7FFF,0x7FFF,0x7FFF,0x7FFF,0x7FFF,0x7FFF,0x7FFF,0x7FFF,0x7FFF,0x7FFF,0x7FFF,0x7FFF,0x7FFF,0x7FFF,
0x7FFF,0x7FFF,0x7FFF,0x7FFF,0x7FFF,0x7FFF,0x7FFF,0x7FFF,0x7FFF,0x7FFF,0x7FFF,0x7FFF,0x7FFF,0x7FFF,0x7FFF,0x7FFF,
0x7FFF,0x7FFF,0x7FFF,0x7FFF,0x7FFF,0x7FFF,0x7FFF,0x7FFF,0x7FFF,0x7FFF,0x7FFF,0x7FFF,0x7FFF,0x7FFF,0x7FFF,0x7FFF,
0x7FFF,0x7FFF,0x7FFF,0x7FFF,0x7FFF,0x7FFF,0x7FFF,0x7FFF,0x7FFF,0x7FFF,0x7FFF,0x7FFF,0x7FFF,0x7FFF,0x7FFF,0x7FFF,
0x7FFF,0x7FFF,0x7FFF,0x7FFF,0x7FFF,0x7FFF,0x7FFF,0x7FFF,0x7FFF,0x7FFF,0x7FFF,0x7FFF,0x7FFF,0x7FFF,0x7FFF,0x7FFF,
0x7FFF,0x7FFF,0x7FFF,0x7FFF,0x7FFF,0x7FFF,0x7FFF,0x7FFF,0x7FFF,0x7FFF,0x7FFF,0x7FFF,0x7FFF,0x7FFF,0x7FFF,0x7FFF,
0x7FFF,0x7FFF,0x7FFF,0x7FFF,0x7FFF,0x7FFF,0x7FFF,0x7FFF,0x7FFF,0x7FFF,0x7FFF,0x7FFF,0x7FFF,0x7FFF,0x7FFF,0x7FFF,
0x7FFF,0x7FFF,0x7FFF,0x7FFF,0x7FFF,0x7FFF,0x7FFF,0x7FFF,0x7FFF,0x7FFF,0x7FFF,0x7FFF,0x7FFF,0x7FFF,0x7FFF,0x7FFF,
0x7FFF,0x7FFF,0x7FFF,0x7FFF,0x7FFF,0x7FFF,0x7FFF,0x7FFF,0x7FFF,0x7FFF,0x7FFF,0x7FFF,0x7FFF,0x7FFF,0x7FFF,0x7FFF,
0x7FFF,0x7FFF,0x7FFF,0x7FFF,0x7FFF,0x7FFF,0x7FFF,0x7FFF,0x7FFF,0x7FFF,0x7FFF,0x7FFF,0x7FFF,0x7FFF,0x7FFF,0x7FFF,
0x7FFF,0x7FFF,0x7FFF,0x7FFF,0x7FFF,0x7FFF,0x7FFF,0x7FFF,0x7FFF,0x7FFF,0x7FFF,0x7FFF,0x7FFF,0x7FFF,0x7FFF,0x7FFF,
0x7FFF,0x7FFF,0x7FFF,0x7FFF,0x7FFF,0x7FFF,0x7FFF,0x7FFF,0x7FFF,0x7FFF,0x7FFF,0x7FFF,0x7FFF,0x7FFF,0x7FFF,0x7FFF,
0x7FFF,0x7FFF,0x7FFF,0x7FFF,0x7FFF,0x7FFF,0x7FFF,0x7FFF,0x7FFF,0x7FFF,0x7FFF,0x7FFF,0x7FFF,0x7FFF,0x7FFF,0x7FFF,
0x7FFF,0x7FFF,0x7FFF,0x7FFF,0x7FFF,0x7FFF,0x7FFF,0x7FFF,0x7FFF,0x7FFF,0x7FFF,0x7FFF,0x7FFF,0x7FFF,0x7FFF,0x7FFF,
0x7FFF,0x7FFF,0x7FFF,0x7FFF,0x7FFF,0x7FFF,0x7FFF,0x7FFF,0x7FFF,0x7FFF,0x7FFF,0x7FFF,0x7FFF,0x7FFF,0x7FFF,0x7FFF,
0x7FFF,0x7FFF,0x7FFF,0x7FFF,0x7FFF,0x7FFF,0x7FFF,0x7FFF,0x7FFF,0x7FFF,0x7FFF,0x7FFF,0x7FFF,0x7FFF,0x7FFF,0x7FFF,
0x7FFF,0x7FFF,0x7FFF,0x7FFF,0x7FFF,0x7FFF,0x7FFF,0x7FFF,0x7FFF,0x7FFF,0x7FFF,0x7FFF,0x7FFF,0x7FFF,0x7FFF,0x7FFF,
0x7FFF,0x7FFF,0x7FFF,0x7FFF,0x7FFF,0x7FFF,0x7FFF,0x7FFF,0x7FFF,0x7FFF,0x7FFF,0x7FFF,0x7FFF,0x7FFF,0x7FFF,0x7FFF,
0x7FFF,0x7FFF,0x7FFF,0x7FFF,0x7FFF,0x7FFF,0x7FFF,0x7FFF,0x7FFF,0x7FFF,0x7FFF,0x7FFF,0x7FFF,0x7FFF,0x7FFF,0x7FFF,
0x7FFF,0x7FFF,0x7FFF,0x7FFF,0x7FFF,0x7FFF,0x7FFF,0x7FFF,0x7FFF,0x7FFF,0x7FFF,0x7FFF,0x7FFF,0x7FFF,0x7FFF,0x7FFF,
0x7FFF,0x7FFF,0x7FFF,0x7FFF,0x7FFF,0x7FFF,0x7FFF,0x7FFF,0x7FFF,0x7FFF,0x7FFF,0x7FFF,0x7FFF,0x7FFF,0x7FFF,0x7FFF,
0x7FFF,0x7FFF,0x7FFF,0x7FFF,0x7FFF,0x7FFF,0x7FFF,0x7FFF,0x7FFF,0x7FFF,0x7FFF,0x7FFF,0x7FFF,0x7FFF,0x7FFF,0x7FFF,
0x7FFF,0x7FFF,0x7FFF,0x7FFF,0x7FFF,0x7FFF,0x7FFF,0x7FFF,0x7FFF,0x7FFF,0x7FFF,0x7FFF,0x7FFF,0x7FFF,0x7FFF,0x7FFF,
0x7FFF,0x7FFF,0x7FFF,0x7FFF,0x7FFF,0x7FFF,0x7FFF,0x7FFF,0x7FFF,0x7FFF,0x7FFF,0x7FFF,0x7FFF,0x7FFF,0x7FFF,0x7FFF,
0x7FFF,0x7FFF,0x7FFF,0x7FFF,0x7FFF,0x7FFF,0x7FFF,0x7FFF,0x7FFF,0x7FFF,0x7FFF,0x7FFF,0x7FFF,0x7FFF,0x7FFF,0x7FFF,
0x7FFF,0x7FFF,0x7FFF,0x7FFF,0x7FFF,0x7FFF,0x7FFF,0x7FFF,0x7FFF,0x7FFF,0x7FFF,0x7FFF,0x7FFF,0x7FFF,0x7FFF,0x7FFF,
0x7FFF,0x7FFF,0x7FFF,0x7FFF,0x7FFF,0x7FFF,0x7FFF,0x7FFF,0x7FFF,0x7FFF,0x7FFF,0x7FFF,0x7FFF,0x7FFF,0x7FFF,0x7FFF,
0x7FFF,0x7FFF,0x7FFF,0x7FFF,0x7FFF,0x7FFF,0x7FFF,0x7FFF,0x7FFF,0x7FFF,0x7FFF,0x7FFF,0x7FFF,0x7FFF,0x7FFF,0x7FFF,
0x7FFF,0x7FFF,0x7FFF,0x7FFF,0x7FFF,0x7FFF,0x7FFF,0x7FFF,0x7FFF,0x7FFF,0x7FFF,0x7FFF,0x7FFF,0x7FFF,0x7FFF,0x7FFF,
0x7FFF,0x7FFF,0x7FFF,0x7FFF,0x7FFF,0x7FFF,0x7FFF,0x7FFF,0x7FFF,0x7FFF,0x7FFF,0x7FFF,0x7FFF,0x7FFF,0x7FFF,0x7FFF,
0x7FFF,0x7FFF,0x7FFF,0x7FFF,0x7FFF,0x7FFF,0x7FFF,0x7FFF,0x7FFF,0x7FFF,0x7FFF,0x7FFF,0x7FFF,0x7FFF,0x7FFF,0x7FFF,
0x7FFF,0x7FFF,0x7FFF,0x7FFF,0x7FFF,0x7FFF,0x7FFF,0x7FFF,0x7FFF,0x7FFF,0x7FFF,0x7FFF,0x7FFF,0x7FFF,0x7FFF,0x7FFF,
0x7FFF,0x7FFF,0x7FFF,0x7FFF,0x7FFF,0x7FFF,0x7FFF,0x7FFF,0x7FFF,0x7FFF,0x7FFF,0x7FFF,0x7FFF,0x7FFF,0x7FFF,0x7FFF,
0x7FFF,0x7FFF,0x7FFF,0x7FFF,0x7FFF,0x7FFF,0x7FFF,0x7FFF,0x7FFF,0x7FFF,0x7FFF,0x7FFF,0x7FFF,0x7FFF,0x7FFF,0x7FFF,
0x7FFF,0x7FFF,0x7FFF,0x7FFF,0x7FFF,0x7FFF,0x7FFF,0x7FFF,0x7FFF,0x7FFF,0x7FFF,0x7FFF,0x7FFF,0x7FFF,0x7FFF,0x7FFF,
0x7FFF,0x7FFF,0x7FFF,0x7FFF,0x7FFF,0x7FFF,0x7FFF,0x7FFF,0x7FFF,0x7FFF,0x7FFF,0x7FFF,0x7FFF,0x7FFF,0x7FFF,0x7FFF,
};

